Modelo;ene-22;feb-22;mar-22;abr-22;may-22;jun-22;jul-22;ago-22;sep-22;oct-22;nov-22;dic-22;ene-23;feb-23;mar-23;abr-23;may-23;jun-23;jul-23;ago-23;sep-23;oct-23;nov-23;dic-23;ene-24;feb-24;mar-24;abr-24;may-24;jun-24;jul-24;ago-24;sep-24;oct-24;nov-24;dic-24;ene-25;feb-25;mar-25;abr-25;may-25;jun-25;jul-25;ago-25;sep-25;oct-25;nov-25;dic-25;ene-26
FIAT CRONOS;6124;4112;4081;3007;2840;2442;3034;3179;3002;2853;2721;1379;7118;4069;4342;3541;3804;3483;4256;4253;4528;3965;3111;1110;4768;2756;2156;2175;1980;2075;2848;2048;2188;2493;1772;774;4318;3014;2676;2474;3163;2906;3136;2246;2090;1854;1294;737;264
PEUGEOT 208;3232;1811;2252;2094;1769;1363;2792;2962;2497;1915;2006;960;3899;2950;3606;3443;3736;4159;3896;2709;2282;2981;1834;961;3490;1911;1990;2536;2474;2023;3205;2707;3081;2506;2606;1158;5352;2905;2349;2769;2857;2343;2463;1871;1746;2253;1404;781;208
TOYOTA HILUX;2358;1623;2167;1872;1964;2147;2418;2077;2171;1799;2308;1735;2904;1888;2605;2389;2828;2601;2976;2778;2505;2395;2497;2343;2082;1393;1467;2134;2573;2328;3459;3293;3199;2980;2479;1609;3431;2483;2766;3418;2821;2239;2545;2380;2507;2538;1835;1811;306
VOLKSWAGEN AMAROK;2105;1601;1708;1325;1813;1845;2160;1978;1899;1883;1836;1100;2976;1652;1969;2189;2876;2475;2584;2639;2963;2923;2837;1711;2195;1205;895;1069;1497;1348;1488;1459;2248;2264;1898;826;3678;2109;1816;2093;2081;1883;2363;2370;2026;1624;935;636;164
FORD RANGER;1147;864;1274;1275;838;639;935;1366;1354;1222;1298;989;2753;1560;2003;1884;1646;1367;2149;2849;2720;2233;1956;1124;2049;1410;1340;1876;1920;1826;2874;2353;2186;1957;1835;1379;3682;1699;2035;2141;2149;2126;2470;2181;2230;2042;1258;969;202
TOYOTA YARIS;913;551;748;882;1381;1587;1541;1659;1424;1519;1424;688;1291;564;1119;1014;818;997;1154;1109;448;1070;1287;281;828;1221;1838;2189;2313;1474;2148;1822;1728;2301;1856;1149;2041;1690;2491;3024;3486;2815;3653;3787;3046;2263;1262;594;209
TOYOTA COROLLA CROSS;1026;635;775;908;1052;1086;1232;1246;1096;1374;1423;838;1547;702;963;902;981;1308;1287;1078;433;975;917;257;397;771;1084;1402;1626;1214;1777;1675;1322;1785;1501;867;2652;1202;1346;1384;1532;1817;2221;2012;1698;1343;555;389;200
VOLKSWAGEN POLO;67;23;202;191;523;687;1085;1021;927;1144;665;373;1443;520;570;565;412;533;782;414;316;1047;613;180;571;745;799;852;970;973;1685;2379;2863;2085;1052;934;2450;1154;1738;2110;2243;2344;2402;2116;1507;1465;995;802;129
VOLKSWAGEN TAOS;678;447;584;523;682;927;956;1013;800;629;798;413;1141;707;1086;563;668;707;1276;1163;1239;1055;1100;752;1345;932;754;753;1046;1198;1942;1322;1255;1210;984;451;2014;1680;1863;1829;1608;1330;1446;1386;1274;1144;634;317;72
CHEVROLET TRACKER;362;156;412;389;257;491;458;353;315;266;446;326;1585;817;1013;628;942;812;1048;1533;1190;1319;936;542;1362;695;482;1213;1131;664;895;761;829;888;1260;775;2023;1283;1437;1702;1486;1661;1727;1491;1773;1536;908;623;229
TOYOTA ETIOS;1780;1286;1649;1193;1677;1284;1526;1707;1276;1667;1910;1194;2498;1807;2645;1820;2002;2454;2278;2452;1304;2317;1700;512;392;255;209;137;89;72;89;45;50;35;23;10;12;6;2;8;4;;1;;;1;;1;
TOYOTA COROLLA;1021;747;908;791;892;884;1226;1073;582;843;993;502;1147;461;657;683;736;804;969;971;407;734;1139;444;416;781;1080;1215;1076;848;1239;815;847;1080;880;593;1288;707;702;1111;937;737;817;759;869;767;368;215;70
RENAULT KANGOO II;1260;975;1132;1049;1055;1142;1206;1330;1381;1186;1687;754;1645;1250;1652;1412;1712;1598;1383;1391;1430;1862;1756;984;978;459;427;411;506;416;390;249;125;161;174;99;480;308;294;204;159;109;219;252;201;236;138;80;10
NISSAN FRONTIER;604;438;772;562;658;668;673;629;745;632;667;470;943;635;1196;938;1248;1245;1192;1059;1226;1376;1031;642;623;375;356;687;593;405;725;735;682;663;520;411;717;691;691;650;628;611;535;442;509;431;280;299;21
CHEVROLET CRUZE;1482;1072;1472;1309;1913;1770;1590;1080;829;967;1113;623;1133;603;864;873;1118;969;1197;884;605;596;359;129;391;176;152;456;1127;846;754;358;155;133;73;69;46;31;5;3;4;;2;1;;;2;;
CHEVROLET ONIX;559;263;255;517;459;529;655;724;675;516;558;360;1018;534;526;616;420;320;388;542;161;153;521;196;355;261;298;363;206;117;242;387;389;596;270;328;748;853;1069;1261;1247;1283;1874;1275;1359;1216;902;620;161
JEEP RENEGADE;1064;642;711;337;423;202;197;272;638;248;847;360;915;555;387;593;481;798;498;93;193;785;289;143;787;727;541;788;582;430;732;862;731;684;426;188;1373;597;744;796;912;914;1171;853;817;778;550;248;76
RENAULT SANDERO;1033;604;786;680;832;752;790;926;994;979;830;398;868;679;1011;995;1052;902;1132;1070;790;678;715;440;547;527;418;363;411;449;509;437;384;500;378;362;660;397;271;156;111;80;148;205;187;122;105;129;17
FORD TERRITORY;329;243;482;237;521;281;169;93;510;317;211;64;197;133;275;158;414;478;722;190;293;525;562;89;544;629;334;333;271;389;490;346;781;844;732;221;1306;480;1663;1158;1026;593;770;1437;2024;1719;1080;811;234
VOLKSWAGEN NIVUS;57;242;306;372;415;495;452;488;408;365;427;210;302;297;550;190;215;213;292;106;206;492;586;225;195;130;323;656;770;605;770;788;638;607;639;303;1252;764;729;842;1011;1099;1426;1195;1027;689;513;308;75
RENAULT LOGAN;694;344;463;426;482;554;769;727;817;845;684;352;592;231;697;633;556;749;751;769;627;571;673;386;546;431;445;293;410;435;582;421;422;321;286;272;571;604;479;507;298;268;422;354;286;376;587;361;33
RENAULT Stepway;279;213;465;457;364;697;696;857;824;750;610;260;409;234;614;574;752;801;895;1013;874;1055;815;495;675;445;428;393;430;588;495;394;241;187;170;89;304;283;246;184;259;200;263;294;228;248;387;152;14
PEUGEOT 2008;487;229;232;136;173;166;316;326;135;36;104;27;16;50;110;31;116;77;82;17;1;3;3;2;;;;;;;58;521;1209;1070;630;213;2286;1191;886;1055;1051;1600;1822;1460;1470;1262;832;432;174
JEEP COMPASS;281;210;297;318;349;274;411;399;235;135;159;70;239;158;203;265;376;355;223;99;77;361;319;91;453;332;355;236;222;411;440;379;551;844;515;212;1047;595;993;1024;1102;1058;1139;795;1209;893;583;249;108
TOYOTA SW4;472;321;457;342;337;400;391;211;109;63;268;356;741;409;569;533;588;573;684;527;412;430;357;265;272;268;372;471;539;491;728;722;654;557;382;209;820;592;595;632;499;430;508;439;525;490;326;215;93
MERCEDES BENZ SPRINTER;453;321;389;360;431;428;388;467;505;428;416;189;585;339;343;296;572;600;601;653;491;583;611;304;495;188;184;263;282;315;491;646;485;470;382;232;532;403;282;339;320;320;422;491;581;612;478;356;50
VOLKSWAGEN T-CROSS;12;10;159;412;388;403;213;204;123;81;43;86;112;88;83;30;203;295;247;87;81;343;394;59;47;141;420;404;461;550;687;595;319;712;657;374;1269;984;1191;1253;1070;752;780;804;640;486;362;241;68
FIAT TORO;484;356;419;421;479;330;515;344;235;110;70;47;195;200;273;94;229;248;184;78;171;433;125;70;331;279;326;502;425;355;267;440;593;635;409;157;954;694;787;774;721;703;882;686;610;394;374;176;95
FIAT STRADA;477;237;253;290;264;722;506;286;389;216;188;44;136;86;242;132;399;284;262;167;158;248;40;11;38;79;460;684;447;276;208;528;606;642;440;146;813;616;661;807;766;623;751;673;728;767;402;214;67
NISSAN KICKS;665;417;380;342;319;304;317;403;376;424;302;256;531;180;334;397;340;450;605;450;265;532;480;136;254;244;333;473;278;454;175;304;286;292;291;240;481;244;255;297;510;712;632;839;632;531;200;186;36
RENAULT KANGOO;;3;;1;4;2;1;;;;;;;;2;4;;;;;;;;;;102;292;339;473;569;969;723;599;862;736;485;906;842;988;1041;1289;1033;1251;1129;859;820;536;429;71
PEUGEOT PARTNER;716;309;452;347;373;540;496;421;247;416;365;177;340;294;391;364;492;498;517;418;240;189;171;136;275;231;241;290;281;267;235;193;297;171;204;92;500;237;142;201;248;305;442;447;489;383;355;166;19
CITROEN C4 CACTUS;900;790;824;660;445;867;822;876;587;509;344;134;432;144;117;125;149;242;366;100;305;464;355;101;451;362;344;415;377;292;371;316;370;400;216;79;364;150;157;105;42;9;10;4;3;3;3;1;
FIAT PULSE;;1;7;249;566;920;578;429;311;360;196;64;271;113;135;174;218;165;118;43;118;178;97;22;62;188;231;270;257;175;195;417;466;529;335;116;961;545;506;511;506;533;493;324;566;612;359;157;77
RENAULT KARDIAN;;;;;;;;;;;;;;;;;;;;;;;;;;;;;;;2;577;808;692;675;392;1444;807;1187;1205;940;1085;1014;495;1380;938;494;356;49
CITROEN C3;56;9;2;4;1;3;1;1;121;59;150;33;229;309;356;366;710;343;614;93;202;660;277;102;511;200;237;569;412;305;446;292;268;376;348;122;491;451;345;399;411;431;663;511;504;601;405;246;63
CITROEN BERLINGO;763;301;342;256;292;357;362;441;168;239;327;253;853;323;339;251;556;554;487;289;148;324;241;183;327;240;220;217;179;182;254;195;231;182;84;32;429;213;220;173;277;263;315;286;287;333;300;127;31
FORD MAVERICK;;107;90;127;611;331;419;352;40;2;10;60;593;272;213;189;307;265;274;76;191;659;300;129;248;67;165;228;291;505;491;504;337;360;361;94;46;3;60;334;770;245;746;484;411;519;466;229;40
RENAULT KWID;19;16;13;4;1;1;;1;2;;;;;;;;;;;;;;;;;;43;34;13;12;4;5;10;8;6;404;854;536;587;845;1256;1517;1993;1393;1063;1113;661;467;68
CHEVROLET S10;319;210;215;232;293;242;225;175;142;236;206;151;322;142;125;94;218;282;254;142;77;197;117;53;106;102;67;68;78;66;180;367;385;243;162;124;286;288;199;514;514;580;618;537;539;510;341;289;52
RENAULT ALASKAN;402;308;424;338;343;450;417;394;446;357;291;222;292;173;323;255;235;285;327;406;332;485;356;240;313;89;56;177;136;108;199;258;268;219;146;68;98;110;144;179;160;98;164;144;141;209;83;50;60
FIAT MOBI;549;156;54;168;390;325;269;176;157;90;43;16;69;85;198;49;148;54;17;3;4;1;;;2;;27;1;;2;1;247;406;493;421;169;1063;373;605;833;1084;981;760;222;164;141;111;159;66
CITROEN C3 AIRCROSS;2;;;;;;;;;;;;;;;;;;;;;;;;;;2;77;246;366;487;405;478;595;518;237;1352;747;834;775;711;600;622;393;426;441;295;182;79
FIAT FIORINO;;;13;160;171;115;125;189;201;96;76;23;43;38;127;90;75;85;58;40;52;70;22;7;18;17;96;354;325;168;154;358;453;457;320;137;584;616;490;316;75;17;674;532;837;464;354;196;66
RENAULT DUSTER;81;69;18;1;66;88;40;88;51;37;36;111;264;152;131;54;46;72;200;62;125;223;146;155;357;166;111;222;248;149;189;94;363;383;321;194;598;303;503;459;557;489;418;167;385;252;176;123;13
RAM RAMPAGE;;;;;;;;;;;;;;;;;;;;;;;;;100;182;214;318;317;250;376;353;442;384;357;136;755;409;392;385;414;409;424;411;384;393;225;114;56
FIAT FASTBACK;;;;;;;;;;;;;;;;;;;;;;;;2;;;;6;90;167;227;353;462;408;315;119;691;373;442;542;651;794;822;456;362;327;223;115;42
FORD TRANSIT;101;101;129;145;137;165;149;118;234;286;314;184;267;186;191;135;174;233;204;223;136;170;194;117;116;77;48;53;101;119;200;201;164;101;56;47;190;135;66;158;140;123;151;135;112;84;28;38;4
CITROEN BASALT;;;;;;;;;;;;;;;;;;;;;;;;;;;;;;;;;;;;5;351;481;628;761;559;636;807;345;794;601;373;208;45
CHEVROLET MONTANA;;;;;;;;;;;;;;;;;;;45;65;32;76;63;22;30;13;21;16;20;25;129;182;155;123;176;149;314;263;312;361;465;506;555;400;471;409;512;483;47
IVECO 170 E;119;130;141;155;221;210;229;216;211;179;162;107;171;125;145;122;199;125;129;167;139;156;138;69;56;44;63;82;98;93;179;162;157;177;134;118;131;97;94;133;145;92;116;90;95;83;43;46;2
FIAT ARGO;500;150;172;91;80;103;122;87;80;74;46;12;26;36;133;81;117;54;22;7;2;1;;2;1;1;;;2;1;;1;;;;;;;;;502;713;749;692;549;506;277;223;70
FORD BRONCO SPORT;313;140;53;40;104;117;84;163;104;96;160;42;180;143;154;113;46;37;47;21;17;233;69;118;203;34;49;77;68;129;165;159;109;102;62;26;51;48;13;530;219;202;188;124;351;404;217;103;33
FORD ECOSPORT;439;527;614;489;397;329;280;262;357;403;362;209;515;298;335;238;97;37;18;4;6;10;8;5;2;5;1;;;;;;;;3;;;;;;;;1;;;;;;
VOLKSWAGEN SAVEIRO;179;53;18;41;46;16;38;92;49;92;65;10;10;6;3;;61;192;123;44;16;31;49;28;101;339;201;179;145;113;162;157;131;143;137;74;395;326;368;309;298;245;183;195;214;172;172;107;31
RENAULT OROCH;;;;;;;;15;84;74;43;60;76;102;141;191;247;236;308;208;121;122;102;63;202;90;44;94;97;76;73;193;153;168;152;92;256;253;168;219;206;203;292;170;213;130;100;61;9
NISSAN VERSA;420;195;191;141;96;74;89;115;204;190;132;36;52;17;28;166;53;10;147;30;81;181;154;77;114;194;134;170;87;38;60;35;106;42;51;91;136;33;38;32;123;118;328;286;265;189;59;72;6
HONDA HR-V;119;100;44;81;77;67;97;93;73;79;77;50;101;104;96;72;58;51;62;36;34;27;27;37;43;26;61;109;98;102;166;190;156;181;132;83;296;179;227;250;243;146;225;181;177;210;134;90;21
TOYOTA HIACE;84;50;110;54;106;104;72;61;36;70;76;21;151;95;92;108;84;65;121;97;49;64;81;59;45;62;88;92;131;116;170;190;173;173;160;110;214;136;105;159;118;174;222;226;221;173;72;62;5
VOLKSWAGEN TERA;;;;;;;;;;;;;;;;;;;;;;;;;;;;;;;;;;;;;;;;;;;10;175;1042;1355;1347;850;170
CHEVROLET SPIN;71;30;37;73;93;33;39;14;26;61;30;4;35;37;88;56;95;74;85;89;36;60;63;16;36;29;28;42;42;19;40;31;28;11;18;68;149;176;132;216;230;248;402;434;314;365;195;116;28
VOLKSWAGEN NUEVO VIRTUS;;;;;;;;;;;;;;;;;;;;;;65;155;164;149;164;138;237;177;158;173;138;181;272;310;223;396;338;248;308;252;157;94;49;31;26;8;8;1
IVECO DAILY;108;89;125;125;128;145;143;145;142;95;102;72;140;65;82;90;60;66;68;141;89;104;112;45;83;61;40;52;67;39;67;69;45;68;79;60;69;60;76;79;95;57;67;58;53;67;45;39;6
HYUNDAI HB 20;;;;;;;;;;;;;;;;;;;;;;;;;;;;;;;;;;;;43;197;271;259;232;224;259;343;336;381;327;217;265;28
JEEP COMMANDER;14;43;77;60;111;103;83;105;70;37;51;52;104;37;42;30;42;36;24;31;26;22;20;17;74;21;20;18;18;9;29;46;42;50;35;26;82;64;123;139;99;131;169;193;183;146;81;60;10
HYUNDAI CRETA;78;70;67;78;82;76;25;43;33;35;17;11;33;12;38;56;30;43;49;64;44;30;28;17;46;39;68;46;89;28;27;51;51;90;74;53;156;90;97;106;118;167;133;95;89;86;36;54;7
NISSAN SENTRA;153;61;103;76;80;85;143;139;96;100;69;20;89;100;130;51;24;29;54;40;15;40;50;16;54;25;57;47;61;63;69;30;28;39;36;18;30;13;15;8;41;77;103;100;110;74;40;18;2
VOLKSWAGEN VIRTUS;28;23;47;110;241;282;143;100;66;75;56;49;51;12;122;55;21;26;28;4;5;;;;;;;;;;;;;;;;;;;;;38;79;184;132;173;86;194;25
MERCEDES BENZ ATEGO 1729 S;34;13;27;15;24;41;20;12;17;36;49;16;55;30;36;40;57;74;75;91;67;68;104;44;78;57;50;79;71;60;123;114;107;110;93;37;117;44;55;66;41;23;21;12;3;4;4;1;
IVECO STRALIS;2;3;6;6;22;15;15;10;10;18;23;12;46;25;22;38;40;43;38;36;41;40;45;37;36;29;23;53;67;53;90;45;46;51;51;45;164;93;78;113;93;113;133;139;82;87;53;35;11
VOLKSWAGEN GOL TREND;535;230;55;858;457;163;22;13;7;2;1;1;1;3;1;1;;;;;;;;;;;;;;;;;;3;1;;;;;;;;;;;;;;
BAIC BJ30;;;;;;;;;;;;;;;;;;;;;;;;;;;;;;;;;;;;;;1;36;31;10;36;15;157;371;778;565;246;90
NISSAN X-TRAIL;12;21;17;11;22;25;23;16;11;7;;2;23;13;12;9;1;2;57;37;39;107;88;19;30;35;48;48;56;65;134;113;108;79;40;28;60;66;55;56;51;28;13;120;193;188;71;59;8
MERCEDES BENZ ATEGO 1721;40;50;42;45;47;40;42;35;51;44;43;27;56;48;59;51;40;38;56;57;44;38;43;28;38;44;41;44;44;55;68;70;70;53;34;34;63;27;45;56;60;53;71;75;53;74;34;38;7
MERCEDES BENZ ACCELO 815;60;67;61;68;68;67;72;77;58;87;65;32;71;53;84;60;79;51;48;74;34;45;53;38;48;57;23;45;52;32;75;48;59;96;44;42;91;55;22;6;3;8;3;2;1;4;2;;
VOLKSWAGEN TIGUAN;7;9;8;7;25;23;48;54;24;11;8;32;48;10;3;97;39;71;37;14;21;53;49;32;33;16;15;14;25;35;66;79;62;63;56;29;75;46;73;101;123;129;128;99;83;110;57;26;11
CHERY TIGGO 4;69;65;55;49;59;33;42;38;38;21;30;21;57;37;37;29;36;17;18;44;32;27;39;18;24;27;23;37;44;43;42;49;61;41;62;41;110;52;45;51;65;49;66;64;44;58;58;43;31
BAIC X55;3;2;1;6;5;;2;3;4;7;5;4;15;14;9;5;5;8;4;28;21;12;3;;2;7;24;38;59;19;28;36;62;91;52;50;117;80;123;191;184;86;123;193;92;107;101;82;22
FORD F-150;80;87;47;24;23;19;13;16;6;1;4;8;22;22;57;92;95;76;52;39;22;14;13;16;23;15;16;9;8;3;1;9;53;56;69;48;151;34;53;39;109;45;86;79;100;99;53;31;17
KIA K3;;;;;;;;;;;;;;;;;;;;;;;;;;;;;;;;;;;;6;;;29;252;237;191;224;311;284;152;186;145;16
VOLKSWAGEN VENTO;20;16;12;11;3;15;19;22;14;7;20;31;31;17;16;6;75;86;41;39;43;82;65;14;16;18;5;8;16;24;54;121;95;76;35;10;65;116;68;85;30;43;55;63;50;55;32;17;8
MERCEDES BENZ ACCELO 1016;56;31;35;62;44;41;54;54;49;46;27;22;67;35;57;46;55;38;28;61;29;30;31;18;36;29;17;22;38;34;53;36;48;64;60;44;109;78;48;38;16;2;5;2;5;3;3;;
RAM 1500;182;101;89;77;82;69;37;12;10;11;8;10;64;20;21;15;13;12;12;7;8;22;45;19;72;41;24;34;25;20;37;22;10;15;9;3;8;5;56;93;86;49;40;30;39;25;16;7;
IVECO TECTOR;9;14;15;13;5;7;13;14;9;14;8;10;14;15;10;24;44;35;25;53;69;25;31;21;17;18;15;9;20;15;19;22;22;22;28;19;60;36;69;144;179;87;82;83;64;60;53;39;11
PEUGEOT 3008;64;31;21;88;74;63;68;85;30;17;22;25;73;38;43;33;30;24;89;40;12;41;27;10;65;76;35;56;48;33;56;85;56;31;21;11;14;2;;1;;1;2;;;;;;
HAVAL JOLION;;;;;;;;;;;;;;;1;8;2;11;7;11;;2;4;1;;;;6;20;20;18;11;7;34;22;27;50;49;55;51;47;68;230;239;186;187;136;85;22
HONDA ZR-V;;;;;;;;;;;;;;;;;;;;;7;39;27;21;47;25;52;110;82;68;123;59;108;57;24;24;79;73;83;104;73;49;68;48;37;61;32;24;7
MERCEDES BENZ BMO 384;38;22;24;40;19;17;9;23;16;33;16;;22;9;13;24;27;22;39;43;30;25;30;2;43;39;20;22;52;20;81;41;44;32;16;31;87;55;60;28;53;35;69;52;61;47;14;11;19
HAVAL H6;7;7;5;2;2;4;3;1;2;;;;12;15;5;9;5;4;11;8;2;8;4;1;3;;4;1;6;11;17;15;17;14;16;11;30;8;17;23;23;66;90;111;277;263;202;135;58
CITROEN JUMPY;91;29;36;33;73;69;67;52;31;22;16;7;92;27;16;7;11;48;27;3;1;3;1;;3;;;7;14;27;34;18;35;24;28;3;57;7;2;89;119;64;73;29;45;21;23;20;5
MERCEDES BENZ O 500;39;35;28;8;70;14;14;15;43;34;77;8;28;10;15;19;6;13;22;21;21;42;4;37;41;5;17;17;13;19;19;31;29;40;22;60;67;60;26;40;43;53;55;36;41;61;34;28;6
RENAULT CAPTUR;88;193;107;94;105;71;88;37;30;92;244;197;40;13;13;2;3;3;;;;;;;;;;;;;;;;;1;;;;;;;;;;;;;;
FIAT TITANO;;;;;;;;;;;;;;;;;;;;;;;;;;;;;;;;;;;;;;;;;;6;85;174;310;407;243;147;45
FOTON TM1;20;9;6;7;8;9;46;57;27;25;18;19;32;64;32;25;32;37;33;29;25;27;24;5;3;9;21;21;49;41;62;46;40;25;21;46;54;20;45;61;35;34;36;32;18;23;14;31;2
AUDI Q3;8;2;3;11;11;10;19;23;15;14;10;14;18;16;18;18;33;46;47;48;26;21;14;9;4;8;21;17;15;23;18;24;51;72;49;24;78;46;41;45;52;35;50;52;73;62;38;21;11
PEUGEOT EXPERT;93;17;29;56;72;68;66;56;26;19;32;11;70;16;19;6;2;27;13;4;2;1;2;;;;;;1;;;28;33;32;19;3;62;33;4;119;99;75;35;9;13;15;54;18;11
SOLA Y BRUSA BARANDAS VOLCABLES 4 EJES;21;40;61;34;36;50;60;57;40;40;53;30;46;33;74;43;27;25;21;16;21;16;11;6;14;15;16;23;16;11;19;13;27;11;22;7;33;22;30;23;22;14;28;15;30;36;22;13;3
CHEVROLET EQUINOX;4;57;46;25;30;29;28;26;10;23;24;19;38;34;36;34;48;46;44;31;41;31;15;3;12;2;6;7;39;40;122;155;88;47;24;12;5;1;;;3;1;;;;;;;
MERCEDES BENZ ATEGO 1729;16;29;27;16;24;16;18;14;19;19;11;14;32;16;24;22;34;21;36;63;31;35;24;32;33;42;15;29;53;61;76;45;60;42;39;41;49;32;12;9;6;3;8;11;14;1;2;8;
AGRALE MT 17.0 LE;59;42;43;23;15;46;38;39;37;40;9;;46;26;15;32;52;26;35;41;23;25;4;;10;12;16;5;;18;33;26;36;49;24;10;35;23;18;8;12;6;52;40;37;38;34;1;12
MERCEDES BENZ BMO 368 VERSION 1621;46;20;29;89;61;34;26;42;57;34;15;2;20;29;11;32;34;34;28;33;36;32;18;12;18;4;21;42;27;18;21;17;44;13;8;6;22;12;39;9;32;23;36;18;22;18;1;2;4
RENAULT ARKANA;;;;;;;;;;;;;;;;;;;;;;;;;;;;;;;;;;;;;5;;;5;98;108;55;221;187;184;204;98;20
FORD EVEREST;;;;;;;;;;;;;;;;;;;;;;;;;;;;;;;;;;;;;;4;;;8;65;446;173;78;145;121;121;21
CHEVROLET TRAILBLAZER;24;25;17;9;13;15;15;5;12;19;5;11;10;6;3;8;9;8;5;6;4;3;1;;1;;;1;12;21;26;34;21;35;36;14;15;6;3;74;70;98;93;94;84;93;67;33;10
RENAULT MASTER;;;;;;;;;;;;;2;15;25;3;14;17;3;16;10;9;5;8;12;3;2;3;5;11;31;24;18;7;2;6;30;12;39;63;79;65;101;90;163;101;60;28;6
TOYOTA RAV4;34;17;39;40;41;45;25;33;29;16;13;25;25;27;24;13;26;9;8;7;2;1;1;1;;1;;5;;;;;;;;;;;;11;6;29;99;114;95;92;55;52;10
PEUGEOT BOXER;20;34;57;47;26;39;39;44;39;7;11;8;47;36;30;29;13;17;3;3;2;1;6;1;3;14;6;10;19;13;13;21;23;15;25;9;43;53;20;95;8;10;15;1;40;32;12;7;
MERCEDES BENZ ACTROS 2545;;;;;;;;;;;;;6;6;9;5;3;2;6;11;9;14;14;2;14;9;13;14;16;6;10;16;8;14;20;13;53;59;64;62;82;76;80;113;78;50;29;19;8
KYC MAMUT;34;23;34;26;39;24;33;31;18;6;14;13;11;14;17;8;11;7;14;9;14;15;16;17;10;11;15;7;16;10;25;22;28;28;31;18;29;32;15;31;28;19;35;28;25;40;23;15;1
MERCEDES BENZ BMO 368 VERSION 1721;54;37;36;30;26;18;23;5;11;2;22;3;15;10;5;37;22;14;26;16;26;9;13;3;9;11;10;14;7;11;23;38;24;24;8;20;34;20;28;31;11;15;34;27;32;51;8;12;2
CITROEN JUMPER;18;39;49;32;25;51;53;70;30;21;6;12;33;33;25;11;11;12;6;4;1;2;;3;1;5;11;4;13;6;13;13;33;30;21;12;59;59;9;19;16;24;1;;29;16;5;10;1
IVECO 600 S;13;8;21;31;34;31;44;53;42;41;52;13;34;22;16;29;47;51;24;25;17;16;25;5;9;10;33;15;37;23;30;11;10;17;24;8;22;6;3;1;;1;;1;;;;;
MERCEDES BENZ GLC 300;12;5;;19;19;6;9;5;4;1;1;3;2;;3;1;7;31;27;7;1;;;;;19;28;37;30;25;38;39;38;43;28;12;64;19;50;45;50;29;35;41;34;33;21;9;7
AUDI Q5;3;2;;4;1;;;21;3;5;1;4;9;15;20;14;17;12;6;6;9;6;5;4;3;4;31;22;25;20;26;32;40;40;40;21;82;44;59;41;29;47;64;18;14;8;6;25;10
MERCEDES BENZ OF 1621;26;27;34;48;66;57;50;42;27;20;35;2;60;35;31;16;39;30;21;14;36;23;14;13;8;12;5;4;1;2;3;8;19;11;3;8;8;9;1;3;3;;3;3;2;2;1;;12
BAIC X35;7;6;20;8;15;8;5;2;8;4;3;2;6;3;5;13;17;10;13;13;9;1;3;3;4;8;14;16;18;13;30;8;20;35;48;43;36;26;38;85;58;26;57;14;19;46;16;28;3
IVECO 150 E;2;2;4;17;10;12;32;30;24;34;34;31;36;26;17;25;43;23;30;27;19;27;54;11;26;11;16;12;12;11;14;23;20;30;23;33;27;12;11;7;13;8;4;5;;2;2;;
RENAULT KOLEOS;6;3;9;10;;24;12;19;4;3;1;4;3;13;9;12;10;9;8;4;5;12;4;1;17;6;8;4;4;5;20;13;30;94;12;17;46;5;92;66;15;4;2;7;71;76;67;19;3
HONDA CRV;2;4;3;5;8;11;10;3;16;4;10;7;21;10;33;28;19;26;22;20;15;23;20;17;13;6;12;14;15;7;13;11;27;51;39;19;55;50;38;49;33;18;17;20;6;12;5;14;
IVECO 260 E;16;13;12;21;7;7;16;12;24;10;26;11;42;28;29;35;31;32;25;31;23;36;38;15;11;7;4;7;7;10;9;18;25;32;22;18;25;25;15;10;13;14;11;13;8;17;6;10;
AUDI A3;;;;1;;;;;;;;;;;;;14;16;23;17;22;24;29;6;17;13;32;27;22;17;27;14;15;13;12;3;67;46;49;44;42;41;48;31;35;34;37;16;7
FOTON AUMARK;6;8;7;9;2;3;19;11;13;12;7;9;10;13;4;4;6;11;13;10;17;10;27;9;5;5;5;9;15;3;43;38;35;46;61;31;38;33;32;43;31;15;13;18;13;58;10;12;3
SHINERAY T30;20;16;28;17;20;14;12;16;20;11;22;10;13;16;8;15;20;15;14;25;23;13;15;17;11;28;10;23;25;24;28;25;15;12;4;5;3;1;1;47;19;31;35;30;19;25;10;12;
IVECO 240 E;20;17;16;13;11;11;8;6;16;16;26;12;21;15;24;17;39;18;23;23;21;27;20;8;18;10;14;10;12;28;25;22;21;14;16;12;26;9;21;15;15;32;19;25;13;20;7;7;3
DANES ST 3EC DD;17;11;17;29;19;22;22;13;22;9;12;14;25;19;26;6;23;19;20;24;27;22;10;9;20;13;15;21;20;7;42;22;29;2;25;6;17;23;10;22;24;13;23;16;11;10;6;7;
AUDI A1;10;7;7;11;5;13;14;19;15;9;9;12;20;22;5;14;15;7;12;15;11;14;16;15;15;16;20;21;16;14;11;14;21;16;22;5;28;18;24;54;48;36;26;29;24;29;18;11;2
BMW X1;11;13;16;20;22;21;14;9;5;1;7;10;1;;1;4;11;7;6;;11;16;21;3;12;12;13;18;9;14;24;15;1;22;40;17;34;21;19;13;32;45;39;27;46;33;65;33;1
SCANIA G410;33;28;21;29;19;28;26;30;26;20;24;11;26;20;25;12;28;34;20;24;15;18;15;;5;4;9;15;19;13;9;15;30;34;24;4;26;23;10;13;3;7;12;8;6;2;3;5;
MERCEDES BENZ A200;11;3;5;5;3;1;19;10;10;7;3;7;42;7;11;3;8;14;25;47;16;28;16;7;29;18;13;28;22;20;26;10;4;11;10;7;33;28;32;35;35;27;30;20;22;22;17;7;12
HERMANN BARANDA VOLCABLE S.BV.3E.67 2+1;17;20;56;23;27;26;48;23;33;24;31;10;19;28;24;26;27;16;27;19;23;17;14;6;9;11;8;17;8;7;16;22;10;7;7;6;7;5;12;8;6;12;7;17;6;9;18;5;
KIA K2500;29;39;34;24;9;17;16;8;7;1;4;7;15;8;11;7;4;7;9;12;9;14;12;9;9;8;12;12;16;12;18;18;33;38;19;19;29;22;19;37;41;27;39;17;11;23;17;14;1
IVECO 450 C;30;15;16;38;20;22;37;37;44;17;22;8;34;8;17;14;19;20;21;35;24;13;20;6;13;9;9;8;14;6;25;22;16;27;21;9;19;13;7;9;7;7;11;5;3;7;3;1;1
SCANIA P410;17;22;17;19;8;17;24;36;34;28;21;16;29;21;20;31;23;24;26;21;17;36;17;4;4;2;8;8;21;20;19;17;25;38;23;19;30;23;4;5;8;2;;;;;;;
OMBU SBVT3E2+1;13;16;16;11;5;24;12;16;13;7;14;7;7;10;27;14;12;10;16;13;11;6;11;8;8;11;9;19;18;8;21;36;25;16;20;18;20;36;28;33;29;20;24;25;23;37;13;7;
MERCEDES BENZ ATEGO 1932;;;;;;;;;;;;;;;;;;;;;;;;;;;;;;;;;;;;;;;8;60;126;103;137;139;100;42;62;19;4
DS DS7;;;;;;;;;;;;;;;;3;16;13;15;19;12;26;25;10;24;20;28;31;23;21;35;31;29;11;5;5;31;19;31;55;49;24;37;20;38;20;8;37;
IVECO TECTOR 90-190;13;11;9;14;12;14;11;17;10;13;11;15;17;5;12;10;12;13;15;25;28;36;32;15;21;15;13;12;20;20;29;19;13;32;21;10;35;16;4;25;12;17;13;17;8;5;7;3;
MERCEDES BENZ ATEGO 1732;;;;;;;;;;;;;;;;;;;;;;;;;;;;;;;;;;;;;;;34;83;104;85;84;93;79;88;54;46;5
IVECO 490 S;20;23;16;18;20;20;34;27;22;28;21;17;35;20;13;31;23;27;22;30;20;16;13;8;13;17;9;16;25;21;34;24;17;16;10;5;7;2;3;2;3;;1;;;;1;1;
SOLA Y BRUSA BDAS. VOLC. 3 EJES- 1 DESPLAZ. SUSP. NEUM. DIREC.;10;17;15;13;10;7;17;17;15;9;13;6;19;7;24;17;21;18;19;33;20;18;18;8;5;11;17;20;18;7;18;12;14;20;13;9;19;19;15;24;22;13;22;21;12;17;12;20;
PEUGEOT 308;480;154;70;24;2;7;1;2;;1;;;;;;;;4;;;;;;1;;;;;;;;;;;;;;;;;;;;;;;;;
MERCEDES BENZ ATEGO 1726;25;23;24;22;30;12;24;14;14;12;12;8;25;29;12;15;29;24;27;24;13;9;24;8;29;10;10;27;16;27;16;24;9;10;6;3;20;19;17;8;5;1;4;1;1;;2;;
MERCEDES BENZ VITO;41;34;28;23;15;24;14;11;9;7;15;2;18;21;32;20;31;15;13;15;18;12;14;3;5;2;7;7;5;8;10;17;21;32;6;4;6;1;1;1;;13;15;18;25;36;7;12;4
VOLKSWAGEN CONSTELLATION 17.280;;;;;;;;;;;;;;;;;;;;;;;1;;1;1;;4;1;1;1;4;32;64;50;30;76;48;43;46;40;48;52;45;30;30;22;22;6
VOLKSWAGEN 17280;12;3;15;12;33;21;25;16;6;5;6;7;20;7;12;19;5;15;13;10;4;8;17;5;9;21;10;19;29;26;44;40;23;7;2;;1;7;6;16;24;24;15;34;6;9;10;13;2
CHEVROLET SILVERADO;;;;;;;;;;;;;;;;;;;;;;;;;;;;;;;;;;;3;4;170;27;43;44;75;46;38;44;65;68;43;14;7
MERCEDES BENZ AXOR 2544;10;19;28;24;36;30;14;14;20;7;7;2;9;8;12;3;10;28;19;16;15;16;9;6;18;28;13;25;35;19;40;22;6;5;6;13;35;10;13;6;5;1;3;;;;;;
HERMANN BARANDA VOLCABLE A.BV.4E.11;23;26;22;16;23;22;23;21;31;28;16;8;17;21;11;13;16;15;9;12;5;10;6;3;6;7;2;6;10;8;11;12;15;14;16;3;16;17;13;11;10;7;12;11;12;15;10;8;
VOLVO FM 410;23;18;23;8;15;20;17;16;18;10;3;1;11;14;9;6;17;5;12;24;10;19;15;7;12;8;;18;8;2;3;5;7;16;6;4;30;12;33;10;21;17;22;28;19;17;17;9;
BMW 118;17;12;6;10;9;6;9;5;4;3;10;7;4;4;3;3;5;5;17;2;3;9;9;6;7;13;5;19;31;35;39;15;6;9;3;1;;7;9;24;37;21;26;38;31;14;54;15;4
DS DS4;;;;;1;;;3;4;8;16;5;27;18;21;24;13;19;30;34;14;18;25;2;5;4;9;9;12;14;31;17;12;15;15;6;37;15;23;31;13;15;14;20;9;9;5;6;2
AGRALE A8700;10;10;19;8;9;21;12;21;9;7;8;19;16;11;14;10;15;25;16;16;16;20;13;15;14;8;3;7;21;6;12;10;15;19;20;9;17;13;9;25;13;11;9;6;11;16;9;5;
BMW X3;8;11;3;1;2;2;1;5;10;9;11;4;5;4;8;9;17;29;27;5;10;23;30;26;6;8;8;8;9;8;2;6;2;4;5;1;3;3;13;7;26;6;25;38;75;63;20;17;5
VOLKSWAGEN DELIVERY 11.180;2;;2;4;5;4;5;7;4;1;3;8;7;5;3;5;11;7;7;7;1;12;10;5;8;18;10;14;25;23;33;24;35;32;18;15;29;17;12;24;29;28;13;20;15;23;13;6;3
ZANELLA Z TRUCK;30;13;24;19;23;6;15;23;7;4;6;3;8;11;9;17;10;8;9;13;11;21;13;5;3;5;6;11;16;14;28;27;33;20;13;13;23;8;13;13;13;6;2;6;9;8;6;7;
KIA CARNIVAL;;;4;27;11;18;6;3;2;1;3;7;19;13;17;13;8;13;8;16;9;5;6;2;9;9;11;18;16;13;8;7;7;23;19;12;27;8;2;47;29;28;19;18;17;22;16;7;1
FORD KUGA;79;9;6;25;21;24;30;62;42;28;19;4;12;1;3;1;2;;1;2;;33;41;10;17;9;4;5;5;16;36;21;8;7;;;1;3;;2;7;;;;;;;;
HERMANN VUELCO TRASERO S.VT.3E.83 2+1;13;12;14;6;11;12;13;10;15;13;25;7;10;9;11;20;16;14;10;7;5;7;5;2;5;12;3;13;5;7;15;13;24;10;16;5;2;17;18;12;18;16;12;20;16;19;19;14;1
RANDON SR.CG-02+01;10;10;26;7;5;12;9;24;11;27;13;7;16;27;5;14;13;9;14;29;3;10;4;5;3;3;6;5;13;10;17;30;14;17;16;9;15;17;14;16;11;17;6;10;3;1;8;4;2
FOTON AUMAN;;;;;;;;;1;;;5;;;;;;;;;;6;2;3;2;13;5;8;13;5;26;23;23;26;12;10;19;26;21;66;27;38;44;39;29;39;20;20;1
MERCEDES BENZ ACTROS 2548;20;21;17;15;21;12;24;18;5;6;11;6;11;5;12;6;6;4;6;5;3;7;7;6;13;12;8;7;16;12;25;18;9;15;10;5;17;20;18;29;23;14;13;11;6;4;1;4;
HINO 300;6;5;5;3;8;10;2;2;3;2;2;3;13;4;25;25;26;44;37;30;9;35;31;5;4;7;7;4;13;4;9;18;17;19;13;8;16;16;4;10;6;6;6;3;6;6;8;8;
CITROEN C5 AIRCROSS;15;18;13;20;10;18;36;35;18;11;4;2;29;16;7;9;4;6;15;8;4;26;14;11;16;12;5;6;8;12;21;23;10;12;15;6;10;9;12;6;5;4;1;1;3;;;;
VOLVO FH 500;24;2;9;13;12;25;14;20;13;4;3;5;9;6;2;8;7;4;11;14;14;6;5;2;5;2;2;7;7;8;7;13;12;5;7;13;33;3;13;16;21;12;24;43;19;19;4;7;8
PEUGEOT NUEVO 3008;;;;;;;;;;;;;;;;;;;;;;;;;;;;;;;;;;;;;;;;;;;;44;218;157;82;26;13
MERCEDES BENZ GLA 200;2;1;2;5;12;4;8;1;;;;;1;;;;;13;43;31;4;8;3;1;1;;14;30;19;8;2;17;14;23;18;6;35;15;25;22;19;7;21;23;21;31;16;10;2
SOLA Y BRUSA VOLCADOR 3 EJES-1 DESPLAZ. SUSP. NEUM.DIREC.;8;9;12;13;12;5;7;6;6;8;3;4;4;5;17;4;9;12;16;13;17;11;6;5;6;10;11;17;12;7;14;8;22;17;11;14;10;12;17;15;16;16;11;15;16;26;12;7;
MERCEDES BENZ OF 1721;8;13;10;33;20;15;1;6;9;2;35;7;2;2;;4;3;21;4;;8;;;2;5;5;1;15;13;;19;8;6;5;9;37;21;30;19;9;12;18;18;18;17;9;8;5;
MITSUBISHI L200;11;9;9;9;10;12;6;5;6;7;6;4;3;12;14;18;7;6;11;12;7;4;10;5;4;4;1;2;6;;5;7;11;14;18;14;8;12;5;16;29;15;25;26;35;18;11;13;6
MERCEDES BENZ AXOR 2036 S;15;23;25;20;10;13;12;7;10;4;6;3;5;5;9;6;3;7;19;9;5;18;8;3;15;7;8;18;14;9;20;29;35;17;22;17;30;10;4;1;2;;;1;1;1;;;
BMW X2;13;9;10;10;12;5;14;1;2;1;6;2;5;4;6;8;3;14;25;2;4;3;10;4;1;2;1;5;3;2;;;;11;53;27;42;16;12;13;16;32;16;15;27;17;17;4;
KIA SELTOS;14;7;1;1;7;1;2;9;13;2;2;4;8;10;14;9;7;6;7;6;6;8;8;5;2;3;6;5;3;1;;1;2;5;8;17;41;21;19;23;28;23;35;25;29;24;12;12;1
SCANIA R500;14;4;14;12;14;28;11;5;13;6;3;3;10;11;5;3;14;7;18;7;2;4;6;4;1;3;4;7;8;3;2;5;8;12;2;2;10;10;11;44;16;22;24;30;22;28;8;3;
SCANIA P420;;;;;;;;;;;;;;;;;;;;;;;;;;;;;;;;;;7;2;5;18;25;51;35;86;33;32;28;54;40;28;46;12
CORADIR TITO;;;1;3;17;19;21;16;19;10;22;10;7;8;16;26;28;15;29;21;19;8;12;23;30;16;5;11;8;2;6;2;2;9;5;1;4;2;5;2;7;1;7;4;;1;2;1;
DS DS7 CROSSBACK;76;30;25;53;40;36;47;22;22;13;9;28;33;14;10;4;5;4;1;2;;;2;;;;;;;1;;;;;;;;;;;;;;;;;;;
VULCANO AMG3II;18;16;24;20;23;27;18;21;13;5;12;5;10;16;13;8;10;4;5;3;1;2;1;2;;13;2;10;8;4;3;11;3;4;4;7;2;13;9;14;15;14;10;6;9;17;11;6;
FORD MUSTANG;15;16;4;2;;7;6;1;1;;3;2;27;27;12;12;30;23;9;11;4;9;18;7;11;4;1;1;3;3;1;2;10;26;;4;25;4;9;10;5;9;23;1;2;54;14;;3
KIA SPORTAGE;16;6;6;2;2;2;2;4;2;2;2;2;2;2;;;3;;1;1;1;1;12;5;10;7;9;9;11;10;6;19;16;28;27;14;40;29;35;9;31;11;7;4;8;27;14;8;3
MERCEDES BENZ C300;;;1;;3;7;29;8;;;4;1;27;17;8;3;6;4;7;9;5;8;9;3;7;2;2;5;9;24;27;16;15;9;5;5;18;6;;;;;29;38;19;33;17;9;12
BYD SONG PRO;;;;;;;;;;;;;;;;;;;;;;;;;;;;;;;;;;;;;;;;;;;;;6;43;127;150;139
SCANIA R410;17;19;18;17;20;15;20;17;13;15;19;2;14;9;7;15;13;10;5;14;3;4;4;1;3;5;5;10;1;6;6;10;13;13;7;4;10;18;9;9;10;12;8;4;2;4;3;2;
HERMANN PALETERO S.PA.3E.71 2+1;4;7;4;9;10;8;5;15;9;4;4;6;12;20;5;8;13;14;14;21;12;11;27;8;5;8;7;11;6;1;1;7;6;6;11;5;7;6;16;11;18;18;18;11;6;14;7;3;
AUDI Q2;3;;4;;;2;5;22;21;7;5;10;16;8;7;10;7;5;7;7;10;13;16;3;5;2;7;9;15;10;6;12;8;12;5;2;7;7;11;19;7;5;19;16;24;31;15;13;3
HYUNDAI TUCSON;3;1;1;;;1;2;;;1;;;1;;2;;1;;1;;;1;1;3;;1;;;;1;;;13;10;8;5;19;21;16;25;32;49;64;55;35;40;18;18;6
IVECO 460 S;7;6;11;11;18;12;12;4;9;9;11;10;15;11;10;10;19;16;15;18;8;15;10;9;8;12;19;8;15;11;20;12;10;7;5;2;9;4;6;11;9;3;4;1;2;;;;
MERCEDES BENZ GLA 250;;5;6;9;10;7;7;5;4;3;3;4;14;4;1;1;;9;10;14;5;5;1;1;1;1;2;3;1;;1;2;26;25;10;16;23;17;21;14;10;7;33;38;18;20;22;3;7
PEUGEOT 408;241;116;54;19;9;4;1;;;;;2;;;;;;;;;;;;;;;;;;;;;;;;;;;;;;;;;;;;;
MERCEDES BENZ ACTROS 2045;5;6;;2;10;9;14;6;;3;1;2;1;3;3;3;1;3;;7;3;5;6;4;4;10;5;8;10;9;10;5;5;3;4;3;15;28;29;41;24;26;22;24;14;21;16;5;2
CITROEN C4 LOUNGE;213;96;57;15;12;2;1;3;5;;1;;;;;;;11;1;2;;;2;;;;;;1;;;;;;;;;;;;;;;;;;1;;
SUZUKI JIMNY;11;7;8;5;3;8;11;1;5;3;2;2;2;2;4;2;3;3;2;2;;2;7;3;;2;1;2;6;3;;10;11;9;4;11;5;34;18;9;12;33;32;15;32;25;28;22;
MERCEDES BENZ ACCELO 916;;;;;;;;;;;;;;;;;;;;;;;;;;;;;;;;;;;;;;;12;38;41;39;57;67;52;50;32;30;3
CORMETAL SCXB21;2;7;11;16;11;7;6;8;14;12;13;9;14;4;10;10;20;15;11;7;9;15;8;8;3;13;2;2;8;6;12;8;9;13;4;6;14;6;11;3;7;4;6;5;14;4;7;4;
IVECO 530 S;3;5;3;13;4;11;6;10;13;14;14;8;32;16;13;20;20;21;17;17;8;6;5;3;8;7;7;12;10;5;4;3;1;3;9;5;15;8;9;12;5;6;2;1;1;;2;;
AUDI A4;;2;2;9;16;9;14;8;5;3;6;6;6;7;7;10;34;17;35;29;8;13;7;4;6;2;9;10;15;7;8;7;13;15;5;12;13;7;9;4;7;4;2;4;;;;;
MINI MINI COOPER;3;3;11;7;13;6;2;5;4;;4;7;;5;2;3;7;14;6;7;4;7;11;20;4;2;3;8;7;3;10;10;12;7;12;7;20;11;12;9;5;13;11;26;22;17;14;15;
HYUNDAI HB 20s;;;;;;;;;;;;;;;;;;;;;;;;;;;;;;;;;;;;;;;;;30;34;69;70;69;64;32;36;5
VOLVO FH 420;15;4;10;17;14;15;17;7;9;9;5;1;6;9;1;2;2;5;3;2;6;6;2;1;4;1;6;5;3;3;4;8;15;12;6;5;10;3;13;14;22;13;26;22;19;11;8;3;3
JAC S2;4;4;10;7;5;4;1;1;6;2;3;6;2;1;;;;;1;3;;;2;2;1;1;;1;2;;;1;;16;24;14;31;16;28;25;30;30;45;22;22;11;9;4;3
VOLVO XC40;5;4;3;;6;7;6;3;6;2;3;5;9;14;11;2;2;1;5;19;10;21;11;7;8;14;11;5;10;20;23;28;22;34;10;9;10;5;4;7;6;1;5;2;;2;;2;
SCANIA G420;;;;;;;;;;;;;;;;;;;;;;;;;;;;1;;;;;;;1;4;12;5;21;47;30;29;40;51;43;65;31;18;
OMBU ABV4E960;14;19;14;22;11;9;15;12;12;18;5;5;5;6;10;8;10;4;3;5;3;1;4;1;1;4;3;10;5;6;10;7;9;7;9;4;6;13;10;13;11;5;7;9;7;13;5;7;
HELVETICA SR 3E 1+2 BV;6;8;12;9;7;9;8;12;9;8;4;9;8;11;13;15;9;8;17;10;10;29;15;4;9;3;6;2;5;11;;9;8;11;7;5;16;6;4;6;7;4;1;7;9;;2;1;
MERCEDES BENZ GLB 250;11;6;9;7;;2;19;10;16;13;11;6;8;3;3;2;12;2;14;2;2;2;3;2;2;;1;2;1;1;1;2;12;16;15;21;14;13;8;15;25;9;11;11;17;7;3;6;4
MERCEDES BENZ ACCELO 1116;;;;;;;;;;;;;;;;;;;;;;;;;;;;;;;;;;;;;;;9;42;55;36;51;50;43;45;25;22;3
FIAT DUCATO;20;32;23;18;37;45;40;50;36;21;14;6;10;2;9;5;3;2;1;1;;2;;;;1;;1;;;;;;;;1;;;;;;;;;;;;;
CHERY TIGGO 2;56;52;47;22;16;37;14;21;10;7;6;8;6;7;2;3;5;1;;1;1;4;1;2;1;3;1;4;2;1;1;3;6;3;2;4;2;;1;3;1;;;;;1;5;5;
BMW 330;13;7;5;9;6;3;6;10;7;9;10;7;6;4;6;5;2;11;9;2;;10;11;3;3;6;2;5;11;23;15;1;1;1;;3;5;7;11;9;15;15;13;21;12;6;15;12;2
IVECO 180 C;9;2;6;7;17;16;20;20;12;9;13;6;15;6;10;5;6;12;5;6;3;7;6;1;;4;6;4;12;6;11;14;5;7;9;4;9;7;3;10;7;4;11;11;1;;1;4;
VOLKSWAGEN DELIVERY 9.170;2;2;8;8;6;2;11;10;1;1;3;2;9;4;1;5;4;4;4;5;4;9;1;1;2;7;3;7;14;5;15;26;17;22;14;9;36;14;22;19;16;4;2;;;;;;
DFSK K01H;1;1;;;;;;;;;;;;;;;;;;;;;;1;;1;;1;6;2;13;13;18;19;23;14;20;12;13;16;17;25;30;35;25;18;20;9;1
SCANIA K450;;;;;;;;;;;;;;;;;;;1;1;;2;;1;24;5;;2;2;7;8;7;7;10;8;6;34;11;10;6;14;25;20;28;26;21;24;26;16
SUBARU FORESTER;8;9;4;1;2;7;7;3;8;1;3;11;6;4;3;5;6;1;3;3;;1;4;10;;10;17;7;14;24;16;19;7;15;1;14;6;8;12;9;5;7;19;8;15;8;;1;
BONANO ACOPLADO BARANDA VOLCABLE DE 4 EJES;12;19;17;16;22;22;14;23;17;16;16;4;;;;;5;8;2;7;3;2;4;;1;3;1;4;2;6;7;6;6;1;4;2;4;5;4;12;6;8;7;6;7;7;6;3;
SCANIA P320;9;4;11;7;15;3;6;9;16;9;5;7;8;2;7;6;2;1;1;4;7;1;2;2;2;3;2;2;;1;8;2;3;2;1;1;10;12;5;11;8;12;20;28;24;21;10;13;1
IVECO 200 S;;4;7;8;12;9;13;13;5;12;8;9;23;4;8;11;7;7;11;5;1;9;7;5;4;5;4;8;16;6;13;10;10;14;9;9;6;5;10;5;5;1;2;3;1;1;;;
PATRONELLI SEMV21;;;;;;;;;;;;;;;;;;6;7;4;10;8;4;5;;3;4;20;4;9;11;24;17;9;9;11;14;6;20;19;30;16;27;12;12;13;7;3;
DFSK C31;12;6;6;9;7;14;12;4;2;5;5;10;2;2;;2;1;2;;1;7;3;11;1;2;3;1;2;6;2;1;6;12;13;9;11;22;12;14;11;12;7;4;14;13;16;8;14;1
BMW M240;11;2;2;5;1;6;8;3;4;1;2;1;3;;2;4;3;7;12;3;2;2;11;11;3;6;3;10;9;10;9;5;7;8;10;5;5;12;7;;2;4;20;26;24;16;17;10;1
JETOUR X70;11;12;16;11;5;4;9;4;3;;2;1;4;;5;2;5;5;3;4;6;9;7;9;1;1;4;3;2;3;9;8;6;2;3;9;10;6;10;16;16;17;11;19;16;7;9;7;1
IVECO 410 T;6;4;8;5;3;7;5;4;5;9;11;5;13;12;16;13;9;19;13;9;14;5;19;4;5;2;7;4;4;3;12;9;9;5;13;4;5;4;7;;4;3;1;2;3;;;;
DFSK C35;7;3;4;5;6;4;10;5;3;1;1;1;;1;7;1;6;2;;2;5;4;1;2;2;5;6;4;3;2;1;11;9;11;4;11;18;10;11;9;14;10;4;23;20;18;18;13;2
SCANIA R450;18;22;11;12;12;7;11;14;12;14;13;1;13;6;11;4;6;3;17;12;5;8;4;1;1;3;3;4;2;2;9;8;13;4;6;6;8;3;3;2;2;1;;3;;;;;
MERCEDES BENZ GLB 200;10;6;16;2;3;2;7;;3;30;14;1;8;2;3;9;8;4;6;13;4;9;12;2;11;3;3;6;13;7;12;4;1;3;7;1;4;3;2;3;14;10;11;7;10;5;1;2;1
DS DS3 CROSSBACK;23;22;18;39;36;9;6;8;25;19;19;7;42;15;17;5;3;1;;1;;;;;;;;1;1;;;;;;;;;;;;;;;;;;;;
HELVETICA AC 4E 2+2 BV;15;11;9;17;5;21;11;10;16;8;13;4;7;3;7;11;9;1;6;4;7;3;2;4;2;1;;1;1;3;7;8;8;5;3;2;8;6;6;8;9;8;7;3;5;1;3;2;
BMW M135;12;9;4;2;3;3;6;6;1;4;3;3;5;2;7;3;9;11;25;2;2;7;10;8;1;2;2;;;;1;1;3;4;3;6;;5;6;11;9;19;37;21;2;7;15;5;2
LAMBERT S12IP;3;8;7;5;4;8;9;5;3;4;7;2;6;3;5;4;19;4;4;13;3;9;10;10;1;7;4;2;5;2;5;8;5;7;6;4;7;4;13;10;9;5;7;10;7;6;6;12;
KIA RIO;39;8;31;12;5;8;10;14;13;1;1;1;11;10;7;10;16;9;17;11;6;3;4;1;11;14;9;8;3;4;4;2;;2;1;;;;;;;;;;;;;;
LEXUS NX;2;4;6;6;5;;2;3;;;4;3;5;13;9;3;11;22;8;17;12;5;5;;5;2;4;3;1;2;3;9;1;4;4;6;14;10;11;16;9;8;15;8;7;10;8;;1
CHANGAN MD201;7;8;10;7;11;10;10;9;8;13;11;6;16;15;16;12;9;2;6;7;2;9;16;19;5;5;3;3;6;1;3;4;4;3;3;8;3;2;5;;1;3;2;;;;1;1;
AGRALE MT 15.0 LE;30;12;22;5;12;5;15;27;8;3;1;;6;10;4;6;10;10;;5;10;10;;;2;;4;4;;;;8;8;6;3;4;7;8;1;7;;3;;7;8;8;5;;
LAMBERT S12BVT;6;4;14;5;8;6;7;8;13;2;4;11;2;1;3;5;9;4;5;2;4;17;4;3;3;;3;13;2;5;7;12;9;3;3;7;2;5;3;8;19;4;8;5;5;5;8;8;
SCANIA G460;;;;;;;;;;;;;;;;;;;;;;;;;;;;;1;;;;;;1;6;7;9;18;21;17;40;39;28;39;31;28;6;1
SUBARU OUTBACK;;;;;;;4;4;2;3;;;;2;;5;5;;;;;;4;10;;;17;13;9;4;11;5;8;13;4;8;8;14;19;34;19;28;16;6;8;3;3;1;1
BONANO SEMIRREMOLQUE TERMICO DE 1D+2D EJES;;;;3;;6;2;;2;;1;;1;10;6;;1;5;4;12;4;5;8;1;2;11;6;4;10;6;5;13;14;13;11;2;5;12;10;11;15;10;8;15;14;8;10;3;
JAC JS4;;;;;;;;;;;;;;;;;;;;;;;;;;;;;;;;;;;;;;20;10;34;32;34;25;33;35;22;29;13;1
RANDON SR BA 02 + 01;8;3;4;6;14;3;8;7;6;6;9;2;5;1;9;5;9;9;2;4;;6;3;3;1;1;3;1;2;6;9;9;10;10;3;7;7;3;7;3;11;10;8;8;9;8;12;6;2
MERCEDES BENZ AXOR 2536;8;15;20;9;11;10;10;7;10;3;4;1;8;4;7;6;8;7;6;5;1;1;;;1;;1;;;;1;16;26;11;13;18;20;6;1;4;2;1;;1;;;;;
RENAULT DUSTER OROCH;62;55;49;50;38;13;7;;3;1;;2;;;;;;;1;;;;;;;;;1;;;;;;;;;;;;;;;;;;;;;
HELVETICA SR 3E 1+2 ST;4;2;4;9;5;10;9;7;2;7;1;1;7;2;8;3;4;5;2;4;9;2;4;;3;3;1;3;;2;7;14;6;7;4;5;8;10;8;9;10;7;17;10;8;13;8;5;2
BMW 320;2;5;7;3;4;8;2;2;6;3;5;11;2;2;5;2;3;5;8;2;3;2;4;6;1;11;8;2;2;4;3;5;11;10;6;7;11;4;1;1;2;7;10;14;18;14;13;7;4
SALTO SCV3E;;;;;;;;;;;;;;;;;;;;;;2;8;;4;3;4;4;6;1;11;31;25;1;5;1;6;8;8;16;30;15;26;9;8;6;7;30;
SALTO SRBV3E;5;35;6;11;20;24;8;9;7;7;6;3;12;13;13;8;3;3;14;4;8;3;3;1;;3;1;;2;2;1;2;1;;2;15;4;4;;6;2;;1;;;2;;;
BMW 430;2;5;3;1;2;3;1;1;;1;2;3;3;3;;1;5;17;19;5;6;7;7;5;6;6;4;8;5;6;11;11;4;5;9;5;9;3;9;7;5;14;15;13;7;5;1;1;1
VOLKSWAGEN CONSTELLATION 17.230;1;4;2;1;5;7;2;6;18;6;5;1;3;1;10;2;1;10;5;5;;4;2;13;2;2;;3;5;8;4;9;12;7;11;13;21;17;11;11;10;5;1;2;1;2;1;;
GROSS BARANDA VOLCABLE 9.30 MTS (D2-D2);7;25;18;18;14;14;13;17;10;10;4;3;2;13;13;8;6;4;1;2;3;1;3;;6;4;1;3;1;2;3;3;5;2;1;2;2;4;1;1;2;5;4;1;2;1;2;3;1
AUDI A5;;;1;;;;;;;;;;1;4;2;2;3;5;3;3;3;4;3;1;2;;3;1;3;3;2;5;3;2;5;;3;1;1;2;2;4;35;51;43;32;22;5;1
CORMETAL SBXB21;6;9;4;10;10;5;12;8;6;11;11;6;4;3;4;6;10;9;7;8;9;3;5;3;1;2;2;2;5;3;4;5;1;6;1;2;8;6;3;6;2;2;9;9;9;1;2;5;
SCANIA R460;;;;;;;;;;;;;;;;;;;;;;;;;;;;2;;;;;;2;2;22;24;18;11;12;23;13;24;22;32;38;11;6;3
DS DS3;;;;;;;;;;;;;;;;;;;;;3;38;12;5;19;1;9;5;4;7;13;11;17;13;3;2;13;12;15;7;8;15;8;5;7;6;4;2;
TOYOTA C-HR;2;5;8;9;15;17;20;15;10;14;20;5;24;9;10;10;20;10;8;4;1;4;;2;1;3;3;2;2;;;;;2;;;2;;;;;;;;;;;;
LAMBERT A4BV;5;6;10;9;2;5;10;16;10;11;6;;4;9;9;;3;7;1;3;1;3;1;;1;2;3;1;2;4;6;9;8;5;3;1;3;5;5;10;6;6;8;9;14;6;5;2;
HERMANN GANADERO S.GP.3E.92;3;1;4;3;3;4;5;2;5;4;1;3;2;4;6;1;12;2;7;6;3;7;4;5;4;10;10;9;4;8;14;4;7;6;6;;7;4;5;7;7;9;3;7;4;6;6;8;
HERMANN BARANDA VOLCABLE A.BV.3E.23;6;9;13;18;5;6;6;8;6;6;3;2;6;3;7;4;7;3;5;4;4;2;6;2;4;3;1;6;5;3;4;8;5;2;2;3;5;1;5;6;5;6;9;6;7;4;5;3;2
SOLA Y BRUSA VUELCO BILAT. 4 EJES;2;2;7;7;4;10;7;8;7;2;8;3;5;3;9;6;5;6;9;9;9;9;7;1;3;3;4;6;4;2;1;5;3;3;4;4;1;3;4;4;6;4;7;8;7;7;5;6;
FOTON TM2;;;;;;;;;;;;;;;;;;;;;;;;;;;;;;;;;;;2;18;19;9;14;15;23;36;31;27;19;11;11;10;1
VOLKSWAGEN METEOR 28.460;;;;;;;;;;;;;;;;1;2;9;7;5;1;7;3;1;5;6;9;5;6;10;20;16;8;4;2;6;8;13;2;16;9;7;16;12;8;5;8;4;3
SALTO SRV3E;15;10;6;14;10;10;13;11;13;10;13;5;6;13;13;14;8;3;6;16;7;11;;4;;1;;;1;;1;;;3;;1;1;;;;;;2;;;;1;;
SCANIA K440;18;5;1;3;9;1;14;11;9;6;1;14;18;7;5;11;2;16;6;16;13;2;11;4;22;2;2;;1;1;2;1;1;;1;;2;1;;;;;;;;;;;
VOLVO FH 540;3;4;5;3;2;3;6;4;5;2;1;;4;3;;2;1;3;1;2;3;1;;1;2;1;;1;1;2;2;3;6;6;12;20;19;5;8;8;9;11;18;15;11;11;4;4;
JETOUR DASHING;;;;;;;;;;;;;;;;;1;;;;;;;;;;;;;;;;2;5;6;6;28;12;4;11;21;21;24;16;23;22;26;8;1
PEUGEOT 5008;;3;7;10;5;4;9;11;3;6;3;2;21;4;4;4;4;3;7;8;3;1;4;1;7;6;5;5;7;6;3;9;10;5;5;11;10;6;6;1;3;;1;1;;;;;
SCANIA P440;5;;1;1;4;1;14;2;9;1;4;7;4;11;9;12;1;4;6;14;1;;1;;;;;;;;1;;;2;3;3;5;5;8;23;4;4;5;14;23;17;4;;
DFSK C32;12;4;4;4;7;7;10;5;1;5;2;3;2;7;2;;1;;1;1;4;2;7;1;2;;3;2;1;;2;7;3;5;8;7;15;8;10;5;4;13;3;10;12;10;4;5;
ISUZU NPR 75;;3;1;;1;4;6;4;8;12;5;1;1;2;2;5;7;3;3;5;5;1;3;4;5;7;3;2;2;4;4;10;5;5;7;4;13;2;10;3;3;6;7;9;8;6;10;9;
METAGRO S-1+2 - BATEA A BS;2;8;8;7;4;9;6;9;12;5;7;5;4;8;3;8;7;8;2;2;2;1;2;;;1;1;6;3;5;5;4;2;2;1;2;4;8;5;2;11;5;7;5;7;6;3;5;1
RANDON SR.CG.03;6;5;9;5;8;9;13;9;6;2;4;11;8;8;4;10;7;10;8;6;6;9;5;3;;2;1;3;2;5;;2;1;2;3;1;;4;6;3;5;2;3;4;3;4;2;;1
BMW 220;3;;2;1;;2;;;1;;;1;;;;;;4;12;2;;2;6;3;;1;2;3;1;;5;5;5;6;4;8;7;7;13;11;8;5;12;21;16;20;24;5;
VOLKSWAGEN CONSTELLATION 14.190;2;;6;;3;5;3;3;3;;2;;2;8;1;;1;5;2;;;1;;3;2;;4;8;4;2;11;9;11;14;7;16;24;4;10;13;16;10;6;3;1;1;;2;
BMW M340;7;3;5;1;6;4;2;2;4;4;1;4;1;1;1;2;4;17;14;2;7;3;4;6;2;6;3;13;3;8;6;3;8;6;7;6;5;5;4;5;3;5;4;7;4;4;4;1;
MERCEDES BENZ AXOR 3131;8;3;9;;7;5;6;;3;4;3;3;1;5;3;1;;1;2;4;11;5;7;4;9;5;2;6;7;8;10;16;7;15;5;2;5;11;11;6;1;4;;1;;;;;
CHERY TIGGO 7;;;;;;;;;;;;;;;;;;;;;;;;;;;;;;;;;;;;;;;;;;;;;;36;56;108;25
BYD YUAN PRO;;;;;;;;;;;;;;;;;;;;;;;;;;;;;;;;;;;;;;;;;;;;;12;34;81;42;53
VOLVO XC60;18;8;3;4;4;7;5;4;2;1;1;4;10;5;5;3;5;5;3;2;5;;2;2;;;2;;3;1;5;7;9;3;1;3;4;6;2;3;12;7;11;3;1;1;20;5;4
MINI COUNTRYMAN;11;5;2;5;4;3;2;1;;;1;1;3;2;2;1;4;5;4;1;;2;3;6;1;2;2;4;3;1;14;8;;6;8;1;11;8;9;16;10;7;7;4;5;6;11;6;1
SUBARU CROSSTREK;;;;;;;;;;;;;;;;;;;;;;;;;;;;;;2;1;1;8;18;11;9;7;15;13;6;;;;23;54;23;17;7;3
VOLKSWAGEN CONSTELLATION 25.360;;2;;1;4;5;6;5;;;1;;2;;;1;;5;2;3;1;4;1;;3;4;5;4;3;8;7;10;7;8;5;3;6;3;3;23;22;11;14;4;4;5;3;5;2
BYD DOLPHIN MINI;;;;;;;;;;;;;;;;;;;;;;;;;;;;;;;;;;;;;;;;;;;;;;47;87;41;38
OMBU SBV3E2+11450;4;4;5;2;2;4;1;1;1;3;6;1;6;5;3;2;5;3;8;8;8;;5;1;3;5;7;9;4;1;7;8;6;14;9;1;10;7;3;4;5;7;1;4;5;1;3;1;
RANDON SR.BA.03;2;2;6;7;5;6;5;2;9;3;7;2;8;1;4;2;7;3;5;8;3;8;5;2;3;1;;2;3;3;5;2;8;5;7;3;10;8;4;1;2;14;5;1;6;4;2;2;
CHEVROLET SPARK;;;;;;;;;;;;;;;;;;;;;;;;;;;;;;;;;;;;;;;;;;;;18;105;47;26;10;5
IVECO 800 S;5;5;3;2;1;1;5;4;9;5;8;7;5;6;8;4;6;3;7;10;4;5;6;4;6;;6;7;3;3;4;2;3;2;5;2;9;1;4;8;7;3;4;1;3;1;1;3;
MERCEDES BENZ A250;9;15;12;9;3;1;;;;;;;;;;;;;;;;;;;;;;;;;;;1;9;5;1;21;17;17;11;2;5;12;13;20;9;7;2;4
SCANIA G450;3;9;3;1;4;2;5;6;13;5;6;4;3;9;15;2;5;2;1;1;;5;5;;2;;3;;2;1;14;11;10;21;6;4;11;5;4;1;;1;;;;;;;
BONANO SEMIRREMOLQUE TERMICO DE 2 EJES TANDEM + 1 EJE DIR;6;8;12;11;7;6;14;14;9;7;15;13;7;5;30;1;12;12;4;4;1;1;;1;;3;;1;;;;;;;;;;;;;;;;;;;;;
IVECO 170 S;2;;14;;;1;2;7;;3;;;5;10;10;2;13;4;3;5;3;12;2;1;3;;2;;3;7;1;3;4;3;2;;7;3;;1;3;5;2;3;3;;4;46;
MARCELINI SRC12N2AE;3;5;9;6;8;6;2;5;4;3;2;1;3;;1;2;1;1;2;4;5;3;3;;3;2;4;3;2;2;10;6;3;7;5;5;4;5;5;7;6;9;6;9;8;4;5;4;
MITSUBISHI OUTLANDER;;;;;;;;;;;;;;;;;;;;;;;;;;;;;;;;;;;;;9;26;12;12;2;17;31;15;32;20;13;10;4
BAIC U5 PLUS;;;;;;;;;;;;;;;;;;;;;;;;;;;;;;;;;;1;;;1;12;13;19;21;6;39;14;23;22;14;11;3
OMBU ABV4E930;1;11;6;4;6;5;3;9;7;8;5;4;4;3;6;5;3;;3;;1;1;1;2;;3;1;4;;5;3;7;5;4;4;4;3;6;2;8;3;3;7;6;7;6;4;5;
GONELLA TANQUE DE 3 EJES;3;14;3;6;5;6;8;2;2;4;3;5;3;3;3;4;1;9;3;4;6;5;5;;5;8;3;2;1;3;1;5;9;2;;1;5;1;;5;8;6;8;;5;2;2;7;
MALDONADO SEMIRREMOLQUE 3 EJES AUTODIRECCIONAL;9;3;5;5;12;6;4;2;5;7;;6;9;7;6;4;10;2;8;3;8;;2;4;;1;1;2;4;1;1;;1;8;;;7;3;10;3;3;7;5;2;;6;2;;1
MERCEDES BENZ ACTROS 2651;1;6;4;3;2;2;;;;;;1;1;;;;;1;4;4;;1;3;;9;2;4;2;4;3;6;5;1;3;7;4;17;10;4;18;14;7;10;5;7;6;7;6;1
MERCEDES BENZ AXOR 2036;5;2;6;4;3;7;3;5;;1;7;;5;2;1;;5;2;2;9;4;4;5;1;13;15;5;13;10;14;10;8;9;5;2;2;5;1;;;;;;;;;;;
RENAULT NUEVO MASTER;9;20;23;12;9;10;13;4;6;21;6;21;4;1;12;7;4;1;5;2;4;;;;;;;;;;;;;;;;;;;;;;;;;;;;
OMBU ATC4E960;7;6;2;7;7;8;12;6;4;9;2;2;1;4;6;3;1;2;1;2;1;1;1;1;;2;1;6;;4;4;7;4;4;10;;1;3;2;4;;2;5;6;8;12;6;4;
SCANIA P360;2;4;4;3;;4;4;3;2;7;1;1;1;;1;2;1;2;3;7;1;;3;1;3;2;;2;;;2;4;8;8;5;6;3;3;3;10;7;7;11;11;12;9;9;7;1
BMW X4;3;3;1;;1;1;;1;;;;;;;;;;;;;;;;;;;;;;;2;14;16;3;8;5;14;20;23;11;12;7;1;1;3;12;9;16;2
LEXUS UX;11;4;5;4;16;3;2;5;;;1;3;21;8;7;3;1;7;4;2;1;6;3;1;1;;;2;3;1;1;1;3;1;;;2;1;1;3;5;4;11;5;8;11;2;;2
RANDON SR.FG.03;7;7;7;3;2;6;14;2;2;2;;1;;1;;;;;1;;;1;;;;;;;;;;;;;2;6;5;3;8;9;5;8;8;17;19;11;22;6;1
MERCEDES BENZ AXOR 3344;1;1;2;2;;;3;7;2;;1;;;1;;;;;1;1;3;11;2;1;2;1;4;6;7;8;7;7;5;4;8;7;8;8;18;11;3;6;5;5;2;5;7;2;
ZANELLA Z TRUCK DUO;;;;;1;;;;;;;;;;;;7;3;2;6;2;10;4;1;1;3;1;1;3;4;4;9;17;15;10;4;26;5;13;5;4;2;8;8;1;3;;1;
MERCEDES BENZ AMG GLC 43;;;4;8;4;4;3;8;1;5;;;11;5;2;;3;5;11;3;2;1;;;1;;;;1;;;;;;;;;;;;;;2;24;21;28;13;2;10
SCANIA G360;2;5;3;1;4;4;5;;1;7;5;1;2;2;;2;2;;;3;;2;1;;;;;;1;1;2;;3;2;1;;3;6;5;7;17;17;18;16;7;8;12;3;1
RENAULT MEGANE;;;;;;;;;;;;;;;;;;;;;;;;1;;;1;;40;11;4;9;3;5;1;1;10;2;5;30;17;9;7;8;9;2;;5;
H.C.MANCINI TVM 02 E;10;4;7;6;5;3;2;2;7;1;5;3;5;3;4;4;6;5;15;8;7;4;3;2;;1;1;2;1;1;4;6;4;1;2;1;;3;3;3;5;2;2;2;2;5;4;3;
VOLKSWAGEN CONSTELLATION 19.330;1;;;2;6;1;3;7;;;1;1;6;;;;1;3;;;2;3;2;;5;5;4;3;17;7;4;15;12;7;10;5;7;4;3;3;3;;1;;5;9;7;4;
MALDONADO 3 EJES;1;5;7;2;9;2;11;20;2;3;;3;4;3;4;6;2;3;6;2;5;4;1;2;1;1;;;1;;1;2;3;3;4;1;4;2;2;5;4;7;4;4;12;2;3;2;1
FIAT 600;;;;;;;;;;;;;;;;;;;;;;;;;;;;;;;;;;;;;;;;;;;;;;62;86;20;7
RUBIOLO A2O2;4;2;4;8;7;6;2;4;8;3;4;4;5;6;6;4;5;2;5;4;11;4;3;;5;4;1;1;6;5;1;3;3;7;3;2;1;6;;3;2;3;2;3;1;;;1;
GREAT WALL POER;;;;;;;;;;2;;2;5;2;9;9;10;4;6;6;3;2;4;3;4;;;1;;3;1;8;9;11;9;4;2;7;5;4;7;8;3;2;6;3;2;4;
PATRONELLI VOLCADOR 2+1 EJES - SEMV21;10;1;16;13;6;6;15;10;14;14;9;6;7;6;17;9;11;;;;;;;;;;;;;;;;;;;;;;;;;;;;;;;;
KAMA X1;;;;;;;;;;;;;;;;;;;;;;;;;;;1;2;2;3;7;4;6;6;4;5;8;15;18;13;9;5;2;4;5;24;11;13;1
VOLVO VM 350;;;;;;;;;;;;;;;;;;;;;1;5;;1;1;;1;2;1;2;;2;2;8;6;6;8;5;8;3;8;22;11;24;12;12;8;8;1
CORMETAL ACXB22;14;10;12;9;14;16;7;6;9;3;2;2;4;2;3;4;3;2;2;2;;;1;;;;3;;2;1;6;2;3;5;2;;1;1;2;2;4;2;2;;2;;;;
CORMETAL SJXB21;1;2;4;2;7;1;3;3;2;6;2;4;2;2;1;;8;5;4;4;3;8;1;;2;2;1;6;4;4;1;4;1;3;3;6;4;6;3;3;9;9;4;4;7;2;3;;
AGRALE MA 8.7;4;2;6;3;6;6;7;3;1;3;6;2;5;6;2;8;7;4;5;2;1;6;4;1;;1;6;7;3;;4;1;1;6;2;1;2;3;7;2;;2;4;4;2;3;2;2;
CORMETAL SSXB21;;2;3;2;5;2;3;4;6;2;3;4;3;;3;7;7;4;9;4;2;6;4;2;5;8;3;4;4;1;1;2;1;3;5;1;8;3;2;1;6;6;3;;2;4;2;2;1
LAMBERT S12CS;2;1;2;1;1;9;1;4;6;2;2;;1;2;3;3;;15;4;3;2;6;7;1;7;3;4;1;2;2;2;7;2;9;1;4;3;1;6;3;3;2;7;7;5;3;;3;
AST-PRA FTHDCFW3 FURGON TERMICO 2+1 EJES;6;7;5;8;9;5;5;2;4;5;5;3;9;4;6;2;4;4;1;2;11;2;1;;3;1;;2;3;2;1;;2;3;4;2;6;1;3;;7;1;1;;5;4;;3;
HERMANN CARGA GENERAL S.CG.2E.56;;;1;;1;6;;;;;;;;;;1;8;1;;;;;1;2;;;33;35;4;25;2;1;1;;;;;;1;19;10;4;;1;3;4;;;
GROSS BARANDA VOLCABLE 9.60 MTS (D2-D2);3;2;3;2;1;1;2;2;2;2;4;1;1;8;8;2;7;2;3;5;1;1;4;;3;4;4;3;10;2;2;2;3;2;2;2;7;8;8;6;5;7;3;5;4;3;1;;
HERMANN CAÑERO A.VC.3E.46;;;1;;1;5;;;;1;;;;;;1;8;;;;;;3;;;;35;33;4;24;3;;1;;;;;;1;21;8;5;;1;2;4;;;
BAIC BJ40;;;;;;;;;;;;;;;;;;;;;;;2;1;3;1;1;2;3;2;1;1;1;9;6;4;9;9;6;10;5;11;16;9;12;18;11;2;3
BONANO PAQUETERO 3D 45T;;;;;;;;;;;;;;;;;;;;;7;;;15;;;;7;4;6;16;;;;5;;5;40;5;4;6;;2;19;4;7;4;2;
PATRONELLI CARGA GENERAL 3 EJES- SEMCG3E;2;;4;2;10;1;3;4;;2;3;5;4;3;7;5;3;4;3;4;3;;2;1;2;;1;1;3;2;10;7;4;2;3;2;2;4;4;4;2;3;9;5;3;2;5;2;1
IVECO S-WAY;;;;;;;;;;;;;;;;;;;;;;;;;;;;;;;;;;;;;;;;1;4;;18;24;23;36;22;22;7
MERCEDES BENZ LO 916;4;2;2;3;;5;5;1;3;2;2;1;2;5;1;1;3;3;3;1;3;4;3;;7;5;3;2;6;3;3;2;7;5;3;1;8;2;6;2;4;7;5;4;8;2;1;2;
HYUNDAI STARIA;;;;;;;;;;5;5;;2;2;5;3;1;2;1;5;1;2;4;;4;;1;5;4;3;7;4;6;8;6;6;9;2;3;6;4;3;6;7;6;6;4;6;
MERCEDES BENZ ATEGO 2730;3;6;9;6;4;7;11;1;2;1;3;3;1;1;1;;;;3;3;3;2;2;4;3;1;1;5;1;1;5;6;6;6;5;;3;2;5;2;;1;1;2;1;9;5;7;
SCANIA R540;3;4;1;7;2;8;11;9;4;10;5;;2;13;5;5;4;2;4;5;3;1;;2;1;;;2;3;1;1;10;5;10;4;2;5;;;;;;;;;;;;
VOLVO FM 370;7;5;9;6;4;3;2;5;3;2;;;4;1;;1;;1;;;1;;;;;;;2;;2;4;2;2;4;3;1;3;;5;6;6;8;13;9;8;6;9;7;
JEEP GRAND CHEROKEE;5;4;3;1;2;1;;;;1;3;;;1;;;;;;2;;2;13;3;20;6;17;15;12;11;2;2;4;8;5;2;2;;1;1;1;;;;;;;;1
VOLKSWAGEN CONSTELLATION 19.360;;;;;;;;;;;;;;;;;;;;;;;;;;;;;;2;3;6;8;7;10;5;20;9;15;23;8;10;11;1;;5;3;2;3
VOLVO EX30;;;;;;;;;;;;;;;;;;;;;;;;;;;;;;;;;;;8;2;4;4;8;26;24;14;11;15;11;15;3;5;1
ALFA ROMEO STELVIO;1;1;1;2;1;3;1;1;2;3;14;;7;4;9;2;2;1;5;3;;1;2;5;2;1;4;1;2;3;7;4;5;8;5;;5;6;4;3;5;2;2;4;2;4;;;
SALTO SCBV3E;;;;;;;;;;;;;;;;;;;;;;1;;;1;2;;2;6;2;14;16;4;5;4;9;;17;9;10;6;13;9;4;5;3;3;5;
HERMANN PLAYO S.PL.3E.65 2+1;;;;2;2;;;1;10;4;3;3;1;1;3;17;3;1;3;;7;1;5;;2;1;1;6;2;1;24;4;2;1;1;7;2;;;;10;;12;1;2;;3;;
FERBUS KAISEN 480 1E;;;;;;;;;;;;;13;8;5;6;;5;8;5;5;5;4;7;3;5;1;2;;2;3;7;4;2;3;5;5;2;1;3;2;3;6;2;4;4;5;2;1
MG ZS;;;;;;;;;;;;;;;;;;;;;;;;;;;;;;;;;;;;;;;;;;;;;;50;52;38;8
FANGIO SRT3-45000;;1;2;10;;8;2;3;3;2;5;2;2;;9;2;2;5;2;5;7;4;3;2;;1;3;3;1;1;4;7;5;;2;1;2;1;1;1;5;5;3;11;2;1;3;1;
FOTON TUNLAND;;;;;;;;;;;;;;;;;;;;;;;;;;;;;;;;;;;;;;;;;4;8;18;32;22;30;12;16;3
F.H. A.V.P.411;1;3;1;2;4;5;2;6;7;4;2;10;1;2;1;3;5;3;5;2;;4;2;;;1;6;3;2;2;6;4;2;4;1;3;1;2;4;6;6;1;5;2;4;2;;1;1
PATRONELLI VOLCADOR 3 EJES - SEMV3E;;2;3;5;3;3;3;6;3;2;3;1;2;1;1;4;;1;2;3;4;1;;2;;3;1;1;4;;2;5;2;6;3;1;3;;8;15;4;4;3;8;9;1;3;1;1
SCANIA R420;;;;;;;;;;;;;;;;;;;;;;;;;;;;;2;;;;;1;;2;7;16;4;16;11;9;9;13;18;18;10;7;
VOLKSWAGEN CONSTELLATION 24.280;;;2;;6;2;1;;1;3;2;1;3;;;2;2;3;2;;;4;1;;1;1;5;4;3;5;5;1;4;6;9;7;18;11;10;8;5;2;1;1;;;;;
IVECO TRAKKER;1;2;;;;;;;;;;;;1;;4;;2;;4;1;2;;;;1;1;2;1;;3;4;3;2;;4;5;4;12;7;31;8;6;6;6;9;4;5;
RANDON SR.CG.1+1+1;8;3;3;7;8;7;2;1;5;2;;;10;14;9;5;2;1;3;2;1;2;3;;1;;2;;1;;4;3;1;;2;1;1;3;;1;1;10;;5;2;4;;1;
MERCEDES BENZ AMG A35;;;2;6;6;7;8;7;6;2;;1;;2;3;2;;2;6;6;7;4;3;1;4;2;5;1;4;4;2;5;4;3;1;3;5;1;2;2;;2;3;;3;1;1;;1
LEXUS RX;3;1;2;3;5;3;2;3;1;;3;;3;3;9;6;4;2;4;5;6;5;8;1;5;;1;;3;;6;1;;;3;2;3;1;3;8;2;6;1;2;;5;4;;1
IVECO 740 T;9;8;2;;2;1;3;3;3;3;12;1;3;2;3;2;4;2;5;1;2;5;10;1;1;8;2;1;;5;2;6;2;3;5;7;3;1;;;;;;1;1;2;;1;
KIA CERATO;2;2;;3;1;6;4;7;7;1;2;2;4;2;3;1;6;;1;;;;;;;;5;2;5;1;5;2;5;11;12;7;12;1;3;2;3;6;1;;;;;;
MERCEDES BENZ AMG GLE 53;;;;;1;;1;;1;;;;12;8;5;2;3;3;1;2;1;;1;2;5;5;3;4;4;4;6;5;3;6;;1;5;4;3;1;7;5;4;3;7;2;2;1;4
BMW X6;;1;;1;;;;;;;;1;;;;;;;;;;;;;;;;;;1;3;10;1;1;5;4;13;12;16;10;10;14;6;8;2;8;3;5;1
SCANIA R550;;;;;;;;;;;;;;;;;;;;;;;;;;;;;;;;;;1;1;;2;2;29;12;15;5;10;18;13;19;2;6;1
VULCANO AMBVCG3II;;7;2;1;;;;2;3;1;;3;10;;3;3;4;5;1;15;;;2;;9;3;6;;4;12;;1;;12;11;1;2;1;;1;;2;6;3;;;;;
GRASSANI SG3-30TT;3;;11;4;3;4;3;7;5;5;1;5;;;;;2;4;2;2;4;5;2;;8;;2;4;2;2;2;2;1;1;3;2;3;3;;5;3;1;2;4;6;3;2;1;
S STOESSEL SSBL;3;6;1;5;5;1;6;3;10;2;6;3;1;1;2;2;;2;1;2;3;1;2;;;;;;;;1;1;2;2;;1;;2;2;2;1;6;9;9;8;8;8;3;1
VOLKSWAGEN DELIVERY 9.180;;;;;;;;;;;;;;;;;;;;;;;;;;;;;;;;;;;;;;;;3;15;13;33;13;9;18;24;6;
AGRALE A10000;3;5;3;2;5;3;6;2;2;1;6;1;5;1;1;2;6;9;4;5;2;6;4;1;1;1;1;1;1;4;3;3;2;4;1;2;1;1;3;1;2;2;1;4;4;3;;2;
MG MG3;;;;;;;;;;;;;;;;;;;;;;;;;;;;;;;;;;;;;;;;;;;;;;46;46;38;2
RANDON SR.TQ. 01+01;;;;;;;1;3;5;12;6;4;3;2;3;;;3;1;1;;;;;;;;;;;;;;;;10;10;4;3;15;;16;7;3;8;4;5;2;
DFSK GLORY 580;;;;;;;;;;;;;;;;;;;;;;;;;;;;;;;4;13;12;8;9;2;2;6;1;9;6;9;11;9;10;10;1;6;1
GREAT WALL WINGLE 7;4;1;2;3;;4;2;5;5;2;2;1;3;3;2;1;3;3;1;6;4;11;8;12;3;1;1;;;3;1;2;4;3;5;4;1;2;4;2;1;;1;;;;;1;
HONDA CIVIC;;;1;;;;;;;1;;;;;;;;;;;;;;;;;;;;;;;5;;;6;8;10;10;23;6;7;11;13;9;6;4;6;1
JAC JS8;;;;;;;;;;;;;;;;;;;;;;;;;;;;;;;;;;;;;;1;;1;13;18;31;20;14;7;9;8;1
SCANIA K250;;;;;1;9;;23;;5;;5;11;7;3;3;9;2;3;;6;9;6;4;2;;6;2;3;1;;1;1;;;;;;;;;;;;;;;;
SOLA Y BRUSA BARANDAS VOLCABLES 3 EJES;3;4;3;3;4;2;4;3;1;1;3;1;2;1;2;2;5;5;1;3;1;1;1;1;4;1;3;1;1;3;3;1;3;3;1;1;5;3;1;3;5;5;1;6;7;2;2;;
HERMANN FURGON S.FP.3E.98 2+1;4;;1;10;;;2;;10;1;2;1;;;;;5;;6;2;1;1;12;1;20;;1;2;1;11;;1;1;;2;3;;;3;2;5;2;2;;3;2;1;;
JMC N 900;2;2;4;2;3;1;1;;;;;2;2;2;;;1;1;;2;;1;2;1;;3;1;1;;;1;;7;8;7;5;7;4;3;6;7;3;5;7;7;5;2;3;
OMBU SAP3E2+11250;4;1;3;2;1;2;2;5;5;;1;2;2;4;3;5;8;;;6;4;4;3;;;1;2;;1;1;8;3;5;1;2;;3;2;;7;2;;3;2;1;2;5;1;
HERMANN VOLCADOR BILATERAL S.VL.3E.63 1+1+1;;2;11;6;1;5;;3;5;2;5;3;1;4;9;10;14;;;4;2;2;;1;;;;2;2;;;1;;1;2;1;;;3;;3;2;1;3;4;;3;;
IVECO 160 E;5;3;6;4;;1;4;2;5;2;;2;3;8;3;2;2;2;1;5;3;1;1;1;3;;1;4;;;2;4;2;3;3;6;6;1;;;2;5;3;1;1;1;3;1;
MACTRAIL MONTERREY CHICO;;;3;1;;19;17;14;11;1;12;12;;1;;;1;1;;;1;2;;;1;1;2;;;;2;1;2;2;;;;;2;;2;;;;1;3;2;1;
HERMANN ACOPLADO PARA TRANSP.GANADO EN PIE A.GP.2E.47;;1;;2;1;2;;1;;2;2;2;;1;2;1;4;1;1;2;4;4;2;;;3;;6;5;3;2;6;1;6;4;;2;10;7;2;2;2;7;4;5;2;2;;
HERMANN PORTA CONTENEDOR S.PC.3E.58 2+1;;;6;1;1;;2;6;;6;6;1;1;1;3;4;;2;2;5;1;2;5;1;;;1;4;2;2;2;4;8;1;;7;1;4;3;1;5;2;;6;6;;;;
FIAT NUEVO FIORINO;49;20;21;9;6;3;2;1;1;1;1;;;;;;;;;;;;;;;;;;;;;;;;;;;;;;;;;;;;;;
PINCEN SCS 2+1E;1;4;4;4;10;4;2;;1;;3;;2;2;8;1;5;1;1;2;2;2;;2;1;1;2;6;8;;;2;3;;;1;3;2;3;6;1;3;3;4;1;;3;;
AGRALE MA 15.0;;1;;;11;10;1;;;12;;;;3;6;5;3;5;3;;4;1;4;;16;;;3;;;;2;2;;1;;5;;5;;;;;;10;;;;
OMBU SBVT3E1+1+1;1;6;;2;5;1;2;2;2;4;2;1;2;1;2;1;1;;2;4;1;3;;2;;;1;2;1;3;3;6;5;3;2;3;4;4;4;2;7;2;;1;2;6;3;2;
PINCEN RPBV 1+1+1E;6;2;3;;;8;5;2;3;;1;1;7;2;4;5;6;3;6;3;;1;3;;5;;;2;;;6;;6;3;;;5;;;;;;11;2;2;;;;
BMW X5;;;;;;1;;;1;;;;;;;;;;;;;;;;;7;11;3;3;4;4;4;1;1;3;9;6;4;9;9;7;4;2;1;2;6;3;5;2
AUDI Q8;;1;;;3;;1;;;;;;;1;2;;1;;4;2;2;;2;1;1;3;1;2;3;2;;;3;1;1;1;10;2;6;6;5;7;8;3;9;10;4;1;2
SAYI SEMIRREMOLQUE TANQUE SE.TQ.03;;1;;1;1;3;4;;;;1;;;;;;1;;;1;1;3;4;;2;1;5;7;12;1;6;1;1;2;;1;2;6;;2;9;2;;10;4;4;6;6;
OMBU ABV3E930;1;6;4;3;2;1;;3;1;3;1;4;2;;2;1;1;2;;1;3;1;1;;;;1;1;2;;2;5;2;3;2;3;1;4;;3;8;3;5;8;2;4;7;1;
SCANIA P280;1;4;7;22;1;6;3;1;1;2;;;1;1;;;;;;1;3;1;2;3;;;;;;;;;;2;1;;2;3;1;;3;1;1;31;1;2;2;;
AIELLO ACT-426 - TOLVA;1;3;6;9;9;5;6;8;2;5;6;2;;;;;5;1;4;7;1;1;;;;3;1;;;;;2;1;3;2;1;2;3;1;;1;1;;5;;;1;1;
SOLA Y BRUSA FORESTAL 4 EJES;;;;;2;1;;1;3;4;3;2;6;2;4;4;7;3;9;4;1;4;3;2;3;1;1;4;4;;3;2;1;3;2;2;3;;1;1;2;3;2;2;1;1;1;1;
MERCEDES BENZ CLA200;;;;;;;;;;;;;;;;;;;;;;;;;;;;;;;;;;;;;;;;;1;14;14;16;15;11;17;16;2
SOLA Y BRUSA TODO PUERTAS 4 EJES;3;1;2;6;5;1;5;1;4;6;4;2;5;5;3;2;2;8;1;1;3;;;2;1;1;;3;1;2;;2;1;1;1;;1;1;1;2;1;1;4;1;2;3;1;1;
DM TRAILERS ACONCAGUA 380;;;;;;1;5;1;1;6;4;2;1;4;4;3;1;;;3;3;3;5;3;5;3;;1;2;;2;4;2;2;1;3;5;4;;1;1;1;2;;3;4;4;3;
LAMBERT S3IP;1;1;1;1;2;;2;3;3;3;1;25;2;3;;2;1;2;;;4;;1;1;3;3;1;;;;5;1;1;2;1;2;3;;2;1;2;;3;6;;3;3;1;
MERCEDES BENZ ATEGO 2430;;;1;3;7;6;;4;2;1;1;;3;;;1;;;;;;;1;;;;;;;;1;8;14;9;12;4;13;4;5;1;;;1;;;;;;
RANDON SR.FG.02+01;2;1;3;6;2;1;1;1;2;;;1;2;;;;;;;3;;;;1;;;;;1;2;;1;1;4;4;;8;6;6;3;3;9;3;6;4;5;3;7;
BONANO SEMIRREMOLQUE PAQUETERO DE 3 EJES TANDEM;;3;12;10;3;1;9;2;4;10;;;8;9;5;;14;;6;5;;;;;;;;;;;;;;;;;;;;;;;;;;;;;
MERCEDES BENZ GLE 450;;;;;;;;;1;;;;8;5;3;3;6;4;4;;;2;2;2;3;1;;2;3;;4;3;6;3;6;3;3;1;2;;1;7;2;;6;4;1;;
VOLVO VM 330;11;9;8;10;7;9;12;6;6;3;7;2;5;;2;;;1;;1;;;;1;;;;;;;;1;;;;;;;;;;;;;;;;;
ASTRA HD9;1;;;;3;;;;;;;4;7;;8;7;5;9;2;;13;;;;;1;;15;;;;13;;;;;;;;;;10;;;1;1;;;
LAMBERT S12PA;1;;;;;;;;;;;;;;;1;2;2;2;;;2;;;1;;;4;12;1;3;4;1;10;2;1;2;16;2;6;1;1;8;2;4;3;5;1;
RANDON SR.BA.1+1+1;1;2;5;;2;1;;1;1;3;1;;2;4;2;;2;;3;;2;1;1;;2;1;1;;3;;2;3;;2;;;1;3;2;3;2;3;5;3;2;5;6;17;
VOLKSWAGEN 15190;2;;1;11;;;2;;2;;2;6;4;1;1;;;2;;1;2;2;;;2;;;;4;3;8;1;6;;;11;4;6;;;;;;;4;6;5;;1
ALFA ROMEO GIULIA;8;2;5;3;5;4;1;;3;1;;1;;;4;3;5;3;3;3;;2;1;3;1;7;3;2;2;1;2;2;;2;1;;1;2;4;1;2;1;;1;;1;1;2;
FORD BRONCO WILDTRAK;;;;;;;;;;;;;;;;;;;;;;;;;;;;;7;2;20;11;5;7;11;4;22;2;1;4;1;;;;;;1;;
LEXUS IS;1;1;;2;2;9;4;3;;;2;5;8;4;8;10;5;2;1;2;1;;1;;2;;;;;1;1;1;2;2;1;2;3;;1;4;;2;;;;4;;;1
TOYOTA LAND CRUISER;1;;2;8;;1;;1;;;1;1;1;;;1;1;1;;;;;;;;;;;;;;;;;;;;;;;;2;7;4;14;36;9;5;2
CORADIR TITA;;;;;;;1;1;;;;;2;4;2;2;5;1;1;7;7;5;5;3;16;9;;1;;2;2;2;1;;2;2;2;1;1;3;2;1;;2;2;;;;
HERMANN BARANDA VOLCABLE S.BV.3E.67;;1;1;2;4;1;;;;2;;;1;2;4;1;;;8;4;10;2;4;;;2;1;2;;;5;6;;1;2;1;3;1;2;;;1;2;1;8;6;2;4;
SALTO SRCH1E;1;2;2;3;;3;;;;;;1;;;;;14;;2;;;3;5;2;1;;;;4;5;8;7;18;3;3;4;1;;1;;1;;;;1;2;;;
SCANIA G500;;;3;;;;;;;;;;1;;;5;;;1;;;5;6;;;;;;;1;;3;;3;2;2;2;4;2;13;;4;4;6;1;;2;27;
NAVARRO HNOS SEMIRREMOLQUE DE 3 EJES;;2;1;2;1;1;1;1;1;1;4;7;4;;17;6;;;5;1;;1;1;2;;;2;;;;5;1;;;2;2;2;;1;3;;2;2;;;6;4;5;
RANDON SR-CG-02+01 14.50 MTS LARGO;3;6;7;7;5;1;7;3;4;5;10;2;5;3;10;7;2;9;;;;;;;;;;;;;;;;;;;;;;;;;;;;;;;
LEXUS LBX;;;;;;;;;;;;;;;;;;;;;;;;;;;;;5;1;2;3;7;3;3;3;11;5;5;7;6;3;11;5;4;2;2;2;5
AUDI S3;;;;;;;;;;;;;;;;;;;;;;;;;;;;;1;4;11;9;2;;1;2;1;2;;;;;17;11;12;8;9;2;2
MACTRAIL TU 17-8-M;;1;;2;2;1;3;6;1;;2;3;3;2;2;1;;1;11;1;1;2;3;4;;1;1;1;1;1;;1;4;1;6;2;1;1;1;1;2;2;;1;4;5;;3;
VOLVO FMX 460;7;3;4;5;5;1;;;2;1;2;1;4;2;2;3;;2;2;;2;;;2;7;;;1;3;;1;1;1;;;1;2;;1;5;2;2;3;6;1;4;;1;
MACTRAIL TM 15R MOTO DE AGUA;3;2;;1;1;2;1;2;3;1;7;6;2;2;3;;;1;1;1;2;3;1;2;2;1;2;1;;1;;;1;2;8;8;3;;;1;;1;;1;;4;1;6;
METAGRO S-1+2 - BATEA BS;2;2;4;4;4;6;2;4;4;1;3;1;5;;2;;2;2;1;2;8;1;3;1;;1;;;;;1;2;2;1;;1;2;1;2;1;;;2;2;1;4;1;;2
SCANIA K310;4;1;1;;6;2;3;4;5;2;8;4;9;6;1;2;4;1;5;9;2;3;2;;1;2;;;;;;;;;1;;1;;1;;;;;;;;;;
ALFA ROMEO TONALE;;;;;;;;;;;;;;;;;;;;;2;;;;;;;;;;;;4;6;2;;12;10;6;10;8;11;4;6;3;;3;2;
MERCEDES BENZ GLC 200;;;;;;;;;;;;;;;;;;;;;;;;;;;;;;;;;;;;;;;;;;;17;20;19;16;10;3;4
OIL TRAILERS VIAL 840;;19;;1;6;5;9;;;;;4;;;2;1;;;;1;;11;;;20;;;;;;;5;5;;;;;;;;;;;;;;;;
HIZA TRAILERS PLAYO;;;;;;;;;;;;2;3;2;3;1;;1;;1;2;2;1;;;3;;;3;3;1;5;1;3;5;;7;1;2;5;5;3;2;1;7;3;4;6;
IDEROL SEMI CARGA CONV. 3E 3D S3-BV;;;;;;;;;;;;;;;;;1;2;1;2;2;;5;1;2;;;1;3;7;2;2;17;;;3;5;1;7;;1;3;3;9;4;;2;1;1
FERBUS KAISEN KAISEN 480 1E;3;9;3;4;7;7;5;5;7;9;9;13;;;;;6;;;;;;;;;;;;;;;;;;;;;;;;;;;;;;;;
ISUZU NQR90;;3;3;1;1;1;6;2;5;1;4;;1;;1;5;1;;1;1;;;;2;1;;1;;4;1;1;2;1;3;3;4;2;1;1;4;3;4;2;1;2;2;2;3;
RANDON RQ.CG.2+2;;;;;;;1;1;;2;4;2;4;4;6;;5;2;2;2;2;1;5;;;2;2;1;2;;1;1;;1;2;1;7;2;3;1;2;3;4;3;4;1;;1;
VOLVO XC90;2;1;;;;3;5;10;2;;1;1;;;;4;2;3;1;2;;;;;;2;1;;;;1;1;;1;2;2;4;3;2;3;1;1;10;6;5;3;1;1;
HELVETICA AC 3E BV;2;2;3;;3;1;4;3;1;5;3;1;1;1;4;3;2;2;1;2;3;;;;6;1;2;;1;;3;2;3;;;3;2;4;;1;3;2;3;2;1;;;;
HERMANN TOLVA CEREALERA A.TC.4E.29;3;;1;5;2;6;3;4;3;5;;;2;1;;;;;2;;;1;2;1;;1;;2;;1;1;1;6;3;2;2;4;2;5;3;;1;6;1;2;;;1;1
MERCEDES BENZ ATEGO 2432;;;;;;;;;;;;;;;;;;;;;;;;;;;;;;;;;;;;;;;;;;;;20;28;23;8;7;
F.H. S.V.P.411;2;2;2;5;;2;1;3;1;3;5;5;;;2;2;1;2;3;2;1;2;2;;1;2;1;2;4;1;;1;3;;3;;1;2;1;1;;2;;5;3;2;2;;
MARCELINI SRC12NA;5;;1;1;2;1;3;5;3;5;;;1;;5;;1;1;4;2;2;2;;;3;2;1;3;1;1;1;1;1;2;2;2;2;5;;3;5;3;;;1;2;;;
SOLA Y BRUSA VUELCO BILAT. 3 EJES - 1+1+1;3;9;3;;;;2;2;2;2;;5;;;;;1;1;1;1;;4;1;2;3;;;;;;;3;1;;3;;;1;;4;6;4;2;5;4;2;2;5;1
SOLA Y BRUSA VUELCO BILAT. 3 EJES-1 DESPLAZ. SUSP. NEUM. DIREC;2;;5;;;;1;;3;;1;;2;;3;8;;1;3;1;3;;2;;1;1;;3;3;;;1;3;;2;1;1;11;9;5;;1;;;4;3;;1;
JEEP WRANGLER;3;;2;1;;1;;1;;1;;;;;;;;;;;;;1;1;;;;;;;1;;1;1;;;3;5;6;6;6;19;5;4;1;5;5;5;
MACTRAIL TU 16-6-M;3;5;2;1;4;1;4;2;7;1;2;9;5;1;2;1;2;;3;;2;;;1;2;2;3;;1;2;;1;;3;;2;1;;;1;2;;3;;1;1;1;;
RAM 2500;2;1;1;;1;1;1;;;;1;;;;;;;;;;;;;;;;;;;1;;;;;;;10;16;10;8;6;8;4;5;1;2;4;1;
SHACMAN X5000;;;;;;;;;;;;;;;;;;;;;;;;;;;;;;;;;;1;;2;3;8;4;7;12;10;5;4;12;10;2;4;
OMBU SCS3E2+11450;2;;1;1;;1;;;5;1;;;;;2;;3;3;2;;2;;;;;5;1;;1;;12;1;2;2;1;1;7;4;1;6;1;;9;1;;;;4;1
IVECO 10-190;;;;;;;;;;;;;;10;;;;;;;1;;1;;;;;;;;;;9;7;;1;4;6;9;;2;6;;9;3;13;1;;
RANDON SR.CG.02+01 14.50 MTS LARGO;;;;;;;;;;;;;;;;;;;4;2;4;3;2;2;2;1;;1;3;9;3;1;3;3;4;1;4;4;2;1;2;2;3;3;3;3;3;4;
PINCEN SFPLA 3E;6;;1;2;6;6;8;;8;;;2;;2;9;;14;7;;2;;6;;;;;1;;;;;;;;;;;;;;;;;;;1;;;
SUBARU XV;2;1;;7;10;5;;2;4;5;6;;4;;2;;;12;3;;;8;;;;9;;;;1;;;;;;;;;;;;;;;;;;;
VOLVO VMX 350;;;;;;;;;;;;;;;;;;;;;2;;1;;;;1;2;1;;;1;1;2;4;1;10;;;1;2;5;5;12;5;2;21;2;
BMW M2;;;;;;;;;;;;;;;;;;;;;;;;;;;;;;;;;;;;1;;;;;;11;17;15;13;9;11;2;1
VOLKSWAGEN 18280;2;8;;1;;;4;;3;;;;7;5;6;2;;7;;;;1;;;3;;;;;;1;;;;1;;1;1;;;;6;6;;6;6;;3;
FERBUS KAISEN 400 1E;;;;;;;;;;;;;4;5;1;3;;4;1;3;4;4;4;3;6;1;1;;2;2;2;2;2;1;3;3;2;1;1;2;3;;;3;2;;2;1;1
MM-MARTIN ACOPLADO 4 EJES ABS - BARANDA VOLCABLE;2;11;5;4;4;5;2;5;;2;1;2;;1;2;1;;;3;2;;;;;;;2;3;;;;5;1;1;;1;;4;2;;;1;1;1;1;1;2;1;
SALTO SRBVD2E;;;4;;;;;;;;8;;2;;3;;10;;23;2;;;;;;;;;;;;21;;;2;;;;3;;;;;;;;1;;
EL GRILLO ATA 3 TA;1;4;9;4;8;;7;7;3;1;1;1;;;1;1;3;1;;4;1;;;2;;;1;;;;;;1;2;2;3;;2;;2;1;1;;;1;1;2;;
EL GRILLO ATF 07 TA;;1;2;3;1;2;4;1;1;3;;1;;2;;;8;2;4;;2;3;8;;;;2;;2;2;;4;2;5;2;;;1;;;3;2;;1;1;3;;;
AUDI RS3;;;;;;;;;;;;;;;;;;;;;;;;;;;;;;;;;;;;;;;;4;20;20;13;5;2;4;5;1;3
FERBUS KAISEN 570 2E;;;;;;;;;;;;;5;2;1;2;;3;1;1;4;5;2;;2;3;2;6;1;;1;4;3;2;1;3;3;2;1;2;3;1;1;5;3;1;;1;
LAMBERT S12PL;1;1;2;3;;3;;1;2;3;1;1;;;3;1;2;2;1;2;3;2;9;9;;4;;;;;;;;2;11;;1;;2;1;1;1;;1;;1;;;
MACTRAIL TU 17-8-R;4;1;3;1;3;2;1;1;4;2;9;3;6;;4;;1;;;1;2;4;2;2;4;1;1;;;;;;;1;2;4;2;1;;;;;1;1;1;1;1;;
NAVARRO HNOS ACOPLADO DE 2 EJES;;;;2;;;;;;;;;;;1;;;10;;;1;12;49;;;;;1;;;;;1;;;;;;;;;;;;;;;;
HERMANN VOLCADOR BILATERAL A.VL.4E.26;;4;4;3;4;;1;3;1;2;3;1;1;3;2;2;4;1;1;3;;;;1;;1;;1;2;;1;3;;4;1;;;2;;;;;2;2;6;4;2;;1
MERCEDES BENZ AXOR 2041S;8;7;12;3;3;2;4;;;1;2;1;6;8;2;1;3;5;4;1;1;;1;;;1;;;;;;;;;;;;;;;;;;;;;;;
R.A.G REAL ALFA GENUINA SEMIRREMOLQUE CISTERNA CILINDRICA - TK3EJNCA;6;2;3;;;4;3;3;1;3;2;2;6;2;2;1;;4;3;;1;1;1;3;5;;;;5;;;2;2;;;;3;;;;;2;;2;;2;;;
F.H. S.V.2.P 411;1;1;4;2;2;2;;2;1;1;2;;2;;1;1;;4;1;3;1;;1;;2;1;2;1;1;1;1;1;3;3;2;1;1;4;2;;6;2;1;2;3;1;1;1;
HERMANN ACOPLADO PARA TRANSP.GANADO EN PIE A.GP.3E.48;4;;2;;1;3;1;1;2;1;3;1;;1;3;1;2;2;2;4;3;1;1;;1;2;1;2;1;;;1;2;3;1;2;1;2;5;;1;1;2;2;2;3;;1;
GROSS SEMIRREMOLQUE VUELCO TRASERO (2+1) 9.90 MTS;;;;;;;1;;;;;;;;1;;2;1;4;7;1;6;4;1;8;3;;1;3;1;1;1;4;1;2;;1;3;3;3;1;2;1;1;1;3;;2;
VOLKSWAGEN 19360;1;;1;4;4;2;1;2;1;1;;1;2;;1;;4;1;2;;2;1;3;1;3;4;4;2;7;7;8;1;2;;1;;;;;;;;;;;;;;
VOLVO B450;4;1;;;1;;;2;3;;1;;6;2;;;;;;;1;4;;;6;6;1;1;2;;;2;;;;2;17;;;;;1;1;1;3;;1;2;3
SCANIA/MARCOPOLO K440;14;;9;;1;1;;7;4;1;1;;18;6;;;;;;8;;;;;3;;;;;;;;;;;;;;;;;;;;;;;;
VOLVO VM 270;3;7;12;4;6;5;5;3;8;4;3;1;1;6;3;;;;;;;;;;;;1;;1;;;;;;;;;;;;;;;;;;;;
BONANO SEMIRREMOLQUE CURTAIN SIDER DE 1D+2D EJES;;;;;;4;;7;;;4;;2;;5;;;3;;10;3;4;3;;;4;;;;1;;;1;2;4;;;1;;1;4;;3;2;2;;1;1;
SCANIA K280;2;;;;;;;;;;;;1;;;;;;;;2;;;;;;;;19;1;;;;;;;;17;6;5;6;1;3;3;2;1;3;;
FORD BRONCO;;;;;;;;;;;;;;;;;;;;;;;;;;;;;;;;;;;;;;;;;;;18;7;23;13;6;2;2
HELVETICA SR 3E 1+2 PJ;1;;;1;3;;;;1;;3;;2;1;1;1;3;1;2;3;5;2;;;;2;;;;;1;1;4;5;2;2;;12;2;1;;1;2;1;3;1;1;;
HONDA FIT;17;4;11;10;7;4;4;7;2;2;;1;1;;1;;;;;;;;;;;;;;;;;;;;;;;;;;;;;;;;;;
TOYOTA GR 86;;;;;;;;;;;;2;;;;1;2;;;3;1;;1;;1;;;;;;1;;;2;;;9;7;8;6;4;;;3;8;5;4;3;
VULCANO SEM (1+2 EJES);2;4;2;2;;1;2;;4;2;5;3;3;;3;1;3;6;6;2;3;9;1;2;1;;;;;;2;;;;;;;1;;;;;;;;;1;;
JAC T6;3;1;3;2;3;3;1;5;4;4;2;3;1;3;;1;4;1;3;1;1;;1;;2;2;1;;3;;3;;;1;;;1;1;3;1;;1;1;;;;;;
MERCEDES BENZ ATEGO 1419;3;3;8;4;6;6;8;;5;1;4;;1;2;8;4;1;;2;1;;3;;;;;;;;;;;;;;;;;;;;;;;;;;;
QME SR.PL-3. SEMIRREMOLQUE DE 3 EJES PLAYO;;;;;;;;;;;1;1;;;11;1;1;;;1;1;;;;;10;;;;;2;1;1;;;;4;;1;1;;2;11;4;3;5;5;3;
CHERY TIGGO 8;;;;;;;1;;;;;;;;1;;1;1;2;2;3;;2;2;5;2;7;3;2;2;4;2;1;3;;1;1;;;3;;;1;;;2;4;10;1
IVECO TECTOR 150 E;17;12;10;8;6;2;5;3;;2;2;1;;;;;;;;;;;;;;;;;;;;;1;;;;;;;;;;;;;;;;
MIC SEMIRREMOLQUE DE TRES EJES;2;3;2;2;2;6;6;2;6;2;2;2;;2;5;4;6;;6;;1;2;;;1;;1;;;1;;;;;1;;;1;1;;;;;;;;;;
LAMBERT A3BV;4;1;2;1;3;1;1;1;;1;1;1;1;1;1;;;;2;1;;;;3;;;2;2;1;1;2;;1;2;2;1;3;;3;1;2;2;1;7;3;2;3;1;
LAMBERT S12PC;3;;;1;;4;;1;1;4;4;1;;;;;;1;3;2;1;;2;;;2;1;;2;;1;1;3;2;;;1;;7;2;;6;7;1;2;1;1;;
RANDON SR.TQ.03;4;;2;3;1;1;4;5;2;3;2;;3;1;5;;;;1;1;;2;;;;;;;;;;1;;;;;;;;;2;1;5;2;2;11;3;1;
AUDI Q7;1;;;;2;1;1;;;;;;3;2;4;1;1;2;1;1;3;2;1;;;1;2;;;;;;1;1;;;1;8;2;2;1;1;4;3;7;1;2;3;1
OMBU STC3E2+154;2;5;4;2;1;1;2;1;3;1;;1;4;;1;;;;2;1;;;1;;;2;1;;1;1;4;2;1;3;1;;1;1;2;3;;2;2;;2;3;2;1;
PINCEN SFTLA 2+1E;3;3;3;;;1;;2;;;;2;;;1;;2;2;;3;3;2;;1;;;;;1;3;;;1;3;1;1;2;;1;4;2;3;1;6;3;1;2;4;
REMOLQUES RECONQUISTA AC0304- ACOP 4 E TODO PUERTA;5;4;6;;7;1;1;3;1;4;1;2;3;1;2;;2;1;;1;;;;;;1;;;;;3;2;1;1;1;;;;3;1;1;;1;3;1;1;;2;
SORAZABAL JAULA DOBLE PISO HACIENDA DE 3 EJES;1;;;1;1;2;;1;2;1;1;1;;;;1;1;2;2;3;;1;;1;;;1;1;2;;4;2;2;1;1;1;1;5;1;3;1;2;2;5;5;2;1;2;
BONANO SEMIRREMOLQUE BARANDA VOLCABLE 2 EJES + 1 EJE DIR.;2;6;9;3;2;10;1;1;;1;3;;;;;;9;11;;7;1;;;;;;;;;;;;;;;;;;;;;;;;;;;;
IVECO CC170G21;;;;;;;;;;;;;;;;;;;;;;;;;;;1;;;6;;;1;20;;;1;;;;;;;12;8;;5;12;
AHT ALZUARTE S.JAULA GANADERA 2 E;1;1;2;1;2;;3;3;4;2;1;2;3;3;2;3;2;2;1;1;3;;1;;1;3;;4;1;1;3;;;2;2;;;1;;1;1;;;;1;1;;;
EL FIERRO SEMIRREMOLQUE PARA TRANSPORTE DE CARGA GENERAL 3E;;2;2;1;2;1;1;2;1;1;1;4;1;2;2;2;4;3;1;2;;3;2;1;;;1;;;1;;4;;;1;2;;2;1;1;3;2;3;2;;;;1;
NAVATUC NT ACOPLADO CAÑERO 3 EJES;1;1;1;;2;4;;;;;;;;1;;;;8;3;3;;;;;;1;;;;4;5;;4;;;;;15;5;2;;3;;2;;;;;
PEUGEOT NUEVO 5008;;;;;;;;;;;;;;;;;;;;;;;;;;;;;;;;;;;;;;;;;;1;;;21;22;9;8;4
VOLVO VM 280;;;;;;;;;;;;;;;;;;;;;;;2;3;1;;;1;2;1;;;1;;;1;2;;1;2;;2;4;5;3;20;14;;
BULL TRAILER SR 46.7-2114;;;;;;;;;;;;;;;;;;7;6;3;1;4;2;2;3;3;;2;5;2;;8;3;3;2;1;4;;;;2;;1;;;;;;
EL GRILLO S2TA TA;1;4;3;2;4;3;4;3;3;2;;1;;1;;;3;2;;1;4;1;8;1;;;2;1;3;2;1;1;;1;;;;;;;;;;;1;;;;
FERBUS KAISEN KAISEN 520 2E;1;8;2;3;2;;5;3;3;3;4;3;;;;;;1;1;;1;1;;1;1;;;2;;;;1;1;2;1;;3;1;;;1;1;;1;1;1;2;2;
HERMANN GANADERO S.GP.2E.91;;;;;;;;;;;;;1;2;;2;;1;1;5;;;2;;1;2;1;2;2;1;4;3;5;4;2;1;3;1;1;2;1;1;2;3;1;2;1;3;
OMBU SPA3E1420;1;;3;2;3;;;3;;;2;;2;;;4;;;;3;3;;;6;;;;3;;2;;;;;;3;;;;;;;;6;4;4;9;;
RANDON SR.SL.03;3;3;3;1;2;1;;;7;7;1;2;2;3;3;2;1;;;5;2;;;1;;;;;1;;;;;;;1;;;;;;;;;3;7;2;;
MERCEDES BENZ AMG C43;4;;1;2;2;1;1;1;2;3;1;;;;1;;;;;;;;;;;;;;;;;2;3;5;4;1;9;3;4;;;1;7;;2;1;;1;
PATRONELLI SEMFT1E;;;4;2;15;15;;;;2;;1;;;8;;;1;1;1;;;2;2;;;;1;;;;;;;1;1;;;;;;;;3;;;1;1;
VOLKSWAGEN CONSTELLATION 32.360;1;;1;;2;8;;2;;;;;3;;;;;;;;;;;;;;;3;;1;;4;3;1;;2;;1;;5;6;11;6;;1;1;;;
AHT ALZUARTE S.FURGON CARGA GENERAL 2 E;2;1;3;2;1;;1;1;4;4;1;2;;;;;2;2;2;1;2;3;2;1;;1;2;;;2;2;1;;;1;;2;;;3;1;1;1;2;;5;;;
FERBUS KAISEN 450 1E;;;;;;;;;;;;;3;4;1;;;1;3;2;4;2;8;3;4;1;2;2;1;;5;2;1;2;;1;2;2;;;;;;;1;2;1;1;
FXV BATEA PORTA AUTOMOVILES 305 B;;;;;;;;;;;;;;;;;;;;6;;;;;;;;;;;;;;;;;;12;;18;;;;10;15;;;;
SOLA Y BRUSA VOLCADOR 3 EJES - 1+1+1;3;3;;2;5;;;3;;1;;1;;;2;;1;;2;;;2;;1;;1;1;2;;;2;;;1;;2;3;1;2;;2;3;1;2;2;3;;7;
VULCANO BITREN D - STSD-60;;2;3;5;3;4;4;1;2;2;1;3;;3;1;2;;3;;1;;;;;;1;;1;2;1;1;3;;;;1;1;;1;3;1;;1;;;;3;1;
HELVETICA SR 3E T BV;;1;4;2;2;2;2;2;1;1;;;;;4;3;2;;;1;2;1;1;;;;;1;;1;;3;;1;1;1;1;3;1;2;4;1;2;;5;;1;1;
MACTRAIL POLICIAL GRANDE;1;2;3;;;1;2;6;2;3;7;1;2;;3;2;2;;;1;3;1;1;;2;1;;;1;;1;1;;2;;1;2;;;1;;1;;;;2;2;;
MB TRAILERS PLAYO P;;;;;;;;;;;;;;;;;;;;;;;;;;;1;2;3;1;4;3;1;3;1;3;5;1;4;2;5;2;1;1;4;6;2;5;
SCANIA P380;;3;2;;2;4;2;1;;1;1;1;1;1;2;2;;;;;1;;3;;;;;;3;1;;;1;;;;1;2;;;1;7;7;3;;;4;;3
VULCANO BITREN T - STST-60;;2;3;5;3;3;4;1;2;2;1;3;;3;1;2;;3;;1;;;;;;1;;1;2;1;1;3;;;;1;1;;1;3;1;;1;;;;3;1;
RANDON SR.SD.1+1+1;;1;1;;1;1;1;1;1;2;2;1;6;;;14;8;;;;1;;1;;;;10;;;;;;;;1;2;1;1;;1;;;;;;;1;;
TOYOTA CROWN;;;;;;;;;;;;;;;;;;;;;;;;;;;;;;1;;1;3;4;2;3;4;;;7;3;3;7;2;4;10;5;;
BONANO SEMIRREMOLQUE CURTAIN SIDER DE 2 EJES + 1 EJE DIR;1;2;2;2;5;1;4;1;1;;1;1;2;6;2;9;;3;2;5;1;;7;;;;;;;;;;;;;;;;;;;;;;;;;;
HERMANN FURGON S.FP.3E.98;;;;5;4;9;;;2;;1;;;;;;1;25;;6;4;;;;;1;;;;;;;;;;;;;;;;;;;;;;;
VULCANO BITREN T - CSST;1;1;2;;2;2;1;1;1;;;;4;4;3;2;2;1;;3;1;;;;2;;2;;1;;6;3;;;1;;2;1;2;2;1;;;;1;1;;2;
HERMANN GANADERO S.GP.2E.91 1+1;;;1;;2;3;;;;1;1;1;;;;;1;;1;3;2;;4;1;;3;1;3;3;2;;2;1;2;1;2;2;3;;2;2;;4;;1;;2;;
METALURGICA BELGRANO SEMIRREMOLQUE TANQUE 1+2 EJES FRENO TAMBOR;;6;3;1;;2;2;;2;;1;;3;;1;1;;;;3;1;3;1;;2;1;;3;1;6;4;2;2;2;;;1;2;1;;;;;;;;;;
MERCEDES BENZ ATEGO 2426;11;2;7;9;9;4;3;2;1;2;;;;;;;;;2;4;;;;;;;;;;;;;;;;;;;;;;;;;;;;;
MONTENEGRO SEMIRREMOLQUE PORTA CONTENEDOR 1+2 EJES;1;;1;1;;;;3;;1;2;;;;;;;;;;;;;2;2;1;;;;;;5;1;;;;5;2;5;1;4;5;2;1;3;3;3;2;
SOLA Y BRUSA CORT. LAT. 3 EJES- 1 DESPLAZ. SUSP. NEUM. DIREC.;;;;;;;;;;;;;;;;;;3;1;2;;1;9;;4;;3;2;1;;1;;;3;5;4;1;3;;1;3;1;2;;2;1;2;1;
SOLA Y BRUSA PLAYO 4 EJES;1;3;5;1;;3;3;2;1;;;;2;1;1;3;;;2;;1;4;4;;3;1;;1;1;;;1;;2;;;2;1;1;;1;;2;;2;;;1;
BAIC EU5;;;;;;;;;;;;;;;;;;;;;;;;;;;;;1;;;1;2;;;11;;2;4;3;2;1;2;3;1;13;5;4;
BONANO SEMIRREMOLQUE VOLCADOR TRASERO DE 1D+2D EJES;;;;;1;1;;2;1;1;1;2;;;2;;4;4;;1;;;;1;;1;2;;2;;4;2;10;1;;;;2;;;;1;1;4;2;2;;;
HAVAL H2;15;3;10;6;6;4;1;;;;;3;;2;1;1;1;;1;1;;;;;;;;;;;;;;;;;;;;;;;;;;;;;
JAC JS2;;;;;;;;;;;;;;;;;;;;;;;;;;;;;;;;;;;;;;;;;;;;12;14;11;13;3;2
PINCEN SFPLA 2+1E;;;;;;;;3;;2;;;;;;;2;1;1;;;3;;;4;;4;;;;;;;;;5;5;2;;8;2;1;1;2;7;1;1;;
RANDON SR.SL. 1+1+1;2;2;4;5;3;2;1;1;6;2;;;2;1;2;2;1;;;13;2;1;;;;;;1;;;1;;;;;;;1;;;;;;;;;;;
BAIC BJ60;;;;;;;;;;;;;;;;;;;;;;;;;;;;;;;;;;;1;;;2;3;7;4;5;5;1;7;7;5;6;1
DANES SN 3EC DD;1;;;2;;1;1;4;;1;1;2;;;;;;;6;7;;2;1;1;;;;2;;;1;;;1;;1;4;;;2;5;4;;;1;;1;2;
NISSAN LEAF;;;5;4;2;4;2;2;7;3;2;6;3;;1;1;;2;1;;;2;;;;;;1;;;1;1;;;;1;;;;;;;;;;3;;;
LAMBERT A3PL;;3;5;1;2;1;2;5;1;1;1;3;1;1;1;1;3;1;1;;;;2;;1;;;;1;;2;;2;;1;1;;1;1;;2;;;2;1;;1;1;
MERCEDES BENZ AMG CLE 53;;;;;;;;;;;;;;;;;;;;;;;;;;;;;;;;;;;;;9;3;3;1;4;7;4;2;7;6;3;3;1
PINCEN SCS 3E;1;;1;;15;;9;1;;4;;;;;;;;1;;;;;;;;;;;;;1;;;;4;;8;8;;;;;;;;;;;
SOLA Y BRUSA PORTACONTENEDOR 3 EJES- 1 DESPLAZ. SUSP. NEUM. DIR;2;;;3;;7;1;3;1;;;3;;;1;;;1;;2;;;2;2;1;;;1;;;;1;;;;;2;;;3;1;2;2;5;3;2;;2;
VOLKSWAGEN VOLKSBUS 15.190;;;;;;;;;;;;;;;;;;;;;;;;;;;;;;;;;;;;;2;;;10;;4;4;7;4;5;14;;3
BACO SEMI 1+2 EJES VOLCADOR TRASERO BATEA;4;3;1;;2;10;;2;8;2;1;3;1;;;;2;;;;;1;1;;;;;;;1;1;;1;;2;;;;1;4;;;;;;;;1;
BONANO SEMIRREMOLQUE TERMICO 3D;;;;;;;;;;;;;;;;;;;;1;2;1;;1;1;2;2;3;5;1;;1;2;1;2;1;1;1;1;2;7;12;;;;;1;1;
INDUMIX MTI S 8 M3;;1;1;1;5;1;7;2;2;2;3;3;;;;;;1;1;;;;;1;1;1;;2;4;;;1;1;1;1;1;;;1;;;2;1;1;;;2;1;
MERCEDES BENZ OF 1724;1;6;2;1;;1;;;;;;;;;;1;1;;1;1;;;;;1;2;;1;1;1;2;2;1;2;2;1;1;2;4;;1;;2;2;2;1;2;4;
METAGRO S-2E- TANQUE;;2;4;;;3;1;;;;1;;1;3;;1;1;4;6;1;;3;3;2;2;3;1;2;1;1;4;;;;;;;;;;;1;;;;;1;;
PATRONELLI CARRETON 4 EJES - SEMC4E;2;;3;;1;;2;;1;1;;;1;2;2;;2;2;;;;1;2;1;2;1;;;2;2;3;;2;1;4;2;1;;2;1;1;;1;1;1;;;2;
PINCEN SFPLA 2E;3;1;;;2;1;;5;;2;2;1;;;;1;2;1;;5;;2;3;;;;;1;;1;1;3;1;;1;1;;2;;1;1;2;1;2;1;1;1;;
SALTO SRFA3E;6;1;;1;1;3;1;;3;;3;;;;1;4;3;1;1;1;;2;2;;2;;1;1;;;;2;1;1;1;;;1;2;;1;;;;;;5;;
SIN MARCA CASA RODANTE;;;;;;;;;;;;;;;;;;;;;;;;;;;;;;;;;;;1;2;3;4;3;2;2;3;1;5;2;6;7;8;3
DS DS9;7;2;;1;;;;;4;2;1;;1;1;2;4;6;1;1;3;2;3;1;;3;;1;1;;3;1;;;;;;;;;;;;;;;;;;
F.H. A.V.2.P.411.4.E.;;2;1;2;1;2;;1;3;;2;;;;;;2;2;2;;1;1;;;;;1;1;3;2;2;2;;1;1;;1;1;;2;;1;4;4;;2;;1;
FERBUS KAISEN KAISEN 450 1E;8;4;2;2;3;2;7;5;3;7;1;4;;;;;3;;;;;;;;;;;;;;;;;;;;;;;;;;;;;;;;
HERMANN ACOPLADO PARA TRANSP.GANADO EN PIE A.GP.4E.27;;1;1;;;1;;2;1;;;1;;1;;1;;2;1;;2;;2;1;;;;1;2;1;4;2;;1;2;;;6;3;1;1;2;1;1;4;2;;;
JEEP GLADIATOR;6;5;5;;1;4;1;1;1;;2;;2;2;;1;1;3;;;2;;2;2;1;;;;;1;1;;;;;1;;;;1;;;1;1;;1;1;1;
SOLA Y BRUSA BARANDAS VOLCABLES 3 EJES TANDEM;;1;;1;2;1;1;;3;4;;;;;4;1;1;;;1;2;1;;;2;1;;1;;1;;1;;;;;;3;;3;2;1;3;4;1;5;;;
AA ASTARSA TRAILER PARA 5TN;;;;;;;;;;;;;;;1;;;6;1;;3;;9;9;;1;;;1;;;;2;1;;;;;;;;;;14;1;;1;;
FERBUS KAISEN 380;1;5;1;2;1;1;2;4;3;2;3;2;2;1;2;1;2;;2;1;;1;3;2;1;;;;;1;;;;;;1;;1;;;;;1;1;;;;;
FERBUS KAISEN KAISEN 400 1E;3;5;6;4;1;5;4;6;3;4;5;2;;;;;2;;;;;;;;;;;;;;;;;;;;;;;;;;;;;;;;
FERBUS KAISEN KAISEN 570 2E;2;4;3;6;2;2;6;6;2;4;6;2;;;;;5;;;;;;;;;;;;;;;;;;;;;;;;;;;;;;;;
JMC GRAND AVENUE;;;;;;;;;;;;;;;;;;;;;;;;;;;;;;;;;;;;;;;;;3;3;;4;7;15;3;14;1
LAMBERT A4PL;2;;;1;;1;;;3;;;;3;;;2;2;;1;3;1;;1;1;4;;1;;2;2;1;;;3;2;;;;1;4;4;;3;1;;1;;;
MERCEDES BENZ EQA 350;;;;;;;;;;;;;;;;;1;1;1;6;1;;4;;1;1;3;1;3;7;;1;1;;2;1;1;1;2;1;2;2;2;;1;;3;;
PATRONELLI SEMCG21;;;;;;;;;;;;;;;;;;;;;;;1;;;;10;;1;;;;4;4;1;;18;3;;5;1;;1;;;;;1;
SOLA Y BRUSA FORESTAL 3 EJES;;1;1;;;;2;1;1;;1;1;1;;1;1;2;1;3;1;2;;1;1;;1;1;;2;;2;5;1;;;;3;3;;1;2;;3;1;;2;;1;
FAW ACTIS;;;;;;;3;3;2;;;1;1;1;1;;2;4;1;2;1;;1;5;1;;4;4;3;;2;3;1;;;;;;;1;;;;1;1;;;;
METALURGICA BELGRANO ACOPLADO 2+2 EJES - ABS;1;1;;1;;1;;1;;3;1;3;3;;;;;2;1;;;3;2;;2;2;;2;1;1;2;;1;1;;;;;;1;2;1;2;4;2;1;;1;
NAVARRO HNOS SEMIRREMOLQUE DE 2 EJES;3;;1;7;3;6;;;2;;3;;;;;;;1;1;;;1;;5;3;1;1;;;;2;;;;;1;;;;;;1;1;;;4;;1;1
PEUGEOT NUEVO 408;;;;;;;;;;;;;;;;;;;;;;;;;;;;;;;;;;;;;;;;;;;;;5;15;14;13;2
SAYI SEMIRREMOLQUE TANQUE SE.TQ.02;2;1;;;2;2;6;;;1;;;;;;;;;1;5;;2;2;;;2;2;;2;;;;1;3;6;1;2;1;;2;1;2;;;;;;;
SUBARU ALL NEW FORESTER;;;;;;;;;;;;;;;;;;;;;;;;;;;;;;;;;;;;;;;;;;;;;;18;19;12;
ASTIVIA S3-TANQUE CORR.COMB.INF;1;3;6;2;;;1;1;1;1;1;;;;;;2;;1;3;;2;4;;;1;1;;4;;3;1;;1;;;;1;1;1;2;;1;1;1;;;;
HERMANN PALETERO S.PA.3E.71;;;1;2;;;;;;1;3;;;;;;;2;;1;2;;2;2;;;;1;;;5;4;;1;;4;;1;;;4;2;;5;2;;3;;
HIZA TRAILERS MINI RODANTE;;;;;;;;;;;;;5;4;2;;2;1;;1;;1;2;2;3;1;1;;;;;1;1;;4;1;4;;1;1;4;1;;1;;1;3;;
INDECAR SEMIRREMOLQUE TANQUE 3 EJES TANDEM;2;;3;1;2;;;;3;;3;;;3;;1;1;5;;3;1;;1;1;;;;1;;;2;;1;2;;1;3;;1;;;;1;1;2;2;;1;
VOLVO/MARCOPOLO B450;26;;;;;;;;;;;;;;;;;;;;;;;;;;;;;;;;;;;;10;;;;;;;;;;1;;11
BERTOTTO, BOGLIONE Y CIA. S.R. SEMIRREMOLQUE 3 EJES (1+2) VOLCABLE;8;1;2;9;1;1;1;6;1;3;1;;;1;1;;2;1;1;;;;1;;;;;1;1;;;1;;;;;;1;;;1;;;;;1;;;
BONANO SEMIRREMOLQUE TERMICO DE 3 TANDEM.;3;2;2;4;4;1;;5;14;1;2;;;;;;3;;2;;4;;;;;;;;;;;;;;;;;;;;;;;;;;;;
HERMANN TODO PUERTAS A.TP.3E.24;;;1;;1;2;;3;3;2;1;1;;;;1;2;;1;3;1;;1;;;;;2;2;;;1;1;4;3;1;1;2;1;;;;2;1;2;;;1;
MONTENEGRO ACOPLADO BARANDA VOLCABLE 4 EJES;2;2;2;3;1;2;4;4;1;2;2;3;2;2;1;1;1;;;;;;;;;2;;1;;;1;1;;;;;;2;1;;1;;;1;;1;1;;
NAVARRO HNOS ACOPLADO DE 3 EJES;1;;1;7;1;14;;;2;1;2;;;;;;;1;2;;;1;1;2;3;;;;;1;1;;;;;;;;;;;;1;;3;1;1;;
SCANIA/MODASA ZEUS 5;;;;;;;;;;;;;;;;;;;;;;;;;;;;;;;;;;;;;;;;;;;;;2;25;11;9;
BONANO SEMIRREMOLQUE PAQUETERO DE 1D+2D EJES;;;;;;;;;;;;;;;;;;;;;1;;;1;;1;1;;;3;1;2;1;7;;1;1;3;;1;1;2;2;11;;4;;2;
FUR-TAN SEMI TOLVA 3 EJES 2 CIST.A.CARB.CON.PINT.33000L;;2;2;;1;;;2;1;1;2;;3;1;4;1;4;;3;;6;2;1;5;;1;;3;;;;1;;;;;;;;;;;;;;;;;
MALDONADO 2/3 HARLEY/BMW - TRAILER (CAT.O1);;;;;;;;;;;;;1;3;1;1;2;1;;1;;2;;1;;2;3;2;;;4;2;2;1;1;;;2;1;1;3;;2;1;2;;3;1;
MERCEDES BENZ AROCS 4848 K;;;;;;;;;;;;;;;;;;;;;;;2;;;1;;1;3;1;1;1;4;2;1;1;4;1;6;3;1;2;2;2;;2;3;2;
PORSCHE CAYENNE;;;1;;;;;;;;;;3;1;;1;1;;;2;1;;;;;;2;1;2;;2;1;1;2;;;2;1;1;1;2;4;2;4;;4;4;;
REMOLQUES RECONQUISTA AC0302- ACOP 4 E BARANDA VOLCABLE;3;;;2;;;;;2;;;2;;;3;;1;4;1;1;;;2;1;;;3;;4;1;1;2;4;1;1;;2;;3;;1;1;;;;;;;
VOLVO VMX 280;;;;;;;;;;;;;;;;;;;;;1;;3;;;1;1;1;2;;;;;;2;;3;1;2;;2;3;1;5;2;6;4;6;
AIELLO SR-310 TOLVA;;2;2;3;1;3;4;4;3;;2;;;;1;;1;;;;;2;;1;;;;;1;1;;2;;1;1;4;1;3;1;;;;1;;;;;;
EL GRILLO ATF10 - REMOLQUE CUATRO EJES CON ABS;;;;;;;;;;;;;;1;;1;1;2;;1;;;2;;;;;;1;;8;4;2;1;2;2;2;;;2;4;;3;3;2;;;1;
SCANIA G440;;1;;1;;;4;4;3;3;1;;3;1;3;;;1;1;;2;2;2;;;;;;;;;;;1;3;;;1;;1;1;;2;;2;2;;;
IDEROL SEMI CARGA CONV. 3E 3D S3-CS;;;;;;;;;;;;;;;;;;;1;1;1;1;1;;1;1;1;;2;;2;3;2;7;1;;1;1;;4;;;5;2;1;1;2;2;
METAGRO S M - 2E TANQUE;;;;;;;;;;;;;;;;;;;;;;;;;;;;;;;;2;;9;;3;3;3;3;5;1;6;3;;2;2;2;;
MINI JOHN COOPER WORKS;;;;;;;;;;1;;;;;3;1;;1;;;;1;2;2;;1;;2;2;2;3;3;;2;1;;;;;1;3;1;;;2;2;5;3;
SALTO SRBVT3E;;;;2;1;3;1;;;;1;4;;1;;;1;;;5;2;;14;;;;;1;2;;;;2;;;;2;;;2;;;;;;;;;
SORAZABAL SEMIRREMOLQUE JAULA DE DOS EJES SIMPLE;;;;1;1;;;;;;1;;;;;;1;1;1;2;;2;;1;1;;2;;;1;1;3;1;1;1;1;2;2;;1;7;2;3;1;2;;1;;
AIELLO WHIM SRB 330;;1;;1;;;;;;;6;;;;;;2;4;5;;;;;;;;;;;;;;12;1;;;;2;;;9;;;;;;;;
BONANO SEMIRREMOLQUE BARANDA VOLCABLE DE 1D+2D EJES;;;;1;2;;2;;4;1;1;;6;;2;2;;;2;;;1;;;;;1;;;;1;2;2;;1;;2;2;1;;2;2;;2;1;;;;
DFSK GLORY 500;;;;;;;;;;;;;;;;;;;;;;;;;;;;;;;;;;;;;;1;2;4;3;3;9;6;4;7;2;1;1
DM TRAILERS ACONCAGUA 320;;;;;;;;;3;3;;2;;2;;;1;;2;1;;2;5;4;1;2;3;;1;;1;;2;1;;;2;1;;;1;;;1;1;;1;;
DONGFENG CAPTAIN W 412 SC;;;;;;;;;;;;;;;;;;;;;;;;;;;;;;;;;;;;;;;;;;;;;6;11;18;8;
OMBU STC3E52;;1;;1;1;;;1;;1;1;2;;3;;;2;;;;1;;1;;;1;1;;1;;1;1;4;1;3;2;;;;;1;3;;2;1;3;3;;
PORSCHE MACAN;1;1;1;1;1;;1;;;;1;;2;;;;;;1;;1;;;;;;;2;;;;3;;2;2;1;3;1;1;;1;1;2;7;1;3;1;1;
SALTO SRVM3E;;1;1;1;7;;;;1;;1;;;;1;;10;;1;;;5;;;;;;;;;;;;1;6;;;;;;4;;2;;;;1;;
DANES ST 4EM DD;;;;;;;;;;;;;;;;;;;;;;;;;;;;;;;;;;;;;;;;;1;;10;13;2;5;11;;
DI POLVERE AT3R;;1;2;1;;;;1;2;1;1;;;;1;2;;2;;1;;;;;1;1;1;;;;2;3;1;1;3;1;1;1;1;3;2;1;1;2;;;1;;
DM TRAILERS ACONCAGUA 520;;;;;;;;;;;;;;;;;;;;;1;;3;3;5;4;;;;;3;1;1;;;1;1;1;1;1;2;1;2;2;1;2;4;2;
H.C.MANCINI TVM 01 E;;;;;1;;;1;;;1;1;3;1;;;;4;4;;1;1;;;;;;;3;;;;1;7;2;;1;;1;1;;;1;;5;;;2;
INDECAR SEMIRREMOLQUE TANQUE 3 EJES (1+2);;1;2;2;;;;1;;;;2;;1;;1;;;1;;;1;;;1;2;1;1;2;1;;1;1;1;4;2;2;;2;2;;1;;1;5;;;;
LAND ROVER DEFENDER;;;;;;;;;;;;;;;;;;;;;;;6;3;2;;1;2;2;;1;2;1;1;;;3;1;1;1;1;2;;1;6;3;2;;
MACTRAIL 2/3 HARLEY/BMW;3;4;;4;2;1;;4;2;6;2;2;4;3;;;;;2;1;2;;;;;;;;;;;;;;;;;;;;;;;;;;;;
MALDONADO 1+1+1 SNT ABS/EBS;;;3;4;2;2;3;1;;3;1;;;1;;3;3;;;1;;;2;;;;;;;;2;;1;;;1;1;;;5;;;;;3;;;;
SOLA Y BRUSA A 4 EJES;5;2;8;4;3;6;4;2;4;;1;1;;;;1;;;;;;;;;;;;;;;1;;;;;;;;;;;;;;;;;;
SOLA Y BRUSA BARANDAS VOLCABLES 3 EJES 1+1+1;2;;2;1;2;;;1;1;2;;;3;;1;1;;;1;;;;2;1;;;;1;1;;;1;2;;3;;2;;2;;1;;2;2;2;2;1;;
BMW M440;10;7;6;1;1;3;;2;1;;2;3;;1;1;;;;;;;;;;;;;;;;;;;1;;;1;;;;;;1;;;;;;
HERMANN TODO PUERTAS A.TP.4E.14;1;3;1;;;;;4;1;1;;2;1;1;2;1;;3;1;1;1;;2;;;;1;1;;;;3;1;;1;;1;;1;;;;;;;4;;2;
MARCELINI ALR8NPP;2;2;4;1;5;2;5;1;;2;5;2;1;;;;;2;2;3;;;;2;;;;;;;;;;;;;;;;;;;;;;;;;
OMBU SBV3E2+11540;;;;1;1;1;10;1;;;;;;;1;2;2;1;;;1;1;;;1;;5;;;;;1;2;;;1;1;1;1;3;;2;;;1;;;;
OTROS ACOPLADO/SEMIRREMOLQUE;;;;;;;;;;;;;3;13;4;;5;2;2;4;2;;2;1;;;;1;1;;;;;;;;;;;;;1;;;;;;;
SALTO SRCH2E;1;;;1;;;;;;;;;;;1;;1;3;2;5;;;;;;;;;;;2;;1;4;3;;;;6;2;;;;3;4;;;2;
VOLVO FM 420;4;5;2;;;1;1;;;;;;;;;;;1;;;;;;;;;;;;;;;;;;;;;;;;;;;;9;15;;3
AUDI A6;3;;1;;1;2;;;;;;;1;1;2;2;3;1;2;1;;1;1;1;;;1;;2;;;1;;2;1;;2;1;1;1;1;1;;2;1;;;;
DANES ST 2EC DD;;1;3;2;1;;1;;1;2;;;;;;;;;1;;;;1;;1;;1;1;;;3;;3;1;1;2;1;1;;;6;1;;1;;;3;1;
FERBUS KAISEN 600 2E;;;;;;;;;;;;;;1;;1;;6;1;;1;;7;;3;;1;;1;1;1;3;;;1;1;;1;;1;2;1;1;2;1;1;;1;
HIZA TRAILERS MEDIA BARANDA;;;;;;;;;;;;2;4;1;2;1;1;1;;;;2;2;3;1;1;;;;;;2;1;4;1;1;1;1;1;;1;2;1;;;2;1;;
SIN MARCA FURGON HABITACIONAL;;;;;;;;;;;;;;;;;;;;;;;;;;;;;;;;;1;2;;2;4;6;2;;2;2;2;4;;2;5;6;
VOLKSWAGEN CONSTELLATION 33.460;;;;;;;;;;;;;;;;;;;;;;;;;;;;;;;;;9;2;5;1;2;2;1;6;3;3;2;3;1;;;;
CORMETAL SPXB21;;;;;2;1;;2;;1;;1;1;1;1;2;1;2;1;;;;;;;;1;1;;1;;2;;1;;;2;1;3;;2;1;;7;;;1;;
DANES ST 3ET DD;;;1;1;;1;;;;;;;;;;;;5;6;1;;1;;;6;;1;1;1;;1;;;3;;;2;1;;;1;;;3;1;;2;;
GOTITAS RODANTES MINI RODANTE GR;;;;;;;1;3;2;4;3;2;1;1;1;2;1;1;2;2;2;3;1;5;;;;;;;;;;;;;;;;;;;;;1;;1;;
HELVETICA SR 3E 1+2 SD;2;1;1;2;;3;;1;;;1;;;;;2;2;1;1;1;1;1;;1;1;2;1;;;;2;2;1;1;1;1;;;1;1;;;1;2;;;1;;
HERMANN BARANDA VOLCABLE S.BV.3E.67 1+1+1;2;2;4;2;;;;3;2;;;3;3;1;;1;1;3;;2;;;;;;3;;;1;;;;;4;;;;;;;;;;;1;1;;;
JAC T8;;;;;;;;;;;;;;;;;;;1;;1;;2;;7;;2;1;4;1;3;1;1;2;;;1;1;2;;;;1;;;;;8;
JAC X200;;;1;;;1;;;;;;;;;;;;;;;;;;;1;1;2;1;2;;2;;;6;5;3;3;;;;1;;1;1;1;;4;3;
MONTENEGRO SEMIRREMOLQUE JAULA GANADERA 2 EJES;1;;;;1;2;;;;;;3;;;;;;1;1;1;1;1;;;;1;2;4;;;2;;1;1;3;1;1;1;1;2;1;1;2;3;;;;;
SATURNI TODO PUERTAS 3EA;2;1;2;;1;1;1;;;;1;;;2;2;2;;5;;;;;;;;1;;2;;;1;1;;1;1;;2;;;;2;;1;1;2;1;3;;
JAC S3;5;2;5;6;2;1;;1;1;2;1;;;2;;;;;2;;;1;;;;;;;;;;2;;;2;;1;;1;;;;;;;;;1;
MERCEDES BENZ E450;;;;3;2;;;1;1;;;;;1;1;;;;1;;2;2;;;2;;;;;;;;;;;;4;1;1;1;3;4;2;1;2;1;2;;
MONTENEGRO ACOPLADO CARRETON 3 EJES;1;2;;1;2;2;;1;3;2;2;1;;;2;;1;1;;1;;1;1;1;;;1;2;;;;3;1;2;;;;2;;;1;;1;;;;;;
RANDON SR.SD.02+01;;;2;;;;2;3;2;4;1;;;1;;;;;;2;1;;2;1;1;;;;;1;;;;1;;1;;1;;1;;2;1;2;1;2;1;1;1
RUBIOLO S2O3;;;;1;1;1;;1;;;1;1;;;1;;2;3;4;2;1;;;1;;;;1;3;;1;;1;2;1;1;;;;2;;;1;;1;2;2;;
VOLVO B380;1;;;1;;;2;;;;4;1;2;1;1;;;;;2;3;5;;2;;;;;;;;;1;1;1;;;2;;;;1;2;1;1;;;3;
BONANO BARANDA VOLCABLE DE 4 EJES;;;;;;;;;;;;;13;10;11;3;;;;;;;;;;;;;;;;;;;;;;;;;;;;;;;;;
BONANO SEMIRREMOLQUE TERMICO DE 2 EJES TANDEM.;;;;;1;2;2;2;;4;;1;;;;;3;3;;;1;15;1;;;1;1;;;;;;;;;;;;;;;;;;;;;;
BONANO SEMIRREMOLQUE VOLCADOR TRASERO 2 EJES + 1 EJE DIR;2;1;4;3;;1;1;1;3;3;1;4;2;3;2;1;;;;1;;1;;2;;;;;;;;;;;;;;;;;;;;;;;1;;
COMAR CARRETON SH-12;;1;4;2;;;1;2;;;1;;1;;;;2;1;1;;;3;2;;;;;1;1;2;;3;;;1;;;1;3;1;;;1;1;;;;1;
PINCEN SFTLA 3E;;;;4;9;1;;2;1;2;2;;2;2;5;1;2;;;;;;;;;;;;;;1;1;;1;;;;1;;;;;;;;;;;
SALTO CARRETON3E;;3;6;;;1;2;;5;2;;;1;;;;;1;1;2;;3;1;1;;;;1;;2;;;;2;;1;;;;;;;;2;;;;;
TOYOTA LAND CRUISER PRADO;3;3;4;;;;1;;;;1;9;7;1;;1;;2;1;2;1;;;1;;;;;;;;;;;;;;;;;;;;;;;;;
VULCANO CARGA GENERAL BITREN T - CGBVST;4;;;;2;1;4;2;;2;;;;1;1;4;1;3;1;1;;;1;;;;;;;;;;4;2;;;;1;;;1;;;;1;;;;
F.H. A.V.2.P 411;2;1;;;1;1;1;1;1;1;1;2;1;;2;1;;;3;2;;1;;;;1;1;;;;;1;1;1;1;1;2;2;;1;;;;;;2;;;
GREAT WALL ORA 03;;;;;;;;;;;;;;;;;;;;;;;;;;;;;;;;;;;;;;;;;;;8;7;9;7;1;4;
GROSS TOLVA 10.30 MTS (D2-D2);;;1;;1;1;;;2;2;1;;;1;;;1;1;;;;;;;;2;1;1;;2;1;;;;1;;;;;;1;;6;;1;2;5;2;
HERMANN PALETERO S.PA.2E.62;;1;;1;1;;;;;;;;;1;10;;;1;;2;;1;;;2;;;;5;;;;;;;;;2;;;;;;;2;7;;;
JETOUR T1;;;;;;;;;;;;;;;;;;;;;;;;;;;;;;;;;;;;;;;;;;;;6;15;5;4;5;1
KAIYI X3;;;;;;;;;;;;;;;;;;;;;;;;;;;;;;1;;;;;;;;;;2;1;1;6;7;8;3;6;1;
MANQUE BT25PLB2;7;2;3;3;6;;2;;3;;;;1;;;;;2;;;;;;;;;;;3;;1;;2;1;;;;;;;;;;;;;;;
METALURGICA BELGRANO 31 SEMI TANQUE 1+1+1 EJES;;3;1;3;;1;;1;5;;1;;1;;1;1;;1;3;;2;;;1;1;;;;1;;5;;1;;;;1;2;;;;;;;;;;;
METALURGICA BELGRANO 35 ACOP TANQUE 3 EJES (E + NI-E) C/ABS;;;;;1;;;;;1;;;1;2;2;1;;4;;2;1;;1;1;1;;;;5;3;1;;2;1;1;;1;3;;;1;;;;;;;;
PATRONELLI ACCG3E.;1;1;1;;3;;;1;;2;1;2;;;;;;;2;1;1;;;1;;;;;2;2;4;2;;;2;;;;;3;;;;1;2;;;1;
VOLKSWAGEN CONSTELLATION 25.460;;;;;;;;;;;;;;;;;;;;;;;;;;;;;;;;;9;2;2;;2;1;2;6;6;;;2;1;2;1;;
VOLVO FH 460;;;;;;;;;;;;;;;;;;;;;;;;;;;;;;;;;;;;;;1;;;;5;2;3;;2;1;22;
HERMANN TOLVA S.TC.3E.74 2+1;2;3;;2;1;;2;;1;3;2;;;1;1;;1;1;;1;;;1;1;1;1;1;;1;1;1;;;1;3;;;;;;;;;;1;;1;;
ISUZU FVR34;;;;;;;;;;;;;;;;;;;;;;;;;;;;;;1;;1;;;3;1;3;4;3;3;2;5;1;1;1;3;2;1;
LAMBERT A3TP;;;1;;1;1;;1;;3;;1;;;;;4;;;1;;;;1;;;;1;;2;3;1;4;;;;;;2;;;;3;1;3;;;1;
MESAMI PL-20;2;;;1;1;1;;1;1;1;1;;;3;3;2;1;1;1;;;1;1;2;1;1;;;1;1;1;1;;2;1;1;;;;;;;;;;1;;;
SALTO SRBV2E;;;;;;;;;4;;;3;1;;;;;;9;;;;2;;;;1;2;4;2;;1;;5;;;;1;;;;;;;;;;;
SIN MARCA SHIP NAUTICO 1 EJE;;;;;;;;;;;;;;;;;;;;;;;;;;;;;;;1;2;4;1;1;2;3;1;3;3;3;1;2;;;2;2;3;1
VOLVO/BUSSCAR B450R;;;;;;;;;;;;;;;;;;;;;;;;;;;;;;;;;;;;;1;12;2;3;6;;5;5;;;1;;
FERBUS KAISEN KAISEN 600 2E;1;9;5;3;7;2;1;;3;2;;;;;;;1;;;;;;;;;;;;;;;;;;;;;;;;;;;;;;;;
HELVETICA SR 2E T CE;;;;;;;;;;;;;;;;;;;;;;;;;;;;;;;;;;;;;20;;;3;11;;;;;;;;
HELVETICA SR 3E T CE;;;;1;;;1;;;1;;;;1;;;1;;;1;;;;1;1;;;;2;2;1;1;6;5;3;;1;;;;2;;;1;1;;1;;
HERMANN FORESTAL A.CF.3E.42;;8;7;4;;;;;;;;;1;;;;;;;;;;;;;;;2;9;;2;;;;;;;;;;;;1;;;;;;
INDECAR SEMIRREMOLQUE TANQUE 3 EJES (1+1+1);;;1;;;1;1;2;1;;;2;6;;1;;;5;;;;;;;;;;;;;1;5;;;;2;;;;1;;;;1;;;3;1;
LAMBERT S111BV;;;2;;;;;3;;;1;;;1;;1;1;;;1;;1;;;;2;2;4;;;;;;1;;;;;;3;6;;;1;;4;;;
METAGRO SEMI CG;;;;;;;;;;;;;;;;;;;;;;;;;;;2;;2;2;4;2;;4;;;2;;4;4;;2;;1;3;;2;;
VULCANO AMCV3II;;;1;;;;;;;;;;;;1;2;;1;;;3;1;3;;;1;;1;;;;1;3;;5;3;1;;;;;2;;4;;;;1;
BMW M235;;;;;;;2;1;;;1;1;;;;;4;2;7;2;1;2;;4;1;2;;;1;;1;;;1;;;;;;;;;;;;;;;
BMW M4;;;;;;;;;;;;;;;;;;;;;1;5;4;2;3;6;1;1;;;1;;2;;1;;1;1;1;1;1;;1;;;;;;
BONANO SEMIRREMOLQUE CARNICERO DE 1D+2D EJES;;;;1;;;;;;;;;;1;;;1;;2;1;;;1;;;;2;2;1;;1;2;2;;1;;2;;1;1;1;1;1;1;3;3;1;;
BONANO SEMIRREMOLQUE PAQUETERO 2 EJES TANDEM + 1 EJE DIR;;;4;;7;2;2;;1;3;;;;;2;;6;;3;;3;;;;;;;;;;;;;;;;;;;;;;;;;;;;
INDU METAL TRAILERS SEG7535CO2;;;;;;;;;;;;;;;;;;;3;;2;2;;4;;;;1;2;;2;2;;;4;;2;;1;2;1;1;;1;;1;1;1;
MACTRAIL MONTERREY GRANDE;;;;1;1;1;1;2;1;;1;;;;;;;1;2;;2;3;3;;4;;;1;;;;;1;;;1;;1;1;;3;2;;;;;;;
MONTENEGRO SEMIRREMOLQUE BARANDA VOLCABLE 1+2 EJES;;1;;3;;1;2;;;;1;;;1;2;;1;1;1;2;;;;;1;2;1;;1;;;;;1;;1;1;4;;1;1;1;;1;;;1;;
SCANIA K320;;;;;;;;;;;;1;;;;1;;;;2;1;;;;;;;;;;;3;;1;;;1;1;;;2;1;4;2;4;2;2;2;3
SCANIA P460;;;;;;;;;;;;;;;;;;;;;;;;;;;;;;;;;;;;;;;1;2;5;3;10;1;2;6;2;1;
VOLKSWAGEN 31280;1;;;;2;;;;;;;1;;;;;;;;1;1;;1;2;1;;1;1;;;4;5;3;3;;2;;1;;;;;3;;;;;;
AUDI RSQ8;;;;;;;;;;2;1;;;1;2;;;;1;;;;;;;;;1;;;;;;;;;;;;3;5;1;3;7;2;1;1;1;
BULL TRAILER SR46.7 - 2111;1;;2;2;1;1;;1;2;;2;3;;;;;2;2;;3;1;1;;1;1;2;;;;;;;;;;2;;;;1;;;;1;;;;;
DE PAOLI SEMIRREMOLQUE COUNTER SIDER;;1;1;1;1;1;1;5;3;4;;;;;1;4;;;;;4;1;2;1;;;;;;;1;;;;;;;;;;;;;;;;;;
EL FIERRO ACOPLADO PARA TRANSPORTE DE CARGA GENERAL 4E;2;1;;2;1;;2;;1;2;;2;;1;2;;;;;2;1;;;;;;;;;;;;3;1;1;;;;;2;;;;;;;1;5;
EL GRILLO SEMIRREMOLQUE CON CAJA ABIERTA Y PLATAFORMA DE CAR;;;;;;;;;;;;;;;;;;;;;;;;;;;;;;;;4;2;6;2;;1;2;1;;4;2;;4;1;3;;;
FAW T33;;;;;;;;;;;;1;;;;;;1;;;;1;2;3;2;1;;;2;1;12;3;1;;;;1;;;;;1;;;;;;;
FERBUS KAISEN KAISEN 430 1E;;1;3;1;1;3;4;2;1;1;2;2;;;;;;1;;1;;2;;3;;1;;1;;;;;;1;;1;;;;;;;;;;;;;
HERMANN TOLVA CEREALERA A.TC.3E.07;1;2;;;;;;;;1;;;;2;;1;1;;;;;1;;1;;;1;1;1;;1;;4;1;1;;1;3;;;1;1;2;;1;1;2;;
HERMANN VUELCO TRASERO S.VT.3E.83 1+1+1;;3;;;1;;;;1;;3;;;;;1;1;;;1;1;2;;;;;1;;1;;1;;1;1;1;1;1;2;;2;1;2;;1;2;;;;
ITATI ITA46TI06M1E;2;2;1;;1;;1;1;;1;1;3;1;;;;1;3;2;1;2;1;1;;;;;;1;;;;;;1;1;;1;1;;2;;;;;;;;
MB TRAILERS NAUTICO;;;;;;;;;;;;;;;;;;;;4;1;;1;1;1;;2;;;;1;;1;1;1;2;3;2;2;1;;1;;1;1;3;;2;
OMBU SBV3E;4;;;1;;;1;1;;;1;1;;;;;;3;;1;4;;2;;1;;1;1;1;;;;;1;2;;;;;;3;1;;1;1;;;;
SCANIA P340;2;1;4;;1;1;1;;1;;3;;1;;1;;4;;;1;;;;;;2;;;;;;;;2;;;1;1;;1;1;;;1;1;1;;;
TAHNOS CHVL 3E TA;;1;;1;1;2;1;1;2;2;1;;;;1;;3;1;2;;1;;;;;;;;;;1;1;;1;;;1;;;;1;;2;2;1;2;;;
VULCANO CVP5;;;;;;;;;;;;1;;;1;;2;1;1;3;2;;;;1;;;1;2;;;;1;1;2;;2;1;;2;1;;3;1;;1;;2;
AIELLO SR 328 TOLVA;4;6;;;7;8;5;;;;;;;;;;;;;;;;;;;;;;;;;;;;;;;1;;;;;;;;;;;
FORD KA;9;4;1;1;3;1;1;3;2;;;;;;;1;;;;;1;1;1;;;;2;;;;;;;;;;;;;;;;;;;;;;
NAVATUC NT SEMIRREMOLQUE CAÑERO DE 2 EJES;1;1;2;;2;;;;;;;;;;;;;6;3;3;;;;1;;;;;;3;5;;;;;;;;;;;2;;2;;;;;
OMBU ATC3E40;;;1;3;3;5;4;;;;1;;;;1;;1;1;;;1;;;;;;;1;1;;;2;1;2;;;;;;;;;;;1;1;1;;
SALTO SCFA3E;;;;;;;;;;;;;;;;;;;;;;;;;;;1;;6;;6;1;2;;;;;1;;1;;3;6;;3;;;1;
SIN MARCA ACOPLADO 2 EJES;;;;;;;;;;;;;;;;;;;;;;;;;;;;;;;;2;4;3;1;1;1;2;2;2;4;1;1;3;;3;1;;
TAHNOS CHBL 4E CCI;4;1;1;2;2;2;1;1;1;1;1;;;;1;2;4;1;;;;;;;;;;;;;;;1;;;;;;;1;;;;1;2;;1;;
VULCANO CVP4;;1;;;;;;1;;;;;2;2;3;;;;1;;;2;1;;;2;1;1;1;;1;2;;1;;2;1;1;;1;1;1;2;;;;;;
CORMETAL SCXN30;;;;2;;1;1;;;;;;;;;;1;;;1;;;;;;;;;2;;;1;7;1;1;;2;5;;;;;2;;;;;3;
DANES CISTERNA - STHC 2ES DD;;;;;;;;2;;;;5;;;;;;;;;1;;;;;;11;;;5;5;;;1;;;;;;;;;;;;;;;
DFM DUOLICA;1;;3;4;1;;;1;;1;;2;;;1;;;;;;;;;1;;1;1;1;;;2;1;3;1;1;2;;;;;1;1;;;;;;;
EL GRILLO S3TA VT;1;;1;;2;;2;;;;1;;;;2;;;;;1;;;;;;;;;;;;;;;;1;;;1;;4;2;3;2;4;1;2;;
ITATI AVANTI06M1E;4;2;1;;2;1;1;2;;1;1;;3;1;;1;;2;;2;;;;1;1;;;;;;;;;;;1;1;1;;;;;;;;1;;;
LAMBERT S3BV;;;;;;;;2;;;1;;;1;2;1;;1;;;1;;1;2;;;1;1;;1;1;;1;1;2;2;2;2;1;;1;1;1;;;;;;
MONTENEGRO SEMIRREMOLQUE CURTAIN SIDER 1+2 EJES;;;;1;1;;1;;1;1;1;;2;;;;;;1;1;4;1;;;;;;;1;;2;2;;1;;;;;;;;3;3;;;1;1;1;
OMBU ATC2E24;;;3;;3;;2;2;3;2;1;;;;;;1;;;1;;2;;1;;;;;;2;;;2;1;1;;;1;;;1;;1;;;;;;
OMBU SP1E1450;;4;;1;;7;3;;;;;;;;;;;;;;;;;;;;;;;;3;4;;3;;2;;;;1;;1;;;;;1;;
RANDON RQ.CG.02+01;;1;;5;4;1;1;;;2;2;1;1;1;3;1;;;2;;;;;;;;1;;;;;1;;;;;;;;;;;1;2;;;;;
SERO CARGO BAJO;1;;;;;;1;;;3;;2;2;1;1;1;;;;1;1;2;;;;1;;;;1;;;;1;;1;1;;2;1;3;;;;;;2;1;
VULCANO CGBVSD-60 CARGA GENERAL D;2;;;;2;1;4;2;;2;;;;1;;4;3;1;1;;;;1;;;;;;;;;;1;2;;;;1;;;1;;;1;;;;;
AGRALE MT 13.0;2;;;1;3;3;3;;2;3;;;4;;;1;1;;1;;1;;;;;;;;;;;;;;;;;;;;1;1;;;;2;;;
CORMETAL SPXB20;1;1;;;;;;;;;;2;;;;1;;2;1;1;2;;1;;2;1;1;;6;3;;;;1;1;;;;;;;;;2;;;;;
DPA INOX METALURGICA ACOPLADO CISTERNA 3E;;;;2;1;1;1;;1;;;;1;;1;;;1;;;;1;;;1;;;;2;;;;1;;;;1;1;;1;3;;1;1;1;3;1;2;
FERBUS KAISEN KAISEN 480 2E;1;3;;1;1;;;;2;4;4;1;;;;;;1;1;2;1;;;;1;;;1;;;;;;;1;1;;1;;;;;;1;;;;1;
HERMANN TODO PUERTAS A.TP.2E.34;;;;;;2;;1;;;;;;1;;1;;;;;1;3;;;;4;;1;;;;2;1;1;2;;4;1;3;;;;;;1;;;;
MACTRAIL TU 16-6-R;1;;;2;;;;1;2;2;2;4;1;1;;;;;;;1;1;2;;;;1;1;;;;;;;2;;1;;;;;;;;1;1;;2;
METAGRO S-1+2 - BATEA;3;3;2;2;1;1;2;2;1;1;;2;1;1;2;;;1;;1;;;;;;;;;;;;1;;;;;;;;;;1;1;;;;;;
OMBU STC3E1+1+1;;;3;1;1;1;;;1;;1;;;1;;1;1;1;1;;;;;;;1;;1;;1;;2;2;;;1;;2;1;1;1;;;;1;;1;1;
SALTO SCBVT3E;;;;;;;;;;;;;;;;;;;;;;;;;;;;;;;;;;;;;;;8;8;1;3;;;2;2;3;2;
TORREGGIANI SC-111 A;;;;;;;;;;;;;;;;;;;;;;;;;;;;;;;;;;;;3;1;;4;1;1;3;3;3;3;4;3;;
BMW IX2;;;;;;;;;;;;;;;;;;;;;;;;;;;;;;;;;;1;3;;1;1;8;5;2;2;;;1;1;;2;1
CORADIR CHIKI;;;;;;;;;;;;;;;;;;;;;;;;;;;;;;;;;;;;;12;1;6;;2;1;2;;;1;1;2;
FERBUS KAISEN 650 2E;;;;;;;;;;;;;2;3;;2;;2;;;2;;1;;;1;;;1;;;;1;;2;;;;;1;2;;1;;6;;1;;
HONDA ACCORD;;;2;;;;;;;;;;;;2;1;;;;;;;;;;;;;;;;;;;;;;2;;3;2;3;5;3;;2;2;1;
MERCEDES BENZ AMG A45;2;;1;2;;;1;;;;1;;;;;;;;;1;4;1;1;;2;;1;1;2;;2;;2;1;1;;;;;;;1;1;;;;;;
PEUGEOT 308S;18;7;3;;;;;;;;;;;;;;;;;;;;;;;;;;;;;;;;;;;;;;;;;;;;;;
SOLA Y BRUSA GANADERO 3 EJES TANDEM DOBLE PISO;;;2;;;;1;;1;;;;1;;;2;1;;;;;2;;1;;;;;;2;1;2;1;;;;1;;1;;1;1;1;1;1;1;1;2;
BMW M3;;;;;;;;;;;;;;;;;;;;;;;;;;;;;;;1;6;7;5;3;1;1;1;;;;1;;;1;;;;
BONANO SEMIRREMOLQUE BARANDA VOLCABLE DE 1D+2D<=45T;;;;;;;;;;;;;;;;;;;;;;1;4;2;1;1;2;2;;;6;;2;2;1;;1;;;1;;;1;;;;;;
CORMETAL SCXN31;1;;1;3;2;1;2;;2;;;1;1;2;3;;1;;;;1;;;;3;;;1;1;;;;;;;;;;;;;;;;1;;;;
DFM 1216-ES;;2;1;2;2;3;;1;;;;1;;1;2;2;2;3;;1;;2;;1;;;;1;;;;;;;;;;;;;;;;;;;;;
DM TRAILERS ACONCAGUA 200;;;;;;;;1;1;1;;1;3;3;;1;2;;;2;;1;1;2;;;;1;1;;1;;;2;1;;;;;;;;;;;;2;;
HEIL ROAD KING 3ED TRIDEM;;14;;1;;;1;2;;;;;;;;2;;;;;;;2;;;;;;;;1;;1;;;1;1;1;;;;;;;;;;;
HERMANN PALETERO S.PA.3E.71 1+1+1;;;;;;3;1;;;;1;;3;1;;;;;;;2;4;;;1;;;;;;2;1;;2;1;;;;;;;1;1;;1;1;;1;
MERCEDES BENZ AROCS 4136;2;;4;2;3;1;;;;;;;;;;6;1;;2;;;1;;;1;;1;1;;;2;;;;;;;;;;;;;;;;;;
MERCEDES BENZ G500;1;2;;;;;;;;;;1;;2;1;;3;2;2;;;1;;;1;1;;;;1;1;2;;2;;2;;;1;1;;;;;;;;;
R.A.G REAL ALFA GENUINA TK3EJNDA;;;;;;;;;;;;;;;;;;3;;;;;;;;;;;2;;;;3;;;2;3;;;7;1;4;1;;;1;;;
SALTO SRPC3E;2;1;5;2;3;;;3;;;3;;;;;;;;;;;;;;;;;;;;;;;;1;5;;;;;1;;;;;;;1;
SCANIA/MARCOPOLO K450;;;;;;;;;;;;;;;;;;;;;;;;;;;;;;;1;;;;;2;12;1;;1;2;2;1;;1;1;;3;
SIN MARCA FURGON1;;;;;;;;;;;;;;;;;;;;;;;;;;;;;;;;;;;;1;;;;;2;;3;3;2;3;6;7;
SINOTRUK T5G;;;;;;;2;2;1;;2;;;;3;;;;;3;2;3;3;2;2;;;;;;1;1;;;;;;;;;;;;;;;;;
AGRALE MA 17.0;2;;2;5;5;;2;2;;;;;5;;;;;;;;;;;;;;;;;2;;;;;;;;;;;;;;;;1;;;
BMW 218;5;1;1;1;4;2;4;1;2;;;;1;;;;1;1;1;;1;;;;;;;;;;;;;;;;;;;;;;;;;;;;
DFSK E5;;;;;;;;;;;;;;;;;;;;;;;;;;;;;;;;;;;;;;;;;;;;;;4;11;6;5
FAW X40;7;3;3;2;;2;2;;;;1;;;2;;;1;;1;;;;;;;;;;1;1;;;;;;;;;;;;;;;;;;;
HERMANN BARANDA VOLCABLE S.BV.2E.53 D BITREN;;;;;;;;;5;;1;1;1;;;2;1;;3;;1;1;2;;;;1;;;;;;;;;;;;7;;;;;;;;;;
HERMANN BARANDA VOLCABLE S.BV.2E.53 T BITREN;;;;;;;;;4;1;1;1;1;;;2;1;;3;;1;1;2;;;;1;;;;;;;;;;;;7;;;;;;;;;;
MARISOL CASILLA ML 8.5 DE DOS (2) EJES;;;;;;;;;1;;;1;;;;;;;;;;;;;;;;;;1;3;;2;1;2;3;2;4;1;;;;;1;;4;;;
PORSCHE 911;;;;2;1;;1;;;;;;;;;;;;;;3;;;1;1;;1;;;;1;;1;;;;1;;;1;;5;2;1;;2;2;;
SATURNI BARANDA VOLCABLE 4EA;;;;;;;3;;2;1;3;;1;;;;1;;;1;1;;;;;;;;1;1;;1;;;1;;1;;1;1;1;;1;;2;1;1;;
VULCANO SEM-AMCA(1+2)II;;;;;;;;;;;;;;;;;;;;;;;;;1;2;1;2;;1;5;3;;;1;;1;1;1;2;1;1;1;1;1;;;;
AUDI E-TRON;1;;;;;;1;;1;;1;;;1;;2;;;3;3;1;;9;;;;;;1;;;;;;;;;;;;;;;;;1;;;
CHANGAN CS55;;;;;;;;;;;;;;;;;;;;;;;;;;;;;;;;;;;;;;;;;;;;;;;;16;9
CHANGAN M201;2;2;2;2;1;3;;1;2;;1;2;;;1;;;;2;;1;2;;1;;;;;;;;;;;;;;;;;;;;;;;;;
COMAR CARRETON A12-23;;;;2;1;;;3;;;;;2;1;1;;2;2;;;;2;1;;;;;1;;;2;;1;1;;;;;;;;;1;1;;;;1;
F.H. S.V.2.P.411-(2+1);;4;;;;1;1;1;;;1;1;;;3;;1;;1;;;1;;;1;3;;;;;;;1;;1;;1;;;;;1;;1;;;1;;
HELVETICA AC 4E 2+2 MP;1;;5;1;3;1;4;;;;;;2;;;;;;;;;3;;;;;;;;1;;3;;;1;;;;;;;;;;;;;;
HERMANN PLAYO A.PL.3E.02;;1;1;1;1;4;;;1;2;;2;;;;1;;;1;;1;;2;1;;;;;;1;1;1;;1;;1;;;1;;;;;;;;;;
METAGRO S-T3-CG;;;;;;;;;;;;;;;;;;;;;;1;1;;2;1;;1;2;2;1;2;3;;;;;2;1;1;;;1;;1;3;;;
METALURGICA BELGRANO SEMI TANQUE 3 EJES TANDEM CARGA PELIGROSA;3;;;;;1;2;;2;;;;;1;;1;1;2;;2;1;;;;;;;;;2;2;;;3;1;;;1;;;;;;;;;;;
MIC SEMI CARGA CONVENC. 3 EJES 1+1+1 SCS111;;1;3;;;;4;3;1;2;2;3;1;1;;2;1;1;;;;;;;;;;;;;;;;;;;;;;;;;;;;;;;
OMBU AP4E960;1;1;1;;1;3;1;;1;1;2;;2;;;1;;;;;1;;;1;;;;;;;;;4;;;;;3;;;1;;;;;;;;
S STOESSEL SSPL3;;1;;;;;;;;;;;;;1;5;;;;;2;3;3;;;;;;;1;5;2;;;;;;;;;;;;;1;1;;;
SALTO CARRETON4E;;;;;2;;;;;;1;;1;;2;;3;;1;;3;;;;1;;;;1;;;;;1;;;2;;1;;2;;2;;1;1;;;
SALTO SRFAT3E;;;3;10;;;1;;;;4;;;;;1;2;;;;;1;;;;;1;;;;;;;;;;;;;;;;;;1;1;;;
VOLVO B270F;1;;1;2;3;;;;;;4;1;1;;;;;;;;;;;;;;;;;;;;;;;;1;;;;;;;;5;;4;2;
ASTIVIA S3-PLAYO CON FRENTE;;1;1;1;1;1;;1;;1;;;1;;;;1;2;;;3;;2;;1;1;;1;;;;;;;1;;;;;;;1;;;1;;1;1;
CARROCERIAS APEZ KABUL;;;;;;;;;;;;;;;;;;;;;;;;;;;;;;;;;;;;1;2;2;2;1;3;2;2;3;3;2;;1;
DIMATRA BATEA PORTA AUTOMOVILES;1;;1;;1;;;1;1;;;;;;;;;;;;2;;;;;;;;;;;;;1;;1;;1;;2;1;1;1;1;1;1;4;2;
DOMY V1;;;;;;;;;;;;;;;;;;;;;;;;;;;;;;;;;;;;;;;;;2;3;4;6;2;3;1;2;1
FOTON GRATOUR T3;2;2;3;3;2;3;3;1;;;1;;;;;;;1;;1;;;;1;;;;;;;;;;;1;;;;;;;;;;;;;;
GROSS BARANDA VOLCABLE 9.30 MTS;2;1;2;;1;;;1;;;;;;;2;;;1;2;1;;;;;;2;;;;;2;;2;;;;1;;;2;;2;;;;;;;
HELVETICA AC 4E 2+2 TP;;1;;;1;2;;;1;2;;1;;;;1;;1;;;;;;;1;;;1;1;1;;1;1;1;1;;;;;1;;1;1;2;;1;;;
MACTRAIL CREW;;;;;;1;1;;2;;;3;;;1;;;;;;;1;;4;1;;;;1;;1;;;;1;2;;;1;2;;;;;;1;1;;
MARCELINI AC12NF;;;;;2;2;1;1;1;;3;;;;;;;1;1;2;;;;;1;;1;;;;;;1;1;;;2;;1;;;;;;1;;;2;
METAGRO S-1+2 - CG;;;1;1;1;1;2;;1;1;;;;;;;;;;1;;1;1;;;1;2;;;;1;;1;1;1;1;;;;4;;;1;;;;;;
NAVATUC NT SEMIRREMOLQUE CAÑERO DE 3 EJES;;;;23;;;;;;;;;;;;;;1;;;;;;;;;;;;;;;;;;;;;;;;;;;;;;;
PATRONELLI CARGA GENERAL 2 EJES - SEMCG2E;;;;;6;2;1;;1;;;;;;3;;1;;;;;;;;;;1;2;1;;;;1;;;;;;5;;;;;;;;;;
PINCEN SFTLA 1E;;;;;;;;;;;;;1;;;5;;;;3;;;;4;;;;;3;;2;;;1;;;;;;2;;;3;;;;;;
SALTO SCVT3E;;;;;;;;;;;;;;;;;;;;;;;;;;;;;;;;;;;;;;1;2;3;5;;5;3;;;;5;
SALTO SRP3E;1;;1;;;1;;6;2;1;3;1;;;;;;;;1;;;;;;;1;;;;;;2;;2;;;;;1;;;;;1;;;;
AUDI RSQ3;;;;;;;;;;;;;;;;;;;;;;;;;;;;;;;2;9;5;3;1;1;2;;;;;;;;;;;;
CORMETAL ALXB22;1;;1;;;1;;;;;1;1;;;6;;;;;;;;;;;;;2;4;;;;;;;;;;;;;;;;;;6;;
DANES SN 3ET DD;;;2;1;;;3;;;;;2;;6;2;;;1;;1;1;;;;;;;;;;;;;1;;;;1;;;1;;;;;1;;;
EL FIERRO SEMIRREMOLQUE PARA TRANSPORTE DE CARGA GENERAL;;;;;;1;;1;;;;1;;;;;1;1;2;;;1;2;1;;3;;;1;;;;;;;;;;1;;2;;;;4;1;;;
F.H. S.V.P.D.G.411;;;;2;1;;;;1;;;1;1;;2;1;1;;1;;1;;;1;1;1;1;;;;;;;3;;;;1;1;;;1;;1;;;;;
GRASSANI SG3-30TT;;;;;;;;;;;;;6;7;7;3;;;;;;;;;;;;;;;;;;;;;;;;;;;;;;;;;
H.C.MANCINI AVM15T;;;;1;2;;;1;1;;;;;;;;;2;2;;3;;2;;;;;;;;1;;1;;;;;;;1;2;;1;;;;3;;
HERMANN PLAYO A.PL.4E.04;;;;;1;1;;;1;3;;;1;2;;;;1;;2;;;;;;1;;;;;1;;;;2;;1;1;;;;1;3;;;1;;;
HERMANN PLAYO S.PL.2E.50;;1;;;;1;;;;;1;;;;;1;3;;;2;1;;1;;;;;;2;;2;1;2;;;;;;2;2;1;;;;;;;;
HERMANN VOLCADOR BILATERAL A.VL.3E.12;;;3;1;1;1;2;;;1;;2;;;1;1;;;1;2;;;1;;;;;;;;1;1;1;;;;;;;;;;;1;1;1;;;
MARCELINI SRC16NA;1;1;1;;1;1;;1;1;1;;;;;;;;1;1;;;1;1;1;;1;1;1;1;1;;;;;;3;;;;;;;1;;;1;;;
MONTENEGRO SEMIRREMOLQUE FURGON ENCOMIENDA 1+2 EJES;;1;1;;;;;;;;1;;;;;;;2;;;;1;;;;;3;5;;;;;;;6;1;;;;1;;1;;;;;;;
REMOLQUES RECONQUISTA SE0102;;;;;4;2;4;2;1;1;;;3;;1;2;;;;;;;1;;;;1;;;;;;1;;;;;;;;;;;;;;;;
SALTO SRBVM3E;;;2;1;1;;1;;1;;;2;2;;;;;;;;;;;;;;;;2;;;;;;;;;;8;;;;;;;;;3;
SIN MARCA SHIP RODANTE 1 EJE;;;;;;;;;;;;;;;;;;;;;;;;;;;;;;;;;;;;;;;;;4;2;3;3;3;1;;7;
VOLVO C40;;;;;;;;;;;;;;;;;;;;;;;;;1;;;;;;;;;;;;;;;;;1;7;2;2;5;3;2;
XCMG QY70K;;;;1;;;;1;;;;;1;1;;1;;2;1;;1;;1;3;1;1;;;1;1;1;1;;2;1;;;;;;1;;;;;;;;
AHT ALZUARTE PLAYO;1;;;;;;;;;;;;;;;;;;5;6;10;;;;;;;;;;;;;;;;;;;;;;;;;;;;
BERTOTTO, BOGLIONE Y CIA. S.R. SEMIRREMOLQUE 3 EJES (1+2) TANQUE;;1;;1;1;;1;;;;;;;1;1;;;;1;;;1;;;;;;;;;;;3;;;1;;;;;1;;8;;;;;1;
BMW Z4;2;1;1;;;;;;;1;1;;;;1;;1;;1;;;;;;;1;;;;;;;;;1;;;;;;;1;3;1;1;;4;1;
DIMATAN STQ3;;;;;;;;1;;;1;;;;;;;1;1;2;;;;;1;;;;2;2;1;;2;;;;;2;;;2;;;1;1;;;2;
DPA INOX METALURGICA SEMIRREMOLQUE CISTERNA 3E;;;1;1;1;2;1;3;1;;;2;1;1;;1;;;2;;1;;;;;;;;2;1;;;;;;;;;1;;;;;;;;;;
GOMATRO SEMIRREMOLQUE 2 EJES (1+1) JAULA GANADERA;;;;;;;;;;;;1;1;1;1;;;;;;;;;1;;2;;1;1;;;;;;;1;;2;;;1;2;2;1;3;1;;;
GRASSANI AG4-36TT;;;;;;;;;;;;1;3;1;4;4;;;;;;;;;;;1;;;;;;;;;;;;2;1;3;;;1;;1;;;
HELVETICA SR 3E 1+1+1 BV;1;;;1;3;;2;;2;;;;1;2;2;;;1;;;;;;1;2;;;;1;;;1;;;;;;1;;;;;;;1;;;;
LAMBERT A2PO;1;;2;;1;1;;;;;1;;;;;;;;1;;;;3;;1;;;;;;1;;;2;;;;;1;3;1;;;;;1;2;;
MM-MARTIN ACOPLADO 4 EJES ABS - TOLVA;1;1;3;1;1;;;1;;;;;1;1;;2;2;;1;;;;;;;1;1;1;;;;;;1;;;;;;;;;1;1;;;;1;
MONTENEGRO ACOPLADO TOLVA 4 EJES;4;;;2;;;2;;2;;;;;;;1;;;1;;;;;;;;;;1;;1;2;1;;;;1;1;;;2;;;;;1;;;
OMBU SBIDTC2E;1;;;1;;;;1;;;;1;;1;;;;1;;1;;;;;;1;1;1;;;;;2;3;;;1;;1;1;2;1;;;1;;;;
OMBU SBITTC2E;1;;;1;;;;1;;;;1;;1;;;;1;;1;;;;;;1;1;1;;;;;2;3;;;1;;1;1;2;1;;;1;;;;
RUBIOLO A1O2;;1;3;1;3;;;3;;;;;;;;1;;;;2;;1;3;1;;;;;;;;;;1;;;;1;;;;;;1;;;;;
RUBIOLO A2O3;;;1;2;3;1;;;;;2;;;;;;;;;;;;;;;2;;;;;4;;;1;;;4;;;;;;1;;1;;;;
TAHNOS CHBL 4E CTCFA;2;2;2;;1;2;;2;;;1;;1;;;1;;1;;;;;;;;;1;;1;;;1;1;1;;;;;;;;1;;1;;;;;
BONANO CARNICERO DE 1D+2D EJES <=45 T;;;;;;;;;;;;;;;;;;;;;2;1;1;;;;1;2;1;1;1;1;1;;;;1;2;;;;1;;;;2;2;1;
BONANO SEMIRREMOLQUE CURTAIN SIDER DE 1D+2D EJES<=45T;;;;;;;;;;;;;;;;;;;;;;;;;;1;;;;;1;;;3;1;;4;1;;2;;;;1;2;5;;;
CARROCERIAS APEZ SEMIRREMOLQUE C.G;1;1;1;;2;;1;1;2;1;1;1;1;2;1;;;1;;1;;;1;2;;;;;;;;;;;;;;;;;;;;;;;;;
CARROCERIAS APEZ VIENA;;;;;;;;;;;;;;;;;;;;;;;;;;;;;1;1;;2;2;1;1;1;2;;1;2;1;;1;;2;1;2;;
COMAR CARRETON SH-16;5;1;;1;3;;;1;;2;;1;;;;1;;;1;;;1;;;;;;;1;;;;;;;;1;;2;;;;;;;;;;
DFM T01;;;;1;;1;;;;;1;;;;;;;;;;1;;;1;;1;;1;1;2;2;2;1;;;3;;2;;;;;;;;;1;;
FERBUS KAISEN 350;;;;;;;;;;;;;1;;1;;;1;;;;1;2;;1;;2;1;;;1;1;;2;;;;1;1;;;;1;;1;;1;2;
HELVETICA SR 3E 1+2 GF;;;;2;1;2;1;1;;;;;;;;;;;2;;2;;;;;2;;;2;;;1;;;1;;;;;;;4;;;;;;;
HELVETICA SR 3E T ST;2;;;2;2;1;1;;;;1;1;;;1;;2;;;;;;;1;;;1;;;;;;;;;;;;;;;;1;;;5;;;
HERMANN PLAYO CARRETON S.PL.3E.65;2;;;;;;;1;1;;;;;;;;;4;;;;;;2;;;;;;;;;;;;1;;;5;;;;5;;;;;;
INDU METAL TRAILERS SEG3510CO3T;;;;;;;;;;;;;;;;;;;;;;1;;;;1;2;;2;1;1;1;2;;;1;;;;1;;1;1;2;1;2;1;;
LEXUS LX;;;;;;1;;1;;;;;4;2;1;;2;;1;3;;;1;;;;;;;;1;;;;;;;1;;1;;;1;;;1;;;
MARCELINI SR12N2BE;;;;;1;;;1;;2;;;;;;;;1;;;;;;1;2;;2;;1;;;;1;;;;;;;1;2;;1;1;;1;3;;
MONTENEGRO SEMIRREMOLQUE VOLCADOR TRASERO 1+2 EJES;1;;;;1;;;2;;;;;2;;2;;3;;;;;;;1;;;;;;1;1;;;1;;;;;;;;;;;1;1;;4;
OMBU SBITPL3E;;1;;;;1;;;1;;;;;;1;;;1;;;1;;1;;2;;3;;1;;;;;;1;;;;1;2;;;2;2;;;;;
QME SR.PL-2. SEMI REMOLQUE. 2 EJES. PLAYO;;1;1;;1;;;3;1;;1;;;;;;;;;;;1;;;2;3;;;1;;;;1;;;2;;;;1;;1;;;;;1;;
RANDON SR-CG-02+01 13.50 MTS LARGO;;1;1;;1;1;;2;1;1;;;1;3;;;;1;4;;;;1;;;;;;;1;;;;;;;;;1;;1;;;;;;;;
RHAPSODY CAMPS-FTACP-1E-01;;;;;;;;;;;;;;;;;;;;;;;;1;1;1;;;2;;;;2;1;2;;;1;2;1;;1;1;1;2;1;;1;
SALTO SRFAM3E;3;5;;;;2;;2;;;1;;;;2;1;;;;;;;;;;;;;;;2;;;;3;;;;;;;;;;;;;;
TORREGGIANI SC-111C;;;;2;;;;1;2;4;;1;;;;;;;;;;;1;;;;;3;2;;2;;2;1;;;;;;;;;;;;;;;
TOYOTA CAMRY;1;2;;;2;2;1;;;1;1;;5;1;;;1;;2;2;;;;;;;;;;;;;;;;;;;;;;;;;;;;;
BMW 550;;;;;;;;;;;;;;;;;;;;;;;;;;;;;;;;;;;2;4;2;1;4;2;3;;;1;;;;1;
BONANO ACOPLADO BARANDA VOLCABLE DE 3 EJES.;1;3;;3;2;;1;;3;;1;;;;;;2;2;;;;;;;;;;;;1;;;;;;;;;;;;;1;;;;;;
CARROCERIAS APEZ SEMIRREMOLQUE BV;1;1;2;;;;;;;1;;;;;2;2;1;4;3;1;1;;;;;;1;;;;;;;;;;;;;;;;;;;;;;
CORMETAL SEMI 1 EJE 14.51 A 15.40 PORTAMODULO;;;;;;;;;;;;;;;;;;;;;;;;;;;;;;;;;;;;2;;2;2;;4;1;4;;;4;;1;
DONGFENG CAPTAIN W 412 DC;;;;;;;;;;;;;;;;;;;;;;;;;;;;;;;;;;;;;;;;;;;;;;2;4;14;
FERBUS KAISEN KAISEN 350;1;2;2;;2;3;1;2;2;1;2;1;;;;;1;;;;;;;;;;;;;;;;;;;;;;;;;;;;;;;;
HELVETICA AC 4E 2+2 VO;1;1;1;2;1;;1;2;;1;1;;;;1;;;;1;;1;;;;;;;;;;1;;;;;;;;;;;;;;;;;5;
JETOUR X50;;;;;;;;;;;;;;;;;;;;;;;;;;;;;;;;;;;;;;;;;;;;;;;2;16;2
LAMBERT S2PL;1;;1;;;;;;1;;;;1;;;;;;1;;;;1;;;1;1;;1;;;;1;1;;;;;1;;3;;2;1;1;;1;;
LEO-COR L-RM-8 CT;;1;;;;;2;3;2;;;1;1;;;1;1;;1;;;1;;;1;;;1;;;;;;;;1;1;;;1;;;;1;;;;;
M.VIGNA FURGON;;;;;;;;;;;;;;;;;;2;11;;6;;;;;;;;;;;;;;;;;;;;;;;;;1;;;
MIC SEMI CARGA CONVENC. 3 EJES 1+2 (S12) CS;1;;;;3;;1;;1;;;;;1;3;1;;;;4;;1;1;;;;1;1;;;;;;;;;;;;;1;;;;;;;;
PATRONELLI SEM1M1;;;3;;2;;2;;;;1;;;;;;;;;;;;;;;;;;;;;1;;;;;;;2;;1;1;1;;3;;;3;
SALTO SRP2E;;;1;;;1;;;;2;;2;;;;;;1;;;;2;;;1;;;1;;;2;;5;;;;;2;;;;;;;;;;;
SCANIA P450;9;2;;;;;;1;;;;;;;1;2;;;;;;;1;;;;;;;;;;;;3;;;;;;;;;;1;;;;
SOLA Y BRUSA TODO PUERTAS 3 EJES;;1;;1;2;1;1;;1;;;;1;;;;;;;;;1;1;;;;;1;2;;;;2;;1;;;;;;;;;1;1;1;;;1
BONANO SEMIRREMOLQUE JAULA GANADERA DOBLE PISO 3D;;;;;;;;;;;;;;;;;;;;;1;;;;1;;;1;2;1;1;;;1;;1;;;2;;2;3;2;;;;1;;
CARROCERIAS APEZ BELGICA;;;;;;;;;;;;;;;;;;;;;2;1;1;3;2;;1;;1;;3;;1;2;1;;1;;;;;;;;;;;;
CARROCERIAS APEZ BRUSELAS;;;;;;;;;;;;;;;;;;;;;;;;;;;;;;;;;;;;;2;1;2;1;6;1;2;;2;;2;;
FERBUS KAISEN 300 E;;;;;;;;;;;;;;1;;;;;;;1;;;;;;;;1;;;1;2;1;3;;1;1;1;;2;;;1;;2;1;;
GREAT WALL TANK 300;;;;;;;;;;;;;;;;;;;;;;;;;;;;;;;;;;;;;;;;;;;;;4;5;3;4;3
LAND ROVER RANGE ROVER SPORT;;1;;;;;;;;;;;;;;;;;;;;;;;;;;;;;;;;;2;4;2;1;;;;1;1;1;3;2;1;;
OMBU ABV4E1050;;;1;;1;;1;1;1;5;;;;;;;;;;;;;1;;;2;;;;1;;;;;;;2;;;;;;;;;;2;1;
OMBU SAP3E1250;;;;;;;;;;;;;;;;;;;;;;1;;;;;;;;;;1;1;;6;;2;;1;;5;;;1;1;;;;
PATRONELLI ACV4E;;;1;1;;1;;1;1;;;2;;3;1;;;;;;1;;;;;;;1;;;1;;;1;1;;1;;;;2;;;;;;;;
RANDON SR CT 03;;;;;;;;;;;;;;;;;;;;;;;;;;;;;;;;;;;;;;;;;;6;5;1;6;;1;;
SALTO SRPC1D4E;;;;;;;;9;;;;;;;;;;;;;;;;;;;;;;;;;;;;;;;;;;;;6;4;;;;
SATURNI TODO PUERTAS 4EA;;;;;;;;;1;1;;;2;;;;1;1;1;;;1;1;;;1;1;;;;1;2;1;;;;;;;;1;;1;;;1;1;;
SOLA Y BRUSA FORESTAL 3 EJES- 1 DESPLAZ. SUSP. NEUM. DIREC.;;;;;;;1;;;;;;2;1;;;1;3;1;;1;1;;;;;;;;;1;;1;;1;;;;;;;1;1;;;1;;2;
SOLA Y BRUSA PLAYO 3 EJES;1;1;;;1;;;2;;;;;2;;1;2;;;;;;;;1;;;;;;;;;;;2;1;1;1;2;;;;;;;;1;;
SUBARU WRX;;;;2;1;;;;;;;;;;;;;;;;;;;;;;;;;;;3;1;2;;2;1;1;;3;3;;;;;;;;
VOLKSWAGEN METEOR 29.520;;;;;;;;;;;;;;;;;;;;;1;;;;;;1;;1;;1;;;;1;2;;1;;5;;;;1;3;2;;;
VULCANO BITREN D - CSSD;;;1;2;;2;;;;;;;2;1;;;1;;;;1;;;;;;;;1;;;1;;;;;1;;;2;;;;1;;1;;2;
ASTIVIA A4-BARANDA VOLCABLE-9A;;;;;2;1;1;;1;;;;1;2;1;;;;;1;;;;;;;1;;;;;;1;;;;1;;1;;;1;;1;;2;;;
BONANO SEMIRREMOLQUE CARNICERO 2 EJES TANDEM + 1 EJE DIR;1;;2;;3;2;;1;;3;;;1;1;1;;1;;1;1;;;;;;;;;;;;;;;;;;;;;;;;;;;;;
DI POLVERE AT3E;;1;;;;;;;3;;;1;1;1;;;;1;1;;;1;;;;;;;1;1;;2;;;;;;;2;;1;;;;1;;;;
FUR-TAN SEMIRREMOLQUE 3 EJES 1 CISTERNA REVESTIDO;;;;;;;;;;;;1;1;1;;;;;1;2;;2;;;;;;;;;;;2;1;1;;1;1;;1;1;1;;;1;;;;
HELVETICA SR 3E 1+2 CE;1;;;;;;1;2;;1;;;;;1;1;;;;2;;;;;;;;;1;;;1;;1;;1;;1;1;;;;1;1;;;1;;
LAMBERT A3IP;;;;;;2;;;;1;;;1;;1;1;;;;;1;;;1;;;;;;;;;;;;1;1;;;;;;2;;2;1;1;2;
LAMBERT A4TP;;;;1;;1;1;;;2;;;;;;;1;;;1;;1;;;;1;;1;1;;;;;2;;;;;1;;;;;;1;3;;;
LAMBERT S3BVT;;;1;;1;;;;;1;;;;;;;;;;;;;;;;5;;;;;2;;;;;1;;;;;1;3;;;2;1;;;
LAND ROVER RANGE ROVER EVOQUE;1;3;3;;;;;;1;;;;;1;;;;;1;;;;;;;;;;;;;;;;;;2;;;1;1;1;;;2;;1;;
LEXUS RC;;;1;;1;3;;1;;;1;;1;;1;;1;1;;;1;1;1;2;1;;;;;;;;;;;;1;;;;;;;;;;;;
MERCEDES BENZ E53;;;1;;;;1;;;;;;1;1;1;;1;;;1;1;2;1;1;2;;1;2;;;;;;1;;;;;;;;;;;;;;;
MONTENEGRO SEMIRREMOLQUE JAULA GANADERA 3 EJES;;;;;;;;1;;1;;;;;1;1;;;;;;;;1;;1;1;;;;2;;;1;1;;;;2;1;;2;;;;1;1;;
OMBU AP4E930;;;1;;;2;1;1;1;;1;;;2;1;;2;;;;;;;;1;;;;;;;;;;;1;;1;;1;;;;;;;2;;
SHINERAY X30;2;;10;;;1;2;1;;;;;;;;1;;;;1;;;;;;;;;;;;;;;;;;;;;;;;;;;;;
SOLA Y BRUSA CORT. LAT. 3 EJES TANDEM;;;;;;;;;;;;;;;;;;;;;;;;;;;;;1;;;;;;;;;;;4;2;;9;2;;;;;
SOLA Y BRUSA CORTINAS LATERALES 3E-1 DESPLAZADO. SUSP. NEUM;1;1;;1;4;1;;;1;;1;;2;2;2;2;;;;;;;;;;;;;;;;;;;;;;;;;;;;;;;;;
SOLA Y BRUSA PLAYO 3 EJES-1 DESPLAZ. SUSP. NEUM. DIREC.;;;;;;;;;;;;;;;;;;1;2;;1;1;1;2;;1;;1;;;;;;;;2;;;;2;1;1;1;;1;;;;
SUBARU ALL NEW IMPREZA;;;;;;;;;;;;;;;;;;;;;;;;;;;;;;;;;;;;;;;;;;;;;;4;11;3;
VULCANO BITREN T - SFST;;;;;;;;;;;;;;;;;;;;;1;1;2;;;;;;;;5;;;;;;;;;;9;;;;;;;;
ASTIVIA A3-TANQUE ALIMENTICIOS-9;;;1;;1;1;;;1;;;1;;;1;;;;1;;;2;;1;;;1;;1;;;1;;;;;;2;;;;;1;;;1;;;
BONANO BARANDA VOLCABLE 2 EJES + 1 EJE DIR.;;;;;;;;;;;;;6;6;;5;;;;;;;;;;;;;;;;;;;;;;;;;;;;;;;;;
BONANO SEMIRREMOLQUE PAQUETERO DE 2D;;;;;;;;;;;;;;;;;;;;;;;;;;;1;;1;;1;;;;3;;1;2;2;;;1;1;;;1;2;1;
CORMETAL ACOPLADO 3 EJES C/BALLES VOLC REBATIBLE ACXB21;2;;1;2;;1;;;;;;;;;;;1;;;;;;;;;;;;;;;2;;;1;;3;1;;1;1;;;1;;;;;
DANES STAE 2ES DD;;;;;3;;;1;;;;;1;;1;1;;;;1;2;;;;;;;;;;1;;1;2;;;;;;1;2;;;;;;;;
EL FIERRO ACOPLADO PARA TRANSPORTE DE CARGA GENERAL 2E;;2;;;1;1;;1;;;;4;;;;;1;1;;;;;;;;;;1;1;;;1;;;;;;;1;;1;;;;;1;;;
FOTON IBLUE;;;;;;;;;;;;;;;;;;;;;3;;;2;;;;;;;1;;;;;;;;1;;2;2;2;2;;;1;1;
GOMATRO SEMIRREMOLQUE 3 EJES (1+2) BARANDA VOLCABLE;;;1;;;;5;;;1;;1;;;;;1;;2;;;;;;;;;;;1;1;;;1;;;;3;;;;;;;;;;;
HELVETICA SR 3E 1+2 MP;;;1;;;;;1;;;1;;;1;1;;1;;;1;3;;1;;;;;;;;1;;;;;;;;;;1;2;1;1;;;;;
HELVETICA SR 3E T SD;;;;;;1;;1;;1;;1;;;;;;;1;1;1;;;;;;1;;;;;;;1;;;1;;;;;;3;;4;;;;
HERMANN PLAYO S.PL.3E.65;;;;;;;;;;;2;;1;;;1;;;;;;;5;;;;;;;;2;2;;;;;;;1;;;;;2;1;;;;
HERMANN S.FP.3E.98 2+1;;;;;;;;;;;;;16;;;1;;;;;;;;;;;;;;;;;;;;;;;;;;;;;;;;;
IDEROL SEMI CARGA CONV. 3E 3D S3-PC;;;;;;;;;;;;;;;;;;;;;;;;;;;;;1;;6;5;1;;1;;;;;;1;;1;;1;;;;
JAC JS6;;;;;;;;;;;;;;;;;;;;;;;;;;;;;;;;;;;;;;;;;;;;;;1;4;5;7
MALDONADO SEMIRREMOLQUE 3 EJES TIPO CURTAIN SIDER;;;;2;;1;;;;;2;1;;3;;;;;2;;;;;;;;;;1;;;;;2;;;;;;3;;;;;;;;;
MB TRAILERS PLAYO;;;;;;;;;;;;;;;;;;;;2;2;1;3;3;3;;3;;;;;;;;;;;;;;;;;;;;;;
NAVATUC NT SEMIRREMOLQUE BATEA VUELCO TRAS. 2+1 AUTODIR.;;2;;;;1;;;;2;;;;;1;;;1;;2;;;;;;;;;;;1;;;2;;;;;;;1;;1;;;;3;;
OMBU SBIDPL3E;;1;;;;1;;;1;;;;;;1;;;1;;;1;;1;;2;1;2;;1;;;;;;1;;;;1;;;;;2;;;;;
OMBU SCS3E1450;;;;;;;1;;1;;;;1;;2;;;;;;;;1;;;;;;;;1;;1;;4;;;;;;1;;1;1;;2;;;
OTROS OTROS;;;;;;;;;;;;;;2;1;1;;1;1;;;;;;;;;;;;;;;;;;2;1;1;2;2;;1;;;2;;;
S STOESSEL SSPC3;;1;;;2;;;;;;;;;;;;;;;;;;;;;;;;;;;3;;;;3;2;1;4;;;;;;;;;1;
S STOESSEL SSVB3;;;;2;1;;2;;;;;;1;1;;2;;1;;;2;;;;;;;;;;;1;;;;;;;;;;;;;2;2;;;
SALTO ACBV4E;;1;1;2;2;1;;1;1;;;;;;;;1;1;;;;;;;;;;;;;1;;;;;;;;;1;;;3;;;;1;;
SALTO SCP3E;;;;;;;;;;;;;;;;;;;;;;;;;;;;;5;;;5;;;;;2;;;;;;;;;;5;;
SAYI SCS-L-2+1;;;;;;;;;;;1;;;;;;;;1;;;1;;;;;;;;;;;;;;1;;;9;;;4;;;;;;;
SOLA Y BRUSA FORESTAL 3 EJES - 1+1+1;;;;;;;;;;1;;;;;1;;;;;2;;;;;;;;;;;;1;;;;;1;1;1;1;;;1;1;2;2;2;;
VULCANO PORTA CONTENEDOR BITREN T - ST;;;;;1;;;;;;;;;;1;;;;1;;;;;;;1;1;;1;;1;3;;;;;;;;;;;2;2;;2;;1;
BONANO SEMIRREMOLQUE TERMICO DE 2D;;;;;;;;;;;;;;;;;;;;;;;;;;;;;;1;;2;;1;;1;2;1;2;;;2;;1;2;1;;;
CARRETONES DANIEL BRITO ACOPLADO/SEMIRREMOLQUE;1;1;;;;;;1;;1;;;;;;;;;1;;;;1;;;1;1;;;;1;;;;;;1;1;;1;;;1;;1;2;;;
CARROCERIAS APEZ RIAD;;;;;;;;;;;;;;;;;;;;;;;;;;;;;;;;;;;1;;;;2;;3;;1;1;5;1;1;1;
CARROCERIAS APEZ TOKIO;;;;;;;;;;;;;;;;;;;;1;1;1;;1;1;1;2;1;3;1;;1;;;1;;;;;;;;;1;;;;;
CORMETAL AVXB22;;2;;1;;;;;1;;;;;;;2;;;;2;;;;;;;;;1;;1;;;1;;1;;;;;;;1;1;;2;;;
DAWI REMOLQUE EJE CENTRAL - 1 EJE;;;;;;;;;;1;1;;;;;;;;;;;;1;;;;;1;;;;;;;1;1;;;;;1;1;1;;;3;3;1;
DM TRAILERS AP1;;;;;;;;;;1;;1;2;;;;;;;;;1;1;1;2;1;;;;;2;;;;;2;;;;;;;2;;;;;;
F.H. A.V.P. 411 M;1;;2;;;1;2;1;1;1;;;;1;;;;;;2;;;;;;;1;;;;;;;;;;;;;;;1;;;2;;;;
FERBUS KAISEN 350 01;;;;;;;;;;;;;;;;;;;;;;;;;;;;1;1;;;3;1;;2;4;;;;;;;;2;;;1;1;
FERBUS KAISEN KAISEN 650 2E;1;1;2;;1;1;2;2;1;1;3;1;;;;;;;;;;;;;;;;;;;;;;;;;;;;;;;;;;;;;
HELVETICA AC 3E MP;;1;;;;;;;2;;;;;;1;;1;;2;2;;1;;;;;;;;;;;4;;;;;;;;;1;;;1;;;;
HONDA PILOT;1;;2;;;;1;;;1;;;;;;;;1;3;2;;1;;;1;1;1;;1;;;;;;;;;;;;;;;;;;;;
IDERO SEMI CARGA CONV. 3E 1D1D1D S111-VT;;;;;;;;;;;;;;;;;;;;;;;;;;;;;;;;;;;;;;;;;;;;;4;6;3;3;
IDEROL SEMI CARGA CONV. 3E 1D1D1D S111-CS;;;;;;;;;;;;;;;;;;3;3;;;;;;1;1;;;;;;2;;1;;;;;;;;;;;4;;1;;
ITATI ITA38TI05M1E;1;1;;1;;;1;1;2;;;;2;2;;;1;;;;;;;;;;;1;2;;;;;;;;;;;;;;;;1;;;;
MANQUE BT25PLB1;3;2;2;1;2;;;;3;;;;;;;;;;;1;;;;;;;;;1;;;;;1;;;;;;;;;;;;;;;
MARCELINI SRC12NF;;;;;;1;;;;;;;;;;;1;4;2;;;;;;;;;;;;2;1;;1;;;2;;1;;;;;;1;;;;
METALURGICA ALEM S3E CARGA GENERAL;;;;;;;;2;;;;;3;;1;;;;;;;3;;;;;;;;;;3;;;;;;4;;;;;;;;;;;
MONTENEGRO ACOPLADO VUELCO BILATERAL 4 EJES;;;;1;;;5;2;1;;2;2;;1;;;1;;;;;;;;;;;;;;;;1;;;;;;;;;;;;;;;;
MONTENEGRO SEMIRREMOLQUE FURGON TERMICO 1+2 EJES;;1;;1;;;;;1;;;;;;;;;1;2;;;1;;;;;;;;;;;;;2;;1;2;;;1;;1;;;1;1;;
SATURNI BARANDA VOLCABLE 3EA;4;2;1;1;2;;;;1;1;;;;;;;;;;;;1;;;;;;;;;;;;;;;;;;1;;;;;1;;1;;
SCANIA K410;;;;;;;;;;;;;;;;;;;;;;;;;;;;;;;;;;3;;;;;;1;;;1;6;3;;;2;
SIN MARCA MTK;;;;;;;;;;;;;;;;;;;;;;;;;;;;;;1;2;;;2;;;;;;1;;1;4;2;1;1;1;;
SOLA Y BRUSA CORTINAS LATERALES 3 EJES;;;;;;;;2;;;;;1;;;1;;1;;2;;;1;;;;;1;;;1;;1;;1;;;;;1;;;;1;;1;1;;
AA ASTARSA CARRETON 04;;;;;;;;;;;;;;;;;;;;;;;;;;;;;1;;;;;;;;;;10;;;1;2;;;1;;;
ASTIVIA S3-BARANDA VOLCABLE;;1;;;;;;;1;2;;;1;;;;2;;;;;;;;;;;;;;1;1;;;;;;;;;1;1;;2;1;1;;;
AST-PRA FTHDCFR3 FURGON TERMICO 3 EJES NEUM;;;;1;;;;;;;;;;1;;1;2;;1;;;;;;;;;;;;1;2;;;;;;;;;;1;1;2;;;;2;
BONANO SEMIRREMOLQUE JAULA GANADERA DE 3 EJES TANDEM;;;;;;;1;2;1;1;3;;;1;;1;;;1;2;2;;;;;;;;;;;;;;;;;;;;;;;;;;;;
CARROCERIAS APEZ SEMIRREMOLQUE BATEA ULTRALIVIANA;;;;;;;;;;;;;;;1;;3;;1;2;;;;;;;1;;1;;;3;1;1;;;;1;;;;;;;;;;;
CHEVROLET PRISMA;;1;2;3;2;2;3;1;;;;;;;;;;;;;;;;;;;;;;;;;;;;;;;;;1;;;;;;;;
CRESCENTE 221-CU-504 ACOPLADO MODELO BARANDA VOLCABLE (BV);;;;1;4;2;2;2;1;;1;;;;1;;;;;;;;;;1;;;;;;;;;;;;;;;;;;;;;;;;
DM TRAILERS ACONCAGUA 260;;;;;;;;2;;1;3;4;2;1;;;;;;;;;;;;;;;;;;;;;;2;;;;;;;;;;;;;
FORD E-TRANSIT;;;;;;;;;;;;;;;;;;;;;;;;;;;;;;;;;;;;;;1;;1;1;;1;;1;8;2;;
FORD MONDEO;9;1;1;1;;;1;1;;;;1;;;;;;;;;;;;;;;;;;;;;;;;;;;;;;;;;;;;;
GOTITAS RODANTES FURGON GR CARGO;;;;;;;;2;2;;3;1;1;;;;1;1;1;;;;;;;;;;;;;;;;;;1;1;;;;1;;;;;;;
HELVETICA SR 3E T PJ;;;;;3;;;;;;;;;1;4;1;;;;1;1;;;;;;;;;;;1;1;;;;1;;;;;;;;1;;;;
HERMANN VOLCADOR BILATERAL S.VL 3E 63 2+1;;;;;;;;;;;;;;;;;;;;;;;;;;;;;;;;;;;;;;;;;;1;1;1;10;1;;;1
IC TRAILERS TRAILER 2 EJES;;;;;;;;;;;;;;;;;;;;;;;;;;;;;;;;;;;;;;;2;2;;3;1;3;1;2;;1;
IDERO SEMI CARGA 3E 3D S3 (S3-CS);;;;;;;;;;;;;;;;;;;;;;;;;;;;;;;;;;;;;;;;;;7;1;5;1;;;1;
JMC N 800;;;;;1;;;;;;;;;;;;;;;;;;;;;;;;;;;;;;;;3;2;4;2;;1;;1;;;1;;
MACTRAIL TU 19-10-M;1;1;;;;;;;;1;1;;;1;1;;;;;;1;1;1;1;;;;1;;;;1;;;1;;;;;;;;;;;;;2;
MACTRAIL TU-17-8-M;;;1;1;;2;;5;3;;;;;;;;;;;;1;1;1;;;;;;;;;;;;;;;;;;;;;;;;;;
METAGRO S-D3-N- CG;;;;;;;;;1;2;;1;;;1;;;;2;5;;;;;;1;;;;;;;;;;;;;;;2;;;;;;;;
SAYI TANQUE SE.TQ.03;;;;;;;;;;;;;;2;11;2;;;;;;;;;;;;;;;;;;;;;;;;;;;;;;;;;
SIN MARCA ACOPLADO 1 EJE;;;;;;;;;;;;;;;;;;;;;;;;;;;;;;1;;1;;;1;3;;;1;;1;2;;2;;2;;1;
SOLA Y BRUSA S 3 EJES- 1 DESPLAZ. SUSP. NEUM. DIREC.;1;2;;2;2;2;;3;;1;;;1;;;;1;;;;;;;;;;;;;;;;;;;;;;;;;;;;;;;;
SOLA Y BRUSA VUELCO BILAT. 3 EJES;;;;;;;;;;;;;1;2;1;;;1;;;;1;2;;;1;;;;;;;;1;;;;1;;1;2;;;1;;;;;
TRAILERS GALLO TRAILERS PLAYO 1 EJE CAT 01;;;;;;;;;;;;;;;;;;;;;;;;;;;;;1;;1;1;1;1;1;;1;1;;;1;2;1;1;;1;1;;
VULCANO PORTA CONTENEDOR BITREN D - SD;;;;;1;;;;;;;;;;1;;;;1;1;;;;;;1;1;;1;;1;3;;;;;;;;;;;;1;;2;;1;
AHT ALZUARTE FURGON 2E;;;1;;;;;;3;;1;1;;;;;1;;1;;;;;;2;;1;;1;;;;;1;;;;;;;1;;;;;;;;
ASTIVIA A2-PISO-8;;;2;3;;;1;1;1;;;1;;;;1;1;;;;;;;1;;;;;;;;;;1;;;;1;;;;;;;;;;;
BMW M5;;1;;;1;;;;;;;;;;;;;;;;;;;;;;;;;;;;;;;;;;;;;;;7;2;1;;2;
CHERY QQ;6;2;1;1;;1;;;;;;;;;;;;;;;1;1;;;;;;;;;;;;1;;;;;;;;;;;;;;;
EQUIPAMIENTOS VDU VDU UTVCUATMOT CARGAS VARIAS HASTA750KG TOTAL 1E;;;1;;;;;;;1;2;;1;;;;1;1;;;;;;;;;;;;;;;1;;;;;;;;1;;;;;2;1;2;
FOTON WONDER;;;;;;;;;;;;;;;;;;;;;;;;;;;;;;;;;;;;;;;;;;;;1;3;4;4;1;1
FRUSSO STPA3 TANQUE PRODUCTO ALIMENTICIO;;;1;;;;;;;;1;;;1;;;2;;1;1;;;;;;1;;;;1;;1;;;;;2;;;;1;;1;;;;;;
GROSS BARANDA VOLCABLE 10.30 MTS (D2-D2);;;;1;;;;;1;1;;;;;;;;1;;;;2;;;2;;2;;;;;;;;1;;1;1;1;;;;;;;;;;
GROSS TODO PUERTAS 9.30 MTS (D2-D2);;;;;;;1;;1;;1;2;;1;;;1;;1;1;;1;;;;;;;;1;;;;;;;1;;;;;;;1;;1;;;
H.C.MANCINI CARRETON AVM 25 T;;;;1;1;1;1;;;2;;1;;;;;;;;;1;;;;;;;;;;;1;;;1;;;;;;;;;;2;2;;;
HERMANN CARGA GENERAL S.CG.3E.57 2+1;1;;;;;1;;;;;;;;;;;1;1;;2;;;2;;;;;1;1;1;;;;;;1;1;;;1;;;;;;;;;
HERMANN FORESTAL S.CF.3E.77 D;;;;;;;;;;;;;;;;;;;;;;;;;;;;;;;;;;1;;7;;;3;;;;;1;;1;;1;
HERMANN FORESTAL S.CF.3E.77 T;;;;;;;;;;;;;;;;;;;;;;;;;;;;;;;;;;1;;5;2;;3;;;;;1;;1;;1;
IDERO SEMI CARGA CONV. 3E 1D2D - S12-P;;;;;;;;;;;;;;;;;;;;;;;;;;;;;;;;;;;;3;;;;3;1;;1;;;3;2;1;
KIA SORENTO;;;;;;3;1;;1;;;;3;;1;1;1;;;;1;;;;;;;;1;;;;;;;1;;;;;;;;;;;;;
LAMBERT S3CS;;1;;;1;;;1;1;;;;1;;;;;;2;;;;;;;;;;;;;;;;1;;1;;;;;;;1;3;;;1;
MACTRAIL PORTA AUTO;;;;;;;1;;;;;1;;;;;;;;1;;1;;;1;;;1;;1;;1;1;;1;;1;;;1;;;;1;;;;1;
METAGRO S-1+2 - TANQUE;;1;;;;;;;;;;;;;;;1;;;;;;;;;1;;;;;;;;1;;2;;;1;;1;;;;;;6;;
OMBU SBIDBV2E;;;;;;;;;;;;;;;;;;;;;;;;3;;1;;;;;3;;;;;;;1;;;1;2;;1;;2;;;
OMBU SBITBV2E;;;;;;;;;;;;;;;;;;;;;;;;;3;1;;;;;3;;;;;;;1;;;1;2;;1;;2;;;
SALTO CARRETON5E;;;;;;;;;;;;;2;;;;;;;;;;;;;1;1;1;;;;;;2;;;;1;;1;;1;;1;3;;;;
SCANIA R620;;1;;;;;3;;;;;;;;;;;;;;;;;;;;;;;;;;;;;;1;;;;;;3;2;3;1;;;
SCANIA S500;;1;;1;;1;;1;1;;;;;1;;1;;;;;;;;;;;;;;;;1;;;;;3;;;;;1;1;;1;;;;
TAHNOS SAT 2E TS;;1;1;1;;1;;;1;;;;1;1;;;;;1;;;;;;;;;;;;1;1;;;;;;;2;;;1;;;1;;;;
VOLKSWAGEN GOLF;2;2;1;3;1;1;1;3;;;;;;;;;;;;;;;;;;;;;;;;;;;;;;;;;;;;;;;;;
VOLVO FM 330;;1;4;3;;2;;;1;;;;;;;;;;;;;;;;;;;;;;;2;;1;;;;;;;;;;;;;;;
ASTIVIA A2-BARANDA VOLCABLE-8;;;;;1;;;1;1;;;1;1;;1;;1;1;;;;;;1;1;;;;;;;;;;;;;1;;;1;;;1;;;;;
ASTIVIA S3-FURGON TERMICO;;;1;;;;;;;;;1;;;;;;;;;1;;1;1;;;1;1;;;;;;1;;;;1;;;;1;;3;;;;;
BMW X7;;;;;;;;;;;;;;1;;;;;;;;;;;;;;;;;;1;;;2;;;;;2;1;2;1;;;1;;2;
CARBALLIDO AC4EABS BARANDA VOLCABLE;1;;1;1;;2;;;;;;;;;3;;;;;;;;;;;;1;;;1;;;;;;;1;;;1;;1;;;;;;;
CARROCERIAS APEZ SIDNEY;;;;;;;;;;;;;;;;;;;;;;;;;;;;;;;;;;;;3;;;2;2;1;;1;2;1;;1;;
COMAR CARRETON S12-28;;;;;;;;;;;;;;;;;1;;;;;1;;;;1;;;;;1;1;;1;1;;;;;;;1;1;;1;;3;;
CORMETAL SGXN31;;;1;1;1;;;;1;;1;1;;;;;;1;;;;;;1;;;;;2;;;;1;1;;;;;;;;;;1;;;;;
GROSS VOLCADOR BILATERAL 9.30 MTS (D2-D2);;1;;;;;;;;;;;;;2;;1;;1;3;;;;;2;1;;;;1;1;;;;;;;;;;;;;;;;;;
HIDRO-GRUBERT BL13T;;;;;;;;;;;;;;;;;;;;;;;;;;;;;1;;2;;1;1;;;;2;;;1;1;1;;1;;1;1;
HYUNDAI KONA;4;1;;1;;1;;;;;;;1;1;;;1;1;;;;1;;1;;;;;;;;;;;;;;;;;;;;;;;;;
JETOUR T2;;;;;;;;;;;;;;;;;;;;;;;;;;;;;;;;;;;;;;;;;;;;;;2;7;4;
LAMBERT A3FO;;;;;3;4;;;;;;;;;;;;;;;;1;;;1;;;;;;;;3;;;1;;;;;;;;;;;;;
LAMBERT S12BV;;;;;;;;;;;;;1;;6;6;;;;;;;;;;;;;;;;;;;;;;;;;;;;;;;;;
LAMBERT S3PL;;;;;;;;;1;1;;;;1;1;;;;1;;;;;;;;;;;;;2;;;;;;4;;;1;;1;;;;;;
MANQUE PBDFNRW3;;;;;;;;;;3;2;3;;;;;;3;;1;;;;;1;;;;;;;;;;;;;;;;;;;;;;;;
MARCELINI A8NF;;;;;;;2;1;;;1;;;1;2;1;;1;;;;;;;;;1;;;;;;;;;;;;;1;;;;;;;;2;
MARCELINI SRC12N2FE;;;;;3;;;;;;1;;1;;;;1;;;1;1;;;;;;3;;;;;;;;;;;;;;;1;;;;1;;;
MERCEDES BENZ/IRIZAR O-500;;;;;;;;;;;;;;;;;;;;;;;;;;;;;;;;;;;;;;;;;;;;;2;8;3;;
MERCEDES BENZ/MARCOPOLO LO 916;2;;;1;3;1;1;;;;1;;1;;;;;;;;;;;;;;;;;;;;;;;2;;1;;;;;;;;;;;
SALTO ACP3E;;1;;2;;;1;;;;3;1;;;;;;;;1;;;;;2;;;;;;;;;;;1;;;;;;;;;;;;1;
SALTO ACV4E;;;;;;;1;;1;2;;;;;;;;;;1;;;2;1;;;;;;1;;;;;;;1;;;;1;;;;2;;;;
SCANIA G320;;;;;;;3;1;2;;;;;;;;;;;;;;;;;;;;;;;;;;;;;;1;;;2;3;;;1;;;
SCANIA S620;1;1;1;;;1;;2;;2;;;1;;;;;;;;;;;;1;;;;1;;;;;;;1;;;;;;;;;1;;;;
STAHL AA5400 ACOPLADO CARRETON;;;1;;;;1;2;1;;;;;;2;;;;1;;;;;;;;;;;;;;1;1;1;;;;1;;;;;;;1;;;
STAHL SEMI REMOLQUE BARANDA VOLC. AS5600 - LARGO 14500;;;;;;;;;1;2;;;;1;9;;;;;;;;;;;;;;;;;;;;;;;;;;;;;;;;;;
ACOPLANOA ACP-MB-3E;1;;;1;1;;;;;;1;;1;;;;1;;;;;;;;1;;;;;;1;;;;;;;;;;2;;;;1;;1;;
AGRALE CA 8700;;;;;;;;;;;;;;;;;;;;;;;;;;;;;;;7;5;;;;;;;;;;;;;;;;;
BEMFRA ACOPLADO TANQUE ATB 3000;;;;;;;;;10;;;;;;;;;;;;;;;;;;2;;;;;;;;;;;;;;;;;;;;;;
BERTOTTO, BOGLIONE Y CIA. S.R. SEMIRREMOLQUE TANQUE 2 EJES EN TANDEM;;;;;;;1;;3;3;;;1;1;;;;;;;;;;;;1;;;;;;;;;;;;2;;;;;;;;;;;
BONANO ACOPLADO BARANDA VOLCABLE 3 EJES;;;;;;;;;;;;;;;;;;;;;;;;;;;;;1;;;1;;;1;;;1;;;2;;;2;2;;;2;
BONANO ACOPLADO JAULA GANADERA DOBLE PISO DE 4 EJES;;;1;;;1;;;;;;;;1;;;1;;;1;;;;;;;1;1;1;;;;;1;;1;;1;;;;;;;1;;;;
BULL TRAILER SR46.7-2113;;2;1;1;;;;;2;;;;;;;;6;;;;;;;;;;;;;;;;;;;;;;;;;;;;;;;;
CARROCERIAS APEZ SEMIRREMOLQUE BATEA 1+2;;2;;1;;2;;3;;;;;;2;;1;;;;;;;;;;;;1;;;;;;;;;;;;;;;;;;;;;
CHEVROLET BOLT;;;;;;;;;;;;;;;;;;;;;;;;;;;;;;;;;;;;;;;;;12;;;;;;;;
CHEVROLET COBALT;4;;3;1;;2;;1;1;;;;;;;;;;;;;;;;;;;;;;;;;;;;;;;;;;;;;;;;
COBRA MOTORSPORT ARGENTINA COBRA AC 302;;;;;;;;;;;;;;;;;;;;;2;3;;3;1;;1;;;;;;;;;;;;;;;;1;;;;1;;
CORMETAL SEMI 3 EJES DEPRIMIDO VIAL DPVB3T;;;;;;;;;;;;;;;;;;;1;;;;;1;;2;;;;;;;;1;;;;;1;1;;;1;;1;1;;;2
EL FIERRO SEMIRREMOLQUE BATEA PARA CARGA GENERAL BAT 28 3E;;2;;;;;;1;1;;1;;1;;;1;;;;1;;;;;;;;;;;1;;1;1;;;;;;;;;;1;;;;;
EMIKEL PBARBUS 520 ACOPLADO 2 EJES;;;;;;3;1;;1;;;;4;1;;;;;;1;;;;;;;;;;;;;;;;;;;;;;;1;;;;;;
EMIKEL TRAILER 1 EJE O1;;;;;;;;;;;;;;;;;;;;;;;;;;;;;;;;;;;3;1;;;;;1;;1;1;3;1;;;1
FUR-TAN SEMI TOLVA 3 EJES 2 CIST.A.CARB.CON.PINT;;;;;;;;;;;;3;;;;;1;1;;1;;;;;1;;;;;;;;;;;;;;;1;1;1;1;;;;;1;
FUR-TAN SEMIRR.TOLVA 2 EJE 1 CIST.A.CAR.CONICO S-REV 59000;;;;;;;;;;;;;;;;;;;;;;;;;;;;;;;;;;;;1;3;;;;;2;2;;2;2;;;
GOMATRO ACOPLADO 2 EJES JAULA GANADERA;;;;;;;;;;;;;;;1;;;;;;1;1;1;;;;2;;;;;;1;;;;1;;1;;;;;2;1;;;;
GOTITAS RODANTES GR PLAYO;;;;;;;;2;2;1;1;1;1;;;3;;;;;;;;;;;;;;;;;;1;;;;;;;;;;;;;;;
GRASSANI AG3-25TT;1;;1;;;;;;1;1;;;1;;;2;1;;;;;1;;;;;;;;;;;1;;;;;;1;1;;;;;;;;;
GROSS BARANDA VOLCABLE 14.50 MTS;;;;;;;;;;;;;;;;;;;;1;1;;1;;1;2;;2;;;;;;;;;1;;;;1;;1;;;;;1;
GUERRA SR/BA/1+2;;;;;;;;;;;;;;;;;;;;;;;;;;;;;;;;;;;;;;;;;;;;3;5;3;;;1
HEEVEL CASARODANTE5.0;;;;;;;;;;;;;;;;;;;;;;;;;;;;;;5;2;1;2;;;1;;;;;;1;;;;;;;
HERMANN FURGON S.FP.2E.96;1;;;;;;4;;;;4;;;;;;;;;;1;;1;;;1;;;;;;;;;;;;;;;;;;;;;;;
HERMANN GANADERO S.GP.3E.92 2+1;1;;;;1;;;2;1;;;;1;;;;;;;2;;;;;;;;;;;1;;;;;;;;;;;;1;1;1;;;;
HERMANN MIXTO A.MI.3E.40;;;;;;;;1;;1;1;1;1;1;;;;;;;;;2;;;;;;;;;;;;;1;1;1;;;1;;;;;;;;
HERMANN PORTA CONTENEDOR S.PC.3E.58;;;;;;1;;;;1;1;;;;;3;;;;;;;;;1;1;;;;;;;;1;;;;;;;;;;;3;;;;
HYUNDAI SANTA FE;;;;;;;;;;;;;;;;;;;;;;;;;;;;;;;;;;;;;;;;;;;;1;1;8;1;1;
MACTRAIL TU 20-10-R;;;2;;1;;;1;;1;;1;;;1;;;1;;1;;;;;;;;;;;;;;;;;;1;1;;;1;;;;;;;
MERCEDES BENZ AXOR 3341;;;5;7;;;;;;;;;;;;;;;;;;;;;;;;;;;;;;;;;;;;;;;;;;;;;
MIC BARANDA VOLCABLE;;;;1;;;1;;2;;1;;;;;2;1;;;;2;;1;;;;;;;;;;;;;;;;;;;;;1;;;;;
NIÑO JESUS DE PRAGA SCP3ETCF CARRETON;;;;;;;;;1;;;;;;;;1;;;1;;;;;;2;;;;;1;;1;;;;;1;;;;;1;;2;;1;;
OMBU SVB3E1+1+1;;1;2;;;;1;;;;;;;;;;1;;;3;;;;;;1;;;;;;;;;;;1;;;;;1;1;;;;;;
PATRONELLI CARGA GENERAL 2+1 EJES - SEMCG21;;;;;;;;1;;;;1;;;;1;;;7;1;;;;;1;;;;;;;;;;;;;;;;;;;;;;;;
PATRONELLI CARRETON 5 EJES - SEMC5ECD;;;;;;;;;;;;;;;;;;;1;;;1;;;;1;;2;;1;;1;1;1;1;;;;;1;;1;;;;;;;
RAM DAKOTA;;;;;;;;;;;;;;;;;;;;;;;;;;;;;;;;;;;;;;;;;;;;;;;;12;
SALTO SRBVET3E;;;;;;;;;;;;;;;;;;;;;;;4;2;1;;;;1;;;;;;;;;1;2;1;;;;;;;;;
SANY STC 900T5;;;;;;1;;;;1;1;;;;1;;;;;2;;;;;;;;;;1;;;1;1;;;1;;;;;;;1;;1;;;
SCANIA K360;;;;1;;;1;1;3;;2;;;1;;;1;;;;;;;2;;;;;;;;;;;;;;;;;;;;;;;;;
SHINERAY G01;2;;;1;4;1;1;;;;;;;;1;;;;;1;;;;;;;;;;;;;;1;;;;;;;;;;;;;;;
SHINERAY T32;1;1;2;2;;2;1;1;;;;;;;;;;1;;;;;;;;;;;;;;;;1;;;;;;;;;;;;;;;
SIN MARCA SHIP FURGON 1 EJE;;;;;;;;;;;;;;;;;;;;;;;;;;;;;;;;1;1;2;1;3;3;;1;;;;;;;;;;
SOLA Y BRUSA VOLCADOR 3 EJES TANDEM;;;;;;;;;2;;;;;;;;1;;;;;;;;;;;1;1;;;1;;;1;1;1;;;;1;;;;;1;1;;
AGRALE MA 27.0;;;1;1;;;2;2;;;;;;;;;;1;;1;;;;;;;;;;;;;2;;;;;1;;;;;;;;;;;
AGRALE MT 27.0;2;;1;;1;1;;1;;;;;;;;;;;;;;;;;2;;;;;;;1;;;;;;;1;;;;;1;;;;;
AHT ALZUARTE S PLAYO 2E;;;;;;;;;;;;;1;2;3;3;;;;;;;;;;;;;;;;;;;;;;1;;;;;1;;;;;;
AST-PRA FTHDCFH2 FURGON TERMICO 2 EJES MEC;;;;1;;;;;;;;;2;;;;;3;;1;;;;;;;;;;;;;;;;;1;1;;1;;;;;1;;;;
BONANO SEMIRREMOLQUE PORTA CONTENEDOR DE 2 EJES+1 EJE DIR;;;;;;;;;;2;;;;;;;;;4;;4;;;;;;;;;;1;;;;;;;;;;;;;;;;;;
CARROCERIAS APEZ AC B.V FMI;;;1;;1;;5;1;2;;;1;;;;;;;;;;;;;;;;;;;;;;;;;;;;;;;;;;;;;
EMIKEL PBARBUS 450 ACOPLADO 1 EJE;;;;;;1;1;;;;2;1;;;;1;;;;1;1;;;;1;1;;;;;;;;;;;;;;;;1;;;;;;;
FUR-TAN SEMIRREMOLQUE 3 EJES 3 CISTERNA REVESTIDO;;1;;;2;;1;1;;;;2;2;;;;1;;;;;;;;;;1;;;;;;;;;;;;;;;;;;;;;;
GOLDHOFER THP/SL;;;;;;;;;;;;;;;;;;;;;;;;4;;;;;;;4;;;;;;;;;;;;;;;;;3;
GROSS BARANDA VOLCABLE 9.80 MTS (D2-D2);;;1;1;;;;;;;;;;;2;1;;;;;1;1;;;;1;1;;1;;;;;;;;;;;;;1;;;;;;;
HERMANN CARGA GENERAL A.CG.3E.05;;;;;;;;;;5;;;;;;;;;;;;;;;1;;;2;2;;;;1;;;;;;;;;;;;;;;;
INDECAR SEMIRREMOLQUE TANQUE 2 EJES EN TANDEM;;;;1;;;1;;;;;;;;;;;;;;;2;;2;1;;;;;;;;;;1;1;;;;1;;1;;;;;;;
LAMBERT A4VO;;;1;;1;;;;1;;1;;1;;2;;1;;;1;;;;;;1;;;;;;;;;;;1;;;;;;;;;;;;
LAMBERT S12TP;;;2;;1;;;;;;;;;1;;;;;;;;;;;;1;;;;;;2;;;;2;;2;;;;;;;;;;;
LAMBERT S12VO;;;;;;;1;;;;1;;;;1;;1;;;;;;1;;;;;;;;;;;1;;;;;1;2;;;2;;;;;;
LOMAS CAMPING TG300S;;;;;;;;;;;;;;;;;;;;;;;;;;;;;;;;;;;;;;;;;1;1;3;1;;1;1;3;
LOMAS CAMPING TG350S;;;;;;;;;;;;;;;;;;;;;;;;;;;;;;;;;;;;;;;;;1;;1;;3;2;1;3;
MACTRAIL TU 19-10-R;1;;2;;1;;;1;;;;2;;;;;;;;;;;;;1;;;;;1;;;1;;;1;;;;;;;;;;;;;
MALDONADO SEMIRREMOLQUE 3 EJES TIPO BATEA VUELCO TRAS;;;;;;;1;;1;;;;;;;;;;;;;1;1;;;;;;;;1;;1;;;;1;;;;1;;;;1;2;;;
MANQUE SEMIRREMOLQUE PORTANTE 3 EJES;;;;;;;;;1;;;1;;;;;;;;;;;;;;;;9;;;;;;;;;;;;;;;;;;;;;
MERCEDES BENZ AXOR 1933;2;2;3;;1;1;1;;;;;;;;;;;;;;;;;;;;;1;;;;;;;;;;;;;;;;;;;;;
MERCEDES BENZ AXOR 2533;;;;2;3;;;1;;;;;;;;;;;1;1;;;;;1;;1;;1;;;;;;;;;;;;;;;;;;;;
NIÑO JESUS DE PRAGA SA3E;1;3;;;;;;2;;;;;;;;;;;1;;;;;;;;;;;;;;1;1;;;;;;;;1;1;;;;;;
OIL TRAILERS SEMI HABITACIONAL 1 EJE;;;;;;;1;;1;;;;;;;;;;;;;;;;;;;;;;;;2;;;;;;;1;;;2;;4;;;;
OMBU APL4E960;;;1;1;;1;;2;;;1;;;1;;;;;1;;1;;;;;;;;;1;;;;;;;;;;;;;;;1;;;;
OMBU SBITCS2E;;;;;;;;;;;;;;;;;;;;1;1;;;;;;;;;;;;;;;;;;;;;;;5;2;2;;;
OMBU SBITVB3E;;;;;;;;;1;;;;;;;;1;;;;;1;;;;1;;1;;;;;;1;;;;;;;;1;1;1;;1;1;;
OMBU STC1E24;;;2;;1;;1;;;;;;;;;;;;;;;2;;1;;;;;;;;;1;;1;;;1;;;1;;;;;;;;
PATRONELLI CARGA GENERAL 3 EJES - ACCG3E;;;;;3;1;;;;1;;;;1;1;3;;;;;;;1;;;;;;;;;;;;;;;;;;;;;;;;;;
PORSCHE 718;;;;;;;;;;;;;;;;;;;;;;;;;;;;;;;;1;;;;;;1;1;;2;2;;;1;1;2;;
RANDON SR.SD.03 SIDER 3 EJES JUNTOS;;;;;;;;;;;;;;;;;;;;;;;;;;;;1;;;;;;3;;;6;;;;;;;;1;;;;
RHAPSODY CAMPS MCRACP1EJEO1;;;;;;;;;;;;;;;;;;;;;;;;;;2;;1;;;;1;1;2;;1;;;1;;;;;;;;;2;
SALTO SRPM3E;2;;;;;1;;;;1;1;;;;1;;;;;;1;;;;;3;;;;;;;;;;;;;;;1;;;;;;;;
SCANIA S550;;;;;;;;;;;;;;;;;;;;;;;;;;;;;;;;;;;1;;1;;;;1;3;1;1;2;;1;;
SIN MARCA OFF ROAD 2 EJES;;;;;;;;;;;;;;;;;;;;;;;;;;;;;;1;;1;1;2;;1;1;;1;;;1;1;;;1;;;
SIN MARCA REMOLQUE CARGA GENERAL LANZA RIGIDA;;;;;;;;;;;;;;;;;;;;;;;;;;;;;;;;;;;;;;;1;;1;;6;2;;1;;;
SOLA Y BRUSA PLAYO 3 EJES TANDEM;3;;;1;1;;2;;3;;;;;;;;;;1;;;;;;;;;;;;;;;;;;;;;;;;;;;;;;
SORAZABAL ACOPLADO DE DOS EJES PARA HACIENDA;;;;;;1;;;;;;;;;;;;;;;;;;;;;;;;;;;1;2;1;1;;;;1;;;1;;;2;;1;
STRUPENI SEMIRREMOLQUE 3 EJES (1+2);1;;;;;;;;;;;;;;;;;1;1;;;1;;;;;;;;;;;1;;;;;;;;2;;2;1;;1;;;
VULCANO SEM-AMCPC(1+2)II;;;;;;;;;;;;;;;;;;;;;;;;;;;;;;;;;3;;;;1;1;;1;1;;;;1;;3;;
YUTONG ZK6128HG;;;;;;;;;;;;;;;;;;;;;;;;;;;;;;;;;;;;1;;;;;;;;;;10;;;
AHT ALZUARTE BARANDA VOLCABLE 2E;;1;;;;;;2;2;3;;2;;;;;;;;;;;;;;;;;;;;;;;;;;;;;;;;;;;;;
AL TRAILERS PLAYO TR;;;;;;;;;;;;;;;;;;;;;;;;;;;;;;;;;;;;;;;;;1;;;1;2;2;1;3;
BEMFRA ACOPLADO TANQUE ATB 1500;;;;;;;;;;;;;;;;;;;;;;8;2;;;;;;;;;;;;;;;;;;;;;;;;;;
BEMFRA ACOPLADO TANQUE ATB 8000;;;;;;;;;10;;;;;;;;;;;;;;;;;;;;;;;;;;;;;;;;;;;;;;;;
BONANO SEMIRREMOLQUE CARNICERO 3D;;;;;;;;;;;;;;;;;;;;;;;;;;;1;;1;;;;;1;;;1;;2;;;;1;;1;1;1;;
BONANO SEMIRREMOLQUE TERMICO DE 3 TANDEM;;;;;;;;;;;;;6;1;3;;;;;;;;;;;;;;;;;;;;;;;;;;;;;;;;;;
CARRETONES DANIEL BRITO CARRETON 32 NEUMATICOS;;;;;;;;;;;;;;1;;1;;;;1;;;1;;;;;;;1;;1;;;;;;;1;;;1;;;2;;;;
CARROCERIAS APEZ A.C TOLVA;1;;2;1;;1;1;;2;;2;;;;;;;;;;;;;;;;;;;;;;;;;;;;;;;;;;;;;;
CORMETAL ACOPLADO 3 EJES C/BALLES PLAYO APXB21;;1;;;;;;2;1;;;2;;;;;1;;2;;;;;;;;;;;;;;;;;;;;;;;;;1;;;;;
CORMETAL SEMI 3 EJES PORTACONTENEDOR SJXB3T;;;;;;;3;;;;;;;;;;;;;4;;1;;;;;1;;;;;;;;;;;;;;;;1;;;;;;
DANES SN 3ED DD;;;;1;;;;;1;2;;;1;;;;;;2;;;1;;;1;;;;;;;;;;;;;;;;;1;;;;;;;
DM TRAILERS ADECUACION AP2;;;;;;;;;;;;;;;;;;;;;;;;;;;;;;;;1;;;;;2;3;;;1;;;;;2;1;;
DM TRAILERS DUMAS 250;;;;;;;;;1;1;1;1;;1;;;;;1;;;1;;;;;;;;;;;1;;;;1;;;;;;1;;;;;;
EL FIERRO ACOPLADO PARA TRANSPORTE DE CARGA GENERAL 3E;;;;;2;;;;;1;;;1;;;;;;2;;1;;;;;;;;;;;1;;;1;;;;1;;;;;;;;;;
H.C.MANCINI ACG02E;;;;;;;;;;;;;;;;;;;;;;;;;;;;;2;;;1;2;;;1;1;;;;1;1;;;;;;1;
HERMANN PALETERO A.PA.3E.37;;;;;;;;1;;1;;;;;2;1;;;;;;;;;;1;;;;;;;;1;;;;;;;;;;;1;;;2;
HERMANN S.G.P 2E 91;;1;;2;1;;;;2;;1;;;;;;3;;;;;;;;;;;;;;;;;;;;;;;;;;;;;;;;
HERMANN TOLVA S.TC.3E.74 T;;;10;;;;;;;;;;;;;;;;;;;;;;;;;;;;;;;;;;;;;;;;;;;;;;
IDERO SEMI CARGA CONV. 3E 1D2D - S12 - CS;;;;;;;;;;;;;;;;;;;;;;;;;;;;;;;;;;;;;2;1;1;;;4;;;;1;1;;
IDERO SEMI CARGA CONV. 3E 1D2D - S12-BV;;;;;;;;;;;;;;;;;;;;;;;;;;;;;;;;;;;;;;;1;4;;;1;1;2;1;;;
IDEROL SEMI CARGA CONV. 3E 1D1D1D S111-BV;;;;;;;;;;;;;;;;;;;;1;;;;;;;;;;;1;;1;;;;1;1;;2;;;;;;;2;;1
ISUZU D-MAX;1;1;;;1;1;;;;;2;;;;;;;;1;;;;;;;;;;;;;;;;;;;;;;;;;2;;;1;;
ITATI ITA24TI04M1E;;1;;;1;;;1;;1;;1;;;1;1;;;;;1;;;1;1;;;;;;;;;;;;;;;;;;;;;;;;
JAYCOR RV CRUISER ADVENTURE;;;;;;;;;;;;;;;;;;;;;;;;;;;;2;;1;1;;;;2;1;1;;;;;;;1;;1;;;
LAMBERT S111CS;2;;;;;;;;;1;;;1;;;;;;;1;;;;;;3;;;;;;;;;;;;;;;2;;;;;;;;
LAMBERT S1TA;;;;;;;;;;;;;;;;;;;;;;;;;;;;;;;;;;;;;;;;;;;;;10;;;;
LEXUS GX;;;;;;;;;;;;;;;;;;;;;;;;;;;;;;;;;;;;;2;;;;2;2;2;1;;1;;;
M DE 9 VIAL;;;;;;;;;;;3;2;;4;;;;;;;;;;;;;;;;;;;;;;;;;;;;1;;;;;;;
MACTRAIL TM14;;2;;;;;1;;;;2;1;;;;;;;;;;;;1;;;;;;;;;;1;1;;;;;;;;;;;1;;;
MACTRAIL TU 14-5-M;;1;;;;;;;1;;1;1;;;;;1;;1;;2;;;;;;;;;;;;;1;;;;;;;;;;;;;;1;
MARCELINI AC12ND;1;2;;;;;;;;;;;;;;;;;1;1;;;1;;;;;;;;;;;;;1;;;;;2;;;1;;;;;
MARCELINI AC16NF;;1;2;;1;1;;;;;;;;;;;1;;;1;1;;;;;;;;;;;1;;;;;;;;;;;;;;;;1;
MERCEDES BENZ ACTROS 2636;;;1;2;4;1;;;2;;;;;;;;;;;;;;;;;;;;;;;;;;;;;;;;;;;;;;;;
MERCEDES BENZ EQE 500;;;;;;;;;;;;;;;;;;;;;;;;;;;;;;;;;;;;;;;;1;1;1;2;;;4;;1;
METALURGICA BELGRANO ACOPLADO 3 EJES - ABS;;;;;;;;;;;;;;;;;;;;;;;;;;;;;;;;;;;;;;;;2;1;;2;2;;2;1;;
NIÑO JESUS DE PRAGA SCP3ETCD CARRETON;;;;;;;;;;1;;;;;;;;;1;;2;1;1;1;;;;;;;;;;;;;1;;;;;;;;1;1;;;
NIÑO JESUS DE PRAGA SRP3ET;;;;;;;;;;;;;;2;;1;1;;;;;;;;;;;;;;;;;;;;;;;;1;1;1;1;;2;;;
PINCEN SCS 2E;;;;;;1;;;;;;;2;;;;;;;1;;1;;;1;;;;;;;;1;;1;;;;;;;;1;;;1;;;
RANDON SR.CG.02+01;;;;;;;;;;;;;;;;;;;;;;;;;;;;;;;;;;;;;;;;;;;;;;3;5;2;
SALTO ACOPLADO/SEMIRREMOLQUE;;;;;;;;;;;;;;;;;;;;;;;;1;1;;;;1;;1;;;;1;;;;;;1;;1;1;;;2;;
SAYI ACOPLADO AC.PT.03;;;;1;1;1;1;1;3;;;;1;;;;;;;;;;;;;;;1;;;;;;;;;;;;;;;;;;;;;
SHINERAY G03F;;;;;;;;;;;;;;;;;;;;;;;;;;;;;;;;;;;;;;;;;1;2;2;1;;;1;3;
SIN MARCA SHIP BOX 1 EJE;;;;;;;;;;;;;;;;;;;;;;;;;;;;;;;;;;;;;1;1;1;;3;;1;2;1;;;;
SIN MARCA TG300R;;;;;;;;;;;;;;;;;;;;;;;;;;;;;;;;;1;3;1;1;1;;;1;1;;;1;;;;;
SOLA Y BRUSA A 3 EJES;3;;2;;;;1;;;;;;1;;;;;3;;;;;;;;;;;;;;;;;;;;;;;;;;;;;;;
SOLA Y BRUSA GANADERO 2 EJES TANDEM;;;;;;;;;;;;;;;;;;;1;;;;1;;1;;1;;1;;;;1;;1;;1;;;;;;1;;1;;;;
SORAZABAL ACOPLADO TRES EJES DOBLE PISO PARA HACIENDA;;1;;;;;1;;;;;;;;;;1;;;;;1;;;;;;;;2;;;;;;;;1;;1;;;;1;;;;1;
STAHL AB5128;;;;;;;1;1;;;;;;;1;;;;;;;;;;;;;;;;1;;1;;;;;;;1;3;;;1;;;;;
TOYOTA YARIS CROSS;;;;;;;;;;;;;;;;;;;;;;;;;;;;;;;;;;;;;;;;;;;;;;;;10;
TRAIMAX TI 1100;1;;;;;;2;;;;;2;;;;;;;;;;2;;;;;;3;;;;;;;;;;;;;;;;;;;;;
VOLKSWAGEN 18330;;;;;;;;;4;;;1;;;;;;;;;;;;;;;;;;;;;;;;;4;;;;;;;;;;;1;
VOLKSWAGEN 9160;;;;1;;;;;;;;;;;;1;;;;;;;;;;;;;;;;;;1;1;;;2;;4;;;;;;;;;
AIELLO ACT-425 TOLVA;;;;;1;2;;;;;1;;;;;;;1;;;;;;;;;;;;;;;;;;;;;1;;;;2;;;1;;;
ASTIVIA A2-CARGA GENERAL-8;;;;;;2;1;;;;;;;;;;;;;;1;;;1;;;;;;;;;;1;;;1;;;;;;;;;2;;;
BONANO ACOPLADO PLAYO DE 4 EJES;;;1;;;;1;;;1;;;;1;1;;;;;;2;1;;;;1;;;;;;;;;;;;;;;;;;;;;;;
BONANO SEMIRREMOLQUE JAULA GANADERA DE 2 EJES SEPARADOS;;1;;;;;1;;;;;1;;;1;;;1;;;;;;;1;2;;1;;;;;;;;;;;;;;;;;;;;;
BULL TRAILER SR46.7-1111;;;;;;;;4;;;;;;;;;;;;;;;;;;;;;;;;;;;;;;;1;1;;;;3;;;;;
CHEVROLET CORVETTE;;;;;;;;1;;1;;;1;;;1;;;;;;;;;;;1;;;;;;;;;;;;;;;;1;1;;1;;1;
CM BRPIPCC 13T3E;;;;;;;;;;;;;4;3;1;1;;;;;;;;;;;;;;;;;;;;;;;;;;;;;;;;;
COMAR CURENA C8;;;;;;;;;;;;;;1;3;;;3;;;;;;;;;;;;;;;;;;;;;;2;;;;;;;;;
CORMETAL APXB22;1;;;1;2;;;1;;;;;;;1;1;;;;;;2;;;;;;;;;;;;;;;;;;;;;;;;;;;
CORMETAL SEMI 3 EJES 12.50 PORTACONTENEDOR SJX;;;;;;;;;;;;;;;;;;;;;;;;;;;;;;;;;;;4;;2;;;;1;;2;;;;;;
DM TRAILERS ACONCAGUA 650;;;;;;;;;;;;;;;;;;;;;;;1;1;1;;;;;;1;;;;;;2;;1;;;2;;;;;;;
FERTEC LUXION DG 40;;2;;;;1;;2;;;1;;;;;;;;;;;;;1;;;;1;;;;;;;;;1;;;;;;;;;;;;
GRASSANI SG3-52TT;;;;;;;;;;;;;;;;;;;;;;;;;;1;;;;;;1;;;;;;;;;1;2;;;3;;1;;
H.C.MANCINI AVM 25 T;;;;;;;;;1;;;;2;;1;1;;;1;;;;1;;;;;;1;;;;;1;;;;;;;;;;;;;;;
HELVETICA AC 3E TP;;;;2;;;;;;;2;;;;;;;;1;;;1;;;;;;;;;;;;;2;;;;1;;;;;;;;;;
HERMANN PLAYO S.PL.3E.65 1+1+1;;1;;;2;;;;2;1;;;;;;;;;;;2;;;;;;;;;;;;;;;;;;;;;;;;;1;;;
HINO 500;1;1;;1;1;1;4;;;;;;;;;;;;;;;;;;;;;;;;;;;;;;;;;;;;;;;;;;
HIZA TRAILERS PLAYO NAUTICO;;;;;;;;;;;;;;;;;;;;;2;;;1;2;;;;;;;;2;;;;;;;;;;;;;1;1;;
INDECAR SEMIRREMOLQUE TANQUE 2 EJES (1+1);;;;;;;1;;;;;;;;;;;1;;2;;;;;;;;;;1;;;;;;1;1;;;;;;;2;;;;;
INDU METAL TRAILERS AEG7535CO2;;;;;;;;;;;;;;;;;;;;;;1;;2;;;;;;;;;;;;;;;;3;;1;1;;;;;1;
INDU METAL TRAILERS AEP7535CO2;;;;;;;;;;;;;;;;;;;;;;;1;;;;1;;;;;1;1;;;;;;;;1;;1;1;;;2;;
MACTRAIL RZR;;;;;;;;;1;;1;;;;;;;;1;;;1;1;1;;;;;;;;;;;1;;1;;;;;;;;;;;1;
MACTRAIL TU 15-6-R;;;;1;;;;;;;;;;;1;1;;;;;;;1;;;1;;;;;;;;;;1;;;1;1;;;;;;1;;;
MACTRAIL TU 20-10-R-2;1;;;;;;;;;1;;;;;1;;;;2;;;;;;;;;;;;;;;1;;;1;;;;;1;;;;;;1;
METALURGICA BELGRANO SEMIRREMOLQUE 1+1+1 EJES - CARGA PELIGROSA;;;;;;;;;;;;;;;;;;;;;;;;;;;;;;;;;;;;;;;;;1;;2;2;1;1;1;1;
MM-MARTIN ACOPLADO 4 EJES ABS - TODO PUERTAS;;;;2;1;;;;;1;;;;;1;;;;1;;;;;;;;;;;;;1;1;;;;;;;;;;;;1;;;;
MM-MARTIN AVDF-A3- BARANDA VOLCABLE;;;;;;1;;1;;;;;;;;;;;;;1;1;;;;;;;;;;1;;;;;;;;;;2;;;;2;;;
MM-MARTIN AVDF-A3-TODO PUERTAS;;;;;;;2;4;;;;;;;;;;;;;;;;;;;;;;;;1;;;;;;;;1;;1;;;;;;;
NIÑO JESUS DE PRAGA SCD3ETCD CARRETON;;;;2;;;;;;;;;;;;;;2;;;;2;;;1;;1;1;;;;;;;;;;;;;;;;;;;;;
NIÑO JESUS DE PRAGA SCP5ETCD CARRETON;;;;;;;;;;;;;;;;;;;;;;1;;;;3;;;;;;;2;;;;;;1;;;1;;;;1;;;
OMBU AP3E920;1;;;1;;;;;;;;;;1;;;1;;;;;;;;;;1;1;;;;;;;;;;;1;;2;;;;;;;;
OMBU SBIDCS2E;;;;;;;;;;;;;;;;;;;;1;1;;;;;;;;;;;;;;;;;;;;;;;3;2;2;;;
PETINARI SEMIRREMOLQUE BATEA (2+1);;1;;;;1;;;;;;1;;1;1;;1;;1;1;;;;;1;;;;;;;;;;;;;;;;;;;;;;;;
PINCEN SCS 1+1+1;;;;;;;;;;1;;;;;;;2;1;;;;;;;1;;;;;;;;;;1;;1;;;1;;;;;;;1;;
REMOLQUES RECONQUISTA AC0307- ACOP 4 E GANADERO DOBLE PISO;;;;;;;;;;;;;;;;;;1;;;;;;;;;;1;1;;1;;;;1;;;;;1;1;;;;1;1;;;
S STOESSEL SSBC;;;;;;;;;;;;;;;;;;;;;;;;;;;;;;;;;;;;1;;1;;2;;1;1;1;;;1;1;
SCANIA K400;7;;;;1;;;;;1;;;;;;;;;;;;;;;;;;;;;;;;;;;;;;;;;;;;;;;
SIN MARCA TR350;;;;;;;;;;;;;;;;;;;;;;;;;;;;;;1;;;1;1;;2;1;1;;1;;;;;1;;;;
VULCANO BITREN D - CGSPD-60;;;;;;1;;1;;;;;;;;;;;;1;;;;1;;;;;;;;;;;;;;1;;;;;1;1;1;;;1;
VULCANO BITREN T - CGSPT-60;;;;;;1;;1;;;;;;;;;;;;1;;;;1;;;;;;;;;;;;;;1;;;;;1;1;;1;;1;
ACOPLANOA ACP-PL-3E;1;;1;;;1;;;;;1;;;;;;;;;;;;;;;;;;;;;;1;;;;;;;;1;;2;;;;;;
AGRALE MT 17.0 SB BUGGY;1;;;1;;2;;;;;;1;1;;2;;;;;;;;;;;;;;;;;;;;;;;;;;;;;;;;;;
AHT ALZUARTE S.FURGON CARGA GENERAL 3E;;;;;;;;;;;;;;;;;;;;;;;1;;1;;1;;;;;;;;;1;;;;2;;;;;1;1;;;
ASTIVIA S2-TANQUE CORR.COMB.INF-8;;;;;;1;;;1;;;;;;;;;1;;;1;;;;1;;;;;;;;1;;;;;;;;;;;1;1;;;;
AUDI SQ5;;;;;;;;;;;;;;;;;;;;;;;;;;;;;;;;;;;;;;;;;;;;;;;;5;3
BONANO ACOPLADO TERMICO DE 3 EJES;;;;;;;;;;;;;;1;;1;;;;;;;1;;;;;;;;1;;1;;;1;;;;1;;;;;;;1;;
BONANO SEMIRREMOLQUE CURTAIN SIDER DE 3 EJES TANDEM;;;;;;;;2;;;;;;1;;;;;;5;;;;;;;;;;;;;;;;;;;;;;;;;;;;;
BONANO SEMIRREMOLQUE PAQUETERO DE 2 EJES TANDEM;;;;3;;;1;;;;;1;;;;1;;;;;;;;1;1;;;;;;;;;;;;;;;;;;;;;;;;
BONANO SEMIRREMOLQUE TERMICO DE 2 EJES TANDEM;;;;;;;;;;;;;4;1;3;;;;;;;;;;;;;;;;;;;;;;;;;;;;;;;;;;
COMAR CARRETON A12-15;2;4;;;1;;;;;;;;1;;;;;;;;;;;;;;;;;;;;;;;;;;;;;;;;;;;;
COMAR CARRETON S12 AGRO 2+1;;;;;;;;;;;;;;;;;;1;1;;;;1;;;1;;;;;;;;2;;;;;;1;1;;;;;;;;
CORMETAL SBXN30;1;;1;;;;;2;;2;1;;;;;;1;;;;;;;;;;;;;;;;;;;;;;;;;;;;;;;;
CORMETAL STXB21;1;;;;;;1;;;;;1;;;;;;;;1;;;;;1;;;;;;2;;1;;;;;;;;;;;;;;;;
DI POLVERE STKCC3053;;;;;;;;;;1;;;;;;;;1;;1;;;;;;;;;;;;1;;1;;;;;;;;;;1;1;1;;;
DPA INOX METALURGICA ACOPLADO CISTERNA 4E;;;;;2;;;;;1;;1;;;;;;;2;;;;;;;1;;;;;;;;;;;;;;;1;;;;;;;;
EQUIPAMIENTOS VDU VDU ABIERTOBARAN CARGAS VARIAS HASTA750KG TOTAL 1E;;;;;;;;;;;1;;;;;;;;;;;;;;3;;;1;;;;;;;;2;;;;1;;;;;;;;;
FIAT UNO;;3;;;;;2;2;;;;;;;;;1;;;;;;;;;;;;;;;;;;;;;;;;;;;;;;;;
FRUSSO ATPA3 TANQUE PRODUCTO ALIMENTICIO;;;;;1;;;1;;;;;1;;;;;;;;;;;;;;;;;;;1;1;;;;;;;;;1;1;;;1;;;
H.C.MANCINI AVM 15 T;;;;;;;;;;;;;2;1;2;3;;;;;;;;;;;;;;;;;;;;;;;;;;;;;;;;;
H.C.MANCINI AVM 17 T;;;;;;;;;;;;;2;;;;;;;1;1;;;;;;;;1;;;;;1;;;;;;;;;1;;;1;;;
H.C.MANCINI TVM 12 T;;;;;;;;;1;;;;;;;1;;;;;;;;;;;;;;;1;;;;;;1;1;;1;;;;1;1;;;;
HERMANN PLAYO A.PL.2E.03;;;;1;;;1;;1;;;;;;1;;;;;1;3;;;;;;;;;;;;;;;;;;;;;;;;;;;;
HERMANN PLAYO S.PL.1E.52;;;;;2;4;;;;;;;;;;;;;1;;;;;;;;;;;;;;;;;;;;;;;;1;;;;;;
HERMANN TOLVA S.TC.3E.74;;;;1;;;2;;;;1;;;;1;;;;;;;;;;1;;;;;1;;;;;;;;;;;;;1;;;;;;
IDERO SEMI CARGA CONV 3E 3D S3 (S3-VT);;;;;;;;;;;;;;;;;;;;;;;;;;;;;;;;;;;;;;;;;;;;;1;1;3;3;
INDUMIX MTI S 8 M3;;;;;;;;;;;;;3;;3;2;;;;;;;;;;;;;;;;;;;;;;;;;;;;;;;;;
LAMBERT A3PO;1;;;;;;;;;;2;1;;;;;;;;;;;;;;;;;;;2;;;;;;;;1;;;1;;;;;;;
LAMBERT S2IP;;;;;;;;;;;1;;;1;;1;;;;;;;;;;;;;;1;;;;;;;;;1;;;1;1;1;;;;;
LEO-COR LC-SA-ET-SE-CD-24;;;;;;;;1;;;;;2;1;;;;;;;1;;1;;;;;;;;;;;;;;;;;;;;;;;2;;;
MACTRAIL TU 20-10-M-2;;;;;;;;;1;1;;1;;1;1;;;;;;;;;;1;;;;;;;;;1;1;;;;;;;;;;;;;;
MALDONADO SEMIRREMOLQUE PLATAFORMA BAJA;;;;;;;;;;;1;;;;1;1;;;;;;1;;;;;;;;;;;1;;;;1;;;;;1;;1;;;;;
MERCEDES BENZ ATEGO 3132;;;;;;;;;;;;;;;;;;;;;;;;;;;;;;;;;;;;;;;;;;;;;;3;3;2;
MERCEDES BENZ B200;2;1;3;2;;;;;;;;;;;;;;;;;;;;;;;;;;;;;;;;;;;;;;;;;;;;;
MERCEDES BENZ S500;;;;;;;;;;;;;;;;;;;1;2;1;;;;;;1;;1;;;;;1;1;;;;;;;;;;;;;;
MIC ACOPLADO 4 EJES (2D2D) AC4E-BV;;;;;;;;;;3;;;;;;;;;;;;;;;2;;1;;;;;;;;;;;;;;1;;1;;;;;;
MONTENEGRO ACOPLADO PLAYO 4 EJES;;;;;;;;1;1;;;;;;2;;;;;;;;;;;;1;;;;;1;;;;;;;;;;;;;1;;1;;
MONTESUR SBV3;;1;;;;;1;1;;;1;;;;;;;;;;;;1;;1;;;;;;;;;;;;;;;;;1;;;;1;;;
NAVATUC NT ACOPLADO BARANDAS VOLCABLES;;1;1;1;;;;1;;;;;;;;;;;;;1;;;1;;;2;;;;;;;;;;;;;;;;;;;;;;
NAVATUC NT ACOPLADO CARGA GENERAL DE 2 EJES;;2;;;;;;;;;;2;;;;;;2;;;;;;;;;;;;;;1;;;;1;;;;;;;;;;;;;
OMBU SBIDBV3E;;;;;;;;;1;;;;;;;;1;;;;;1;;;;1;;1;;;;;;1;1;;;;;;;;;1;;;;;
OMBU SCS3E1+1+11450;;1;;;;;1;1;;;;;;;;1;;;;;;;;2;;;2;;;;;;;;;;;;;;;;;;;;;;
PETINARI ACOPLADO PLAYO;;;;1;;;1;;;1;;;1;;;;;;1;;;;;1;;1;;1;;;;;;;;;;;;;;;;;;;;;
PINCEN RPBV 2+1E;;;;;1;;;1;;;;2;;;;;1;;;;;;;;;;;;;;;;;;;;1;;;;;1;;1;;;;;
PINCEN SR1S 2E;;;;;;1;;;;;;;;;;;1;;;;;;;1;;1;;;;;;;;;;;;;;;1;;;;1;2;;;
PINCEN SR2S 2E;;;;;;1;;;;;;;;;;;1;;;;;;;1;;1;;;;;;;;;;;;;;;1;;;;1;2;;;
RUBIOLO TRAILER UTV (TR1028);;;;;;;;;;;;;;;;;;;;;1;;2;;;;;;;;;;;;;1;;1;;;;;2;;1;;;;
RUTERA SEMIBV3EJES;;;3;1;1;1;2;;;;;;;;;;;;;;;;;;;;;;;;;;;;;;;;;;;;;;;;;;
S STOESSEL SSBV3;1;;;1;;;;;;1;;;;;1;;;;;1;;;;;;;;;;;;;2;1;;;;;;;;;;;;;;;
SALTO ACP4E;;1;;1;;;;;3;1;;;;;1;;;;;;;;;;;;;;;;;1;;;;;;;;;;;;;;;;;
SALTO CCARRETONT3E;;;;;;;;;;;;;;;;;;;;;;;;;;;;;;;;;;;;;;3;2;1;1;;;;;;1;;
SALTO SBDFA3E;;;1;;;1;;;;;;;;;;2;;;;;;;;;;2;;;;;;;;;;;;;;;;;;;;;2;;
SALTO SRVT3E;;;;;;3;;;;;;;;;;;;1;;1;2;;;;;;1;;;;;;;;;;;;;;;;;;;;;;
SANY STC300T;;1;;;;1;;1;;;;;;1;;;1;;;;;;1;;;1;;;;;;;;;1;;;;;;;;;;;;;;
SANY STC800T5;;;;;1;;1;;;;1;;;1;1;;;;;1;;;;;;;;;;;1;;1;;;;;;;;;;;;;;;;
SCANIA G540;;;;;1;;;;;;;;;;;;;;;;;1;;;;;;;;;;;;6;;;;;;;;;;;;;;;
SCORZA A.R.O.S. /20 (ACOPLADO ROLL-OFF- CAPACIDAD 20 TON);;1;;1;;;1;;;;;;;2;;;;;;;1;;1;;;;;;;;;;;1;;;;;;;;;;;;;;;
SHACMAN SX42585W385C;;;;;;;;;;;;;;;;;;;;;;;;;;;;;;;;;;;;1;;2;;;;;;5;;;;;
SIN MARCA AL TRAILERS PLAYO;;;;;;;;;;;;;;;;;;;;;;;;;;;;;;;1;;;2;;;2;3;;;;;;;;;;;
SIN MARCA TRAILER FURGON 2 EJES;;;;;;;;;;;;;;;;;;;;;;;;;;;;;;;;;1;;;1;;;1;1;;;;;1;2;1;;
STAHL AB5130;;;1;;;;;;1;;;;;;;;1;;;;;1;;;;;;;;;;;;;;;;;1;1;;;1;;;1;;;
TAHNOS CHBL 4E CTP;;2;1;;1;;;1;;;;;1;1;;;;;;1;;;;;;;;;;;;;;;;;;;;;;;;;;;;;
TAHNOS SAC 2-1E CTK;;;;;;;;;;;;;;;;;;;;;;;;;;;;;;;;;;;4;;;;;;;;;;;1;3;;
TECNUS SEMIRREMOLQUE MOTOHORMINOGUERA 2 EJES;;;;;;;;;;;;;;;;;;;;;;;;;;;;;;;;;;;;1;;;1;1;1;;;;;1;1;2;
VOLT MOTORS E1;;;;;;;;;;;;;;1;;;;;;;;;;;;;;;;;;;1;;1;;1;1;;1;;1;;;;;1;;
VOLVO A45G;;;;;;;;;1;1;;;6;;;;;;;;;;;;;;;;;;;;;;;;;;;;;;;;;;;;
VULCANO BITREN T - STST;;1;;;2;;;;;;;;;;2;;;;;;;;;;;;1;;;;;;;;;;;;;;;;;;;;1;1;
ACOPLANOA S-PL-2E;;;1;1;;;;;;;1;;;;;;;;;;;;;;;;;;;;;1;1;;;;;;;;1;;1;;;;;;
AHT ALZUARTE S.FURGON CARGA GENERAL 2 E;;;;;;;;;;;;;2;2;1;2;;;;;;;;;;;;;;;;;;;;;;;;;;;;;;;;;
AIELLO ACT-422 TOLVA;;;;;;;;1;;;1;;1;1;;;;;;;;;;;;;2;;;;;;;;;;;;;;;;;1;;;;;
ASTIVIA A3-BARANDA VOLCABLE-9;;;;1;1;;;;1;;;;;;;;;;;1;;;;;1;;;1;;;;;;;;;;;;;;;;;1;;;;
AST-PRA FTHDCGW3 FURGON C. GRAL 2+1 EJES;;;;;;1;;;;;;;2;;;;;;;;;;;;;;;;;;;2;;1;;1;;;;;;;;;;;;;
BERTOTTO, BOGLIONE Y CIA. S.R. SEMIREMOLQUE 1 EJE TANQUE PILETA DE FRACTURA;;;;;2;;;;;;;;;;;;;;;;2;;;;;;;;;;;;;;;;1;;2;;;;;;;;;;
BIANCHI AC3860;;;1;;;;;2;;;;;;;;1;;;;;;;;;;;;1;;;;;;;;;;;;;;;;;2;;;;
BONANO SEMIRREMOLQUE PLAYO DE 1D+2D EJES;;;;;;;;;;;;;3;;;;;;;;;;1;;;;;1;;;;;;;;;;;;;2;;;;;;;;
BULL TRAILER SR46.7-2111;;;;;;;;;;;;;5;;2;;;;;;;;;;;;;;;;;;;;;;;;;;;;;;;;;;
CARROCERIAS APEZ PARIS;;;;;;;;;;;;;;;;;;;;;;;;;;;;;;;;;;;;2;;1;;;1;;1;;2;;;;
CARROCERIAS APEZ PEKIN;;;;;;;;;;;;;;;;;;;;;;;;;;;;;;;;;;2;;;;1;;2;;1;1;;;;;;
CORMETAL ACOPLADO 3 EJES C/BALLES CGA GRAL AGXB21;;;;;;;1;;;;;1;;;;;;;1;;;;;;;;;;;;;;;1;;;;;;;1;;;;2;;;;
CORMETAL SBXN31;1;;;1;;;;;1;;;;;;;;;2;;;;;;;;;;;;;;;;;;;1;;;;;;;;;1;;;
DANES BITREN D - STBD 4EC DD;;;;1;;;;;;;;;;;;;;;;;;;;;;1;;;2;;;2;;;;;;;;;1;;;;;;;;
DANES BITREN T - STBT 4EC DD;;;;1;;;;;;;;;;;;;;;;;;;;;;1;;;2;;;2;;;;;;;;;1;;;;;;;;
EMIKEL PBARBUS 400 ACOPLADO 1 EJE;;;;;;;;;;;1;;1;1;1;;1;;;;;;;;1;;;;;1;;;;;;;;;;;;;;;;;;;
EMIKEL PBARBUS 490 ACOPLADO 2 EJES;;;;;;;1;;1;;2;;1;;;;;;;;;;;;;;;1;;;;;;;;;;;;;;;;;1;;;;
FONIX GOMOTO;;;;;;;;;;;;;;;;;;;;;1;;1;1;;;;;;;;;;;;;;;1;;;2;1;;;;;;
GOMATRO ACOPLADO DE 3 EJES PLAYO;;;;1;;1;;;;;;;;;;;;;;;;;;;;;;;;;;1;;;;;;;;1;;1;;;;1;1;;
H.C.MANCINI CARRETON TVM 02 E;1;1;;;2;;;1;;;;;;;;;;;1;;;1;;;;;;;;;;;;;;;;;;;;;;;;;;;
H.C.MANCINI WX 25 T-S;;;;;;;;;2;;;;;;1;;;;;1;;;;;1;;;;;;;;;;;;;;;;;;1;;1;;;;
HEIL LOW FLAT MULTIPROPOSITO 3ED;;;;2;;2;;;2;;;;;;;;;;;;;;;;;;;;;;;;;1;;;;;;;;;;;;;;;
IDERO SEMI CARGA 3E 3D S3 (S3-FP);;;;;;;;;;;;;;;;;;;;;;;;;;;;;;;;;;;;;;;;;2;;;;2;1;;2;
IDEROL AC-4E-BV;;;;;;;;;;;;;;;;;;;;1;;;;;;;;;;;2;;;;;;;1;1;1;;;;;;1;;;
LAMBERT A3CS;;;;;;1;;1;;;;;;1;;;;;1;;;;;;;;;;;;;;;;;;;;;;;;;;2;;1;;
LAMBERT A3PA;;;;;;;;;;;;;;;;;;;;;;;1;;;;;1;;;;1;;;1;1;;;;;;1;;;1;;;;
LAMBERT S3JD;;;;;;;;;;;;;;;;;;;;1;;;;;1;;;;;;;;;1;;;;;1;;;;;;1;1;;1;
LEO-COR L-RM-28CAV;;;;;;;1;;;;;;;;;;;;;1;;;;1;;;;;;;;;;1;;;;;1;;1;;;;;;;1;
LEXUS LC;;;;;1;2;;;;;;;;;;1;;;;;;;1;;;;;2;;;;;;;;;;;;;;;;;;;;;
MERCEDES BENZ AROCS;2;;1;;;;1;;;1;;;;;;;;;;;;;;;;;1;;;;1;;;;;;;;;;;;;;;;;;
METAGRO S-T3-BATEA;;;;;;;;;;;;;;;;;;;;;;;;;;;;;;;;;;;;;;;;;3;;;1;1;1;1;;
METALURGICA BELGRANO ACOPLADO TANQUE 3 EJES 1ºE SN;2;1;;;;;1;1;;;;;;;;;;;;;;;;;;;;;;;1;;;;;;;;1;;;;;;;;;;
MONTENEGRO A.B.V.3;;;;;1;1;;;2;;;;;;;;;;;;;;;;;;;;;1;;;;;;;;1;;;;1;;;;;;;
MONTESUR ATP4;;;;1;;;1;1;;;1;;;;;;;;;;;;;;;;;;;;1;;;;;;;;;;;;;;1;;1;;
NAVATUC NT SEMIRREMOLQUE CARGA GENERAL 2 EJES;;;;;;;1;;1;;;;;;;;;1;;;;;;;;;;1;;;1;1;1;;;;;;;;;;;;;;;;
NICCOLO SEMIRREMOLQUE 3 EJES (1+2)-ABS;;;1;1;;;;;;;3;;;;;;;;;;1;;;;;1;;;;;;;;;;;;;;;;;;;;;;;
NIÑO JESUS DE PRAGA SRP2ET;;;;;;;;;;;1;;;;;;;1;;;;;;;;1;;;;;;;;;;1;;;;;;;;2;;;1;;
OMBU AVB4E960;;;;;;;;1;1;;;;;;;;;;;1;;;;;;;;;;;;1;;;;;;1;1;;;;1;;;;;;
PINCEN SFPLA 1+1E;;;;;;;;;;;;;;;;;7;;;;;;;;;;;;;;;;;;;;;;;;;;;;;;;;
QME SR.PL-4. SEMIRREMOLQUE 1 + 1 EJES PLAYO;;;;;;;;;;;;;;;;;4;;;;;;;1;;;;;;;;;;;;;;;;2;;;;;;;;;
RAMI PLAYO;;;;;;;;;;;;;;;;;;;;;;;;;;;;;;;;;;;;;;;3;;;1;;;;2;1;;
RANDON SR-CG-02+01 15.30 MTS LARGO;;;;1;2;;;;;1;;;;2;;;;;;;;;;;1;;;;;;;;;;;;;;;;;;;;;;;;
RUBIOLO TR1001;;;;;;;;;;;;;;;;;1;2;;2;;;1;;;;;;;;;;;;;;;;;;;;;1;;;;;
SALTO ACBV3E;;1;;;1;1;;;1;;;;;;;;;;;;;;;;;;;;1;;;;;;;;;;;;;;1;;;1;;;
SALTO SRCH3E;;2;;;3;;;;;1;;;;;;;;;;;1;;;;;;;;;;;;;;;;;;;;;;;;;;;;
SCANIA S540;;;;;;;;;;1;;;;;2;1;;;;;;;;;;;;;;;;1;;;1;1;;;;;;;;;;;;;
SERO SEDAN;1;;;;;;;;2;1;;1;;;1;;;;;;;;;;;;;;;;;;1;;;;;;;;;;;;;;;;
SIN MARCA CRO1400 COLIBRI;;;;;;;;;;;;;;;;;;;;;;;;;;;;2;;;;;;;;;1;;;1;1;;1;;;1;;;
SIN MARCA TG400R;;;;;;;;;;;;;;;;;;;;;;;;;;;;;;;;;1;;;;;1;4;1;;;;;;;;;
SOLA Y BRUSA GANADERO DP 4 EJES;;;;;;;1;;;;;;;;;1;;;;;;;;;;;1;1;;;;;;;;;1;;1;;;;;;;1;;;
SOLA Y BRUSA VUELCO BILAT. 3 EJES TANDEM;;;;;;;2;;;;;;;;;;1;;1;;;;;;;;;;;;;;;;;;;;;;3;;;;;;;;
TAHNOS CHBL 3E CCI;2;1;;;;;1;;1;;;;;;;;;;;;1;;1;;;;;;;;;;;;;;;;;;;;;;;;;;
TAHNOS SAT 2-1E TS;;;;;;;;;;;;2;;;;;1;1;;;;1;1;;;;;;;;;;;;;;;;;;;;1;;;;;;
VULCANO BITREN D - SFSD;;;;;;;;;;;;;;;;;;;;;1;2;1;;;;;;;;1;;;;;;;;;;2;;;;;;;;
VULCANO BITREN D - STSD;;1;;;1;;;;;;;;;;2;;;;;;;;;;;;1;;;;;;;;;;;;;;;;;;;;1;1;
ZOOMLION ZMC85;;;;;1;1;;;;;;;;;;;;;1;1;;;;;;;;;;1;;;1;;1;;;;;;;;;;;;;;
ACOPLANOA ACP-CA-3E;;;;;;;;;;;;;;;1;;1;2;;;;;;;;1;;;;;;;1;;;;;;;;;;;;;;;;
AGRALE CA 10000;;;;;;;;;;;;;;;;;;;;;;;;;;;;;1;;4;1;;;;;;;;;;;;;;;;;
AGRALE MT 17.0 GNV;;;;;;;;;;;;;;;;;;;;;;;;;;;;;;;;;;;;;;;;;;;;;2;2;2;;
AGRALE MT 17.0 LEe;;;;;;;;;;;;;;;;;;;;;;;;;;;;;;;;1;;;;;;;;;;;;;;1;4;;
ASTIVIA A4-TODO PUERTAS-9;;;;;;1;;;;;;;;;1;;;;;;1;;;;;1;;;;;;;;;;1;;;;;;;1;;;;;;
ASTIVIA S3-TANQUE ALIMENTICIOS;;;1;;;;;;;;;;;;;;;;;;;;;;1;;;;;;;;;2;;;;;;;;2;;;;;;;
BACO AC 1+2 EJES VOLCADOR LATERAL;1;;;;1;1;;;;;;;;;;;;;2;;;;;;;;;;;;;;;;;;;1;;;;;;;;;;;
BONANO ACOPLADO CURTAIN SIDER DE 3 EJES;;2;;;;;1;;;;;;;;;;;;;;;;1;;;;;;1;;;;;;;;;;;;;;;;1;;;;
BONANO ACOPLADO PAQUETERO DE 3 EJES;1;;;;;;;;;;;;1;;;;;;1;;;;;;;;;;;1;;;;;;;;;;;;;1;;;;1;;
BONANO SEMIRREMOLQUE BARANDA VOLCABLE DE 1+1+1 EJES MAYOR;;1;1;;;1;;;;1;;;;;;;1;;;1;;;;;;;;;;;;;;;;;;;;;;;;;;;;;
BONANO SEMIRREMOLQUE CARNICERO DE 2 EJES TANDEM;;;;;;;;;;;1;;1;;;;;2;1;1;;;;;;;;;;;;;;;;;;;;;;;;;;;;;
BULL TRAILER SR 52.3-1112;;;;;;;;;;;;;;;;;;;;;;;;;;;;;;;;6;;;;;;;;;;;;;;;;;
DFSK EC35;;;;;;;;;;;;;;;;;;;;;;;;;;;;;;;1;1;;;1;;;1;;;;;;1;1;;;;
DIMATRA AUTOMOVILERO;;;;;;2;1;;;1;;;;;;;;;;;;;;;1;;;;;;;;;;;;;;;1;;;;;;;;;
F.H. A.B.V.M.411;;;;1;;;;;;;2;;;;;;1;;;;;;;;;;;;;;;1;;;;;;1;;;;;;;;;;;
F.H. A.C.P.M.411;;;1;;;1;;;;;;;1;;;;;;1;;;;;;;;;;;;;;;;;;;;1;;;;;1;;;;;
F.H. S.V.2.P.A 411;;;1;;;;;;;;;1;;;;;;;;;;;;;;;;;;;;;1;2;;;;1;;;;;;;;;;;
FERBUS KAISEN 520 2E;;;;;;;;;;;;;;1;2;3;;;;;;;;;;;;;;;;;;;;;;;;;;;;;;;;;
FONIX K5MS;;;;;;;;;;;;;;;;;;;;;;;;3;1;;;;;;;;;;;;;;;;;;;;;2;;;
FORD F-4000;;1;1;1;1;;;;1;;;;;;;;1;;;;;;;;;;;;;;;;;;;;;;;;;;;;;;;;
FUR-TAN SEMI 3 EJES 1 CIST.A.CARB.NO PELIG.CILIN.PINT33000;;1;;;;;;;;;2;;;;;;;;;1;;;;;;;;1;;;;;;;;;;;;;;;;1;;;;;
FUR-TAN SEMI TOLVA 3 EJES 2 CIST.A.CARB.CON.PINTADA;;;;;;;;;;;;;;;;;;;;;;;;;;;;;;;;;1;;;;;;2;;;;3;;;;;;
GOMATRO SEMIRREMOLQUE 3 EJES (1+2);;;;1;;;1;;;;;;;;;;;;;;;;;;;;;;;;1;;2;;;;;1;;;;;;;;;;;
GRASSANI SG2-25TT;;;;;;;;;1;;;;;;;;;;;;;;;;;;;;;;1;;1;1;;2;;;;;;;;;;;;;
GROSS TODO PUERTAS 9.30 MTS;;;;;;;;;;;;;;;;;;;;1;;1;;;;;;;;;;;;;;;2;1;;1;;;;;;;;;
GROSS TODO PUERTAS 9.60 MTS (D2-D2);;;1;;;;;1;;;;;;;1;2;;;;;;;;;;;;;;;;;;;;;;;;;;1;;;;;;;
GRUAS SAN BLAS PLAYO-TP5T;;;;;;;2;1;1;;1;;;;;;;;;;;;;;;;;;;;;;;;;;;;;;;;;1;;;;;
H.C.MANCINI SVM 35 T;;;;;1;;;;1;1;;;1;;;;;;;;;;;;;1;;;;;;;;;;;;;;;;;1;;;;;;
H.C.MANCINI TVM 03 E;;;1;;;;;;1;;;;;;;;;;;;1;;;;;;;;;;;;1;;;;1;;;;;;;;;;1;;
H.C.MANCINI TVM-01L;;;;;;;1;;;;;;;1;;;;;;;;;;;;;;;;;1;;;;;;;;;;;1;;2;;;;;
H.C.MANCINI WX 30 T-S;;1;;;;;;;;;;;1;;;;;1;;;;1;;;;;1;1;;;;;;;;;;;;;;;;;;;;;
HELVETICA AC 3E AR;;;;;;;;;;1;;;;;;;;;;;;;1;;;;1;;;;;;;;;;;;;1;;;2;;;;;;
HELVETICA SR 3E 1+2 VO;;;;;;1;;;;;1;;;;2;;;1;;;;;;;;;;;;;;;;;;;;;;;;;;1;;;;;
HELVETICA SR 3E T TA;;;;;1;;2;;;;;;3;;;;;;;;;;;;;;;;;;;;;;;;;;;;;;;;;;;;
HERMANN BARANDA VOLCABLE A.BV.2E.09;;;;;;;1;1;;;;;;;1;;1;;;1;;;;;;;;;;;;;;;;;;;;;;;;;;1;;;
HERMANN PLAYO S.PL.2E.50 1+1;;;;;;;;;;;;;;;1;;;;;;;1;1;1;;;;;1;;;;;;;;;;;;;;;;1;;;;
HERMANN S.VL.3E. 63 D;;1;;;;;;1;;;1;;;;;;;;;;;;;;;;;;;;;1;;;;;;;;;;1;;;;;1;;
HERMANN S.VL.3E.63 T;;1;;;;;;1;;;1;;;;;;;;;;;;;;;;;;;;;1;;;;;;;;;;1;;;;;1;;
HERMANN TOLVA CEREALERA S.TC.3E.74 1+1+1;;;;;;;2;1;;;;1;;;;;;;;;1;;;;;;;;;;;;;;1;;;;;;;;;;;;;;
HERMANN VOLCADOR BILATERAL 52TN S.VL.3E.63;1;;;;;2;1;;;;;;;;;;;;;;1;;;;;;;;;;;;;;1;;;;;;;;;;;;;;
HERMANN VUELCO TRASERO S.VT.3E.83;;;;;;;;;;;;;;;;;;;;;;;;;;;;;;;;;;;;;;;1;2;;1;1;1;;;;;
HONDA WR-V;;;;;;;;;1;;1;;;;;;;1;;;;;;1;;;;;;;;;;;;;;;;;;;;;;;;1;1
IDERO SEMI CARGA CONV. 3E 1D1D1D S111-P;;;;;;;;;;;;;;;;;;;;;;;;;;;;;;;;4;1;;;;;;;;;;;;;;1;;
LAMBERT A3TA;;;2;;;;;;;1;;;;;;;;;;;;;;;;;;;1;;;;;;;;;;;1;;;1;;;;;;
LAMBERT A3VO;2;;;;1;;;;;;;;;;;;;;;;;;;;;;;;;;;;1;;1;;;;;1;;;;;;;;;
LAMBERT S111TA;;;;1;;;;;;;1;;;;;;;;;;;;;;;;;;;;;;;;;;1;;;;;;1;;1;;;1;
LAMBERT S2JA;;;;;;;1;;;;;;;;;;;;;;1;;;;;2;1;;;;;;;;;;;;;;;;;;;;1;;
MACTRAIL T8 18-8-R;1;;;;1;;;1;;;;;;;;;;;;;;;;;;;;;;;1;;;;1;;;;;;;;;;;;;1;
MERCEDES BENZ ACTROS 2663 S;1;;;;;;;;;;;;;;;;1;;;;;;;;;;;;;;;;;;;;;;;1;1;;1;;;;;1;
MERCEDES BENZ AMG G 63;;;;;;;;;;;;;;;;;;;;;;;;;;;;;;;;;;;;;;;;;;;;2;2;1;1;;
METALURGICA BELGRANO SEMIRREMOLQUE 1+2 EJES - CARGA CONVENCIONAL - 52.5;;;;;;;;;;;;;;;;;;;;;;;;;;;;;;;;;;;;;;;;;1;1;;1;1;2;;;
MILES GT40;;;;;;;;;;;;;;;;;;;;;;;;;;;;;;;;;;;;;;;;2;1;;;;;;3;;
MM-MARTIN SEMIRREMOLQUE 3 EJES (2+1) TOLVA;;1;1;;;;;;1;;;;;;;1;;;1;;;;;;;;;;1;;;;;;;;;;;;;;;;;;;;
MM-MARTIN S-JGDP;;;;;;;;;;;;;;;;;;;;;;;;;;;;;1;;;;;;2;;;;;1;;1;;1;;;;;
MONTENEGRO SEMIRREMOLQUE PLAYO 1+2 EJES;;;;;;;;;;;;;;;1;;;;;;;;;1;;;;;;;;;;1;;;;;;1;;;;;;1;1;;
NIÑO JESUS DE PRAGA SA2E;;1;;;;;;2;;;;;;;;;;;;;;;;;;1;;;;;;;;;;;;;;;;;;2;;;;;
NIÑO JESUS DE PRAGA SCD1E;;;;1;;;;;;;;;;;;;;;;5;;;;;;;;;;;;;;;;;;;;;;;;;;;;;
NIÑO JESUS DE PRAGA SCP3LED CARRETON;1;;;;;;;;;;;;;1;;;;;;;;;;;;;;;;;;;1;;;1;;;;;1;;;1;;;;;
NIÑO JESUS DE PRAGA SCP4ETCD CARRETON;;;;;1;;;;;;;;;;;1;;;;;1;;;;;;;;;;;2;;;;;;1;;;;;;;;;;;
OMBU AP3E930;;;;;;;1;;;;;;;;;;;;;;;;;;;;;;;;;;;;;;;1;;;;;;;;2;2;;
OMBU SBV3E1+1+11450;;;;;;;;;;;;;;;;1;1;;;;;;1;;1;;1;;;1;;;;;;;;;;;;;;;;;;;
PEUGEOT E-2008;;;;;;;;;;;;;;;;;;;;;;;;;;;;;;1;;;;;2;1;;;;;;;;;;;;2;
PINCEN SCS 1E;;;;1;;;;;;;;;;;;;;;;;;;;;;;;1;;;1;;;;;;;;2;;;1;;;;;;;
RAMI CARGODOBLE;;;;;;;;;;;;;;;;;;;;;;;;;;;;;;;;;;;;;2;1;;;1;1;;;;;;1;
RAMI REMOLQUE;;;;;;;;;;;;;;;;;;;;;;;;;;;;;;;;;;;;;;1;;1;;1;;;;2;;1;
RANDON SR.FR.03 (FURGON FRIGORIFICO);;;;;;;;;;;;;;;;2;;1;;;;;1;;1;;;;;;1;;;;;;;;;;;;;;;;;;
RUBIOLO CARRETON VIAL 18 (HO1005);;;;;;;;;;;;;;;;;;1;1;;;;;;;;;;1;1;;;;;;2;;;;;;;;;;;;;
SALTO ACV3E;;;;;;;;1;;;;;;;;;;;;;;;2;;;;;;;;;;;;;;;;;;;;;;;2;;1;
SALTO SCPC3E;;;;;;;;;;;;;;;;;;;;;;;;;;;;;;;1;;;;;;;;;5;;;;;;;;;
SANY SKT90S;;;;;;;;;1;;;;1;;;;;;;;;;;2;;;;;;;1;;;;1;;;;;;;;;;;;;;
SANY STC1600T7;;;;;;;;;;;;;;;;;;;;;;;;;;;;;;;;;;;;;2;;;;1;1;;;1;1;;;
SERO CARGO ALTO;;;;;;;;;;;;;;;1;;;;5;;;;;;;;;;;;;;;;;;;;;;;;;;;;;;
SIN MARCA ACOPLADO BALANCIN 6;;;;;;;;;;;;;;;;;;;;;;;;;;;;;;;;;;1;;1;;;;;;;3;1;;;;;
SIN MARCA AV-CHOIQUE;;;;;;;;;;;;;;;;;;;;;;;;;;;;;;;;;;;;;;;1;;1;;;1;1;;1;1;
SIN MARCA KE 400 W;;;;;;;;;;;;;;;;;;;;;;;;;;;;;;1;;;2;;;;1;;;;1;;;;1;;;;
SINOTRUK SINOTRUK ZZ1257V3847B1;;;;;;;;;;;;;;;;;;;;;;;;;;;3;1;2;;;;;;;;;;;;;;;;;;;;
SKYWELL ET5;;;;;;;;;;;;;;;;;;;;1;;;;;;;1;;2;1;;1;;;;;;;;;;;;;;;;;
SOLA Y BRUSA BITREN PRIMERA ESPECIE 3ET FORESTAL;;;;;;;;;;;;;;;;;;;;;;;;;;;;;;;;;;;;2;;;;;;;;;;2;2;;
SOLA Y BRUSA BITREN SEGUNDA ESPECIE 3ET FORESTAL;;;;;;;;;;;;;;;;;;;;;;;;;;;;;;;;;;;;2;;;;;;;;;;2;2;;
SOLA Y BRUSA CORT. LAT 3 EJES - 1+1+1;;;;;;;1;;;;;;;;;;;;;;1;;;;;;;;;;1;;;;;;;;;;;1;;;1;;;1;
SOLA Y BRUSA GANADERO 3 EJES DOBLE PISO;;;;;1;;1;;;;;;;;;;1;;;;;;;;;;;;1;;;;;1;;;;;;;;;;;;;;1;
SOLA Y BRUSA PLAYO 3 EJES-1 DESPLAZ. SUSP. NEUM. DIRE;;1;;;1;;2;;1;;1;;;;;;;;;;;;;;;;;;;;;;;;;;;;;;;;;;;;;;
TAHNOS SABM 2-1E CTL;;;;1;;;3;;1;;;;;;;;;;;;;;;;;;;;;;;;;;;;;;;;;;1;;;;;;
TORREGGIANI STK 1 + 2;;;;;;1;1;;2;;1;;1;;;;;;;;;;;;;;;;;;;;;;;;;;;;;;;;;;;;
TRAILERS GALLO TRAILER 1 EJE 02 PLAYO;;;;;;;;;;;;;;;;;;;;;;;;;;;;;;;;1;;;;;1;;;1;;1;;;;;1;1;
ACOPLANOA ACP-MB-4E;;;;;;;;;;;;;;;;;;;;;;;;;;;;;;;;;;;;;;;1;1;1;1;;1;;;;;
ACOPLANOA S-CA-2E;;;;;;;;;;;;;;;;;1;2;;;;;;;;1;;;;;;;;;;;;;;;1;;;;;;;;
AIELLO SRP-348;;;;;;;;;1;;;;;;1;;;;;;;;;;;;;;;;;;;;;1;;;;1;;;;1;;;;;
ASTIVIA A3-CARGA GENERAL-9;;;;;1;;1;;;1;;;;;;;;1;;;;;;;;;1;;;;;;;;;;;;;;;;;;;;;;
BACO SEM 1+2 EJES CARGA GENERAL;;;;1;;;;;;1;;;;;;;;;;1;;;;;;;;;;;;;;;;;;;;;;1;;;;;1;;
BAIC X25;;;1;1;;;;;1;;1;;;;1;;;;;;;;;;;;;;;;;;;;;;;;;;;;;;;;;;
BERTOTTO, BOGLIONE Y CIA. S.R. SEMIRREMOLQUE TANQUE 2 EJES (1+1) ABS CARGAS PELIG;;;;;;;;;;;;;;;;;;;;;;;;;;;;;;;;;5;;;;;;;;;;;;;;;;
BONANO ACOPLADO TERMICO DE 3 EJES.;1;;1;;;;1;;;1;;;;;;;;;;;;1;;;;;;;;;;;;;;;;;;;;;;;;;;;
BONANO SEMIRREMOLQUE JAULA GANADERA DE 1D+1D;;;;;;;;;;;;;;;;;;;;;;;;;;;1;;;;;;;;;;;1;;;;;1;;;1;;1;
BONANO SEMIRREMOLQUE PLAYO DE 2D;;;;;;;;;;;;;;;;;;;;;;;;;;;;;1;1;1;;;;;;;;;1;;;1;;;;;;
BONANO SEMIRREMOLQUE PORTA CONTENEDOR 1+1+1 MAYOR A 45T;;;;;;;;;;;;;;;;;;;;;;;;;;;;;;;;;;;;;;;;;5;;;;;;;;
BONANO SEMIRREMOLQUE PORTA CONTENEDOR 3D;;;;;;;;;;;;;;;;;;;;;;1;;;;;;1;;;;;;;;;;;;;;;2;;;1;;;
BONANO SEMIRREMOLQUE PORTA CONTENEDOR DE 3 EJES TANDEM;;;;;;;;;;3;;;;1;;1;;;;;;;;;;;;;;;;;;;;;;;;;;;;;;;;;
BULL TRAILER SR 55.3-1111;;;;;;;;;;;;;;;;;;;;;;;;;;;;;;;;;;;;1;2;;;1;;;;;;1;;;
BULL TRAILER SR46.1-1112;;;;;;;;;;;;;;;;;;;1;;;;;;;;;;;;;;;3;;;1;;;;;;;;;;;;
CARROCERIAS APEZ AC V.B FMI;;;;2;;;;;;;;;;;;;;;;;;;;;2;;;;;;;;;1;;;;;;;;;;;;;;;
CHERY ARRIZO 5;3;1;1;;;;;;;;;;;;;;;;;;;;;;;;;;;;;;;;;;;;;;;;;;;;;;
COMAR CARRETON S16 CR;;;;;;;;;;;;;;1;1;;;;;;;;;;1;;;;;;;;;;;;;;;1;;1;;;;;;;
COMAR CARRETON SH-16A;;;;;;;;;;1;;;;;;;;;1;;;;;;;;;;;;;;1;;;;;;;;;;;;;;2;;
COMAR TRAILER TA-10;1;;;;;;;1;;;;;1;;;;;;;;;;;;;;;;;;1;;1;;;;;;;;;;;;;;;;
CORMETAL ACOPLADO 3 EJES C/BALLES VOLC BILAT AVXB21;;1;;1;1;;;;;;;;;;;;;;;;;;;;;;;;;;;;;;;;1;;;;;;;;;1;;;
CORMETAL SVXB21;;;;;;;;;;;;;;;;;;;;;1;;;1;;;;;;;;;;;1;;;;;;;;;;2;;;;
DANES CISTERNA - STIC 3ED DD;;1;;;1;1;;;;;;;;;;;;;;;;1;;;;;;;;;1;;;;;;;;;;;;;;;;;;
DOMY K2;;;;;;;;;;;;;;;;;;;;;;;;;;;;;;;;;;;;;;;;;;1;3;;;1;;;
DONGFENG CAPTAIN 815;;;;;;;;;;;;;;;;;;;;;;;;;;;;;;;;;;;;;;;;;;;;;;1;1;3;
DONGFENG CAPTAIN C 815;;;;;;;;;;;;;;;;;;;;;;;;;;;;;;;;;;;;;;;;;;;;;2;2;1;;
DONGFENG CAPTAIN V 414;;;;;;;;;;;;;;;;;;;;;;;;;;;;;;;;;;;;;;;;;;;;;;;3;2;
EMIKEL PBARBUS 380 ACOPLADO 1 EJE;;;;;;;;1;;;;;1;;;;1;;;;1;;;;;;;;;;;;;;;1;;;;;;;;;;;;;
EMIKEL PBARBUS 600 ACOPLADO 2 EJES;;;;;;;2;;;;1;;;;;;;;;;;;;;;;;;;;;1;;1;;;;;;;;;;;;;;;
FANGIO SRT2000000;;;;1;;;;;;;;;;;;;;;;;;;;;;;;;;;;;;;;;;;;1;;;;;1;2;;;
FERBUS KAISEN 250;;;;;;;;;;;;;;1;;;;;;1;;;1;;1;;;1;;;;;;;;;;;;;;;;;;;;;
FERBUS KAISEN 400 FT;;;;;;;;;;;;;;;;1;;;;;;;1;2;;;;;;;;;;;;;;;;;1;;;;;;;;
FERBUS KAISEN 600 FT 2E;;;;;;;;;;;1;;;;;;;;;;;;;;;2;;;;1;;;;;;;1;;;;;;;;;;;;
FERBUS KAISEN CR 400 1E;;1;1;1;;;;;;;;;;1;;;;;;1;;;;;;;;;;;;;;;;;;;;;;;;;;;;;
FORD OTROS;;;;;;;;;;;;;;;;;;;;;;;;;;;;;;;;;;;;;;;3;;;;1;;;;;1;
GAC MOTOR EMKOO;;;;;;;;;;;;;;;;;;;;;;;;;;;;;;;;;;;;;;;;;;;;;;;1;4;
GONELLA TANQUE DE 2 EJES (1 + 1);;;;;;;;;;;;;;;;;;;;;;;;;;;;;;;;1;1;2;;;;;;;;;;;;1;;;
GUERRA SR/FG/3;;;;;;;;;;;;;;;;;;;;;;;;;;;;;;;;;;;;;;;;;;;;;1;1;;3;
GUERRA SR-BV-1+2;;;;;;;;;;;;;;;;;;;;;;;;;;;;;;;;;;;;;;;;;;;;;;;5;;
HEEVEL CASARODANTE4.5;;;;;;;;;;;;;;;;;;;;;;;;;;;;;;1;;;;1;1;;;;1;;1;;;;;;;;
HELVETICA SR 3E 1+1+1 MP;;;;;;;;;;;1;;;1;;;;2;;;;;;;;;;;;;;;;;;;;;1;;;;;;;;;;
HERMANN FURGON TERMICO S.FT.3E.97 2+1;;;;;;;;;;;;;;;;;;;1;1;;1;;1;;;;;;;;;;;;;;;;;;;;;;;;1;
HERMANN PALETERO S.PA.1E.60;;;;;;;;;;1;;;;;;;;;;;;;;;;;;;;2;;;;;;;;;;2;;;;;;;;;
IDERO SEMI CARGA CONV 3E 1D2D S12;;;;;;;;;;;;;;;;;;;;;;;;;;;;;;;;;;;;;;;;;;;1;1;;;1;2;
INDECAR SEMIRREMOLQUE 3 EJES (1+2) BATEA;;;;;;;;;;;1;;;;;;;1;;;;1;;;;;;;;;1;;;;;;;1;;;;;;;;;;;
INDU METAL TRAILERS AEG7535CO2CG;;;;;;;;;;;;;;;;;;;;;;;;;;;;;;;;;;1;1;1;;;;;;1;;;;;1;;
INGENMET CDE 20/25;;;;;1;;1;;;;;;;;1;;;;;;1;;;;;;;;;;;1;;;;;;;;;;;;;;;;;
JAC JACX200;;;;;;;;;;;;;1;;;1;;;;1;;;;;;;;;;2;;;;;;;;;;;;;;;;;;;
JAC T9;;;;;;;;;;;;;;;;;;;;;;;;;;;;;;;;;;1;;;;;;;;;;;;;1;1;2
LAMBERT S12TA;;;;;;;;;;;;;;;;;1;;;;;;;;;;;;1;;;;;;;;;;1;;;;;;1;;1;;
LOMAS CAMPING TG400S;;;;;;;;;;;;;;;;;;;;;;;;;;;;;;;;;;;;;;;;;1;;;1;;2;;1;
MACTRAIL TU 20-10-M;;;;;;;;;1;;;1;;1;;;;;;;;;;;;;;;;;;;;;;;;1;1;;;;;;;;;;
MACTRAIL TU 22-10-R;1;1;;;;;;;;;;;;;1;;;;1;;;;;1;;;;;;;;;;;;;;;;;;;;;;;;;
MACTRAIL TU 24-10-M;;1;;;;;;;;;;;;;;;;;;;;;;;;;;;;;;;;;;1;;;;;;1;;;;1;;1;
MACTRAIL TU 26-15-M;1;;;;;;;;;;;;;;;1;;;;;;1;;;;;;;;;;1;;1;;;;;;;;;;;;;;;
MARCELINI SRC20NA;;;;;;;;;;;;;;;;1;;;;1;1;;;;;;;;2;;;;;;;;;;;;;;;;;;;;
METAL LINIERS ML1+2-30;;;;;;;;;;;;;;;;;;;;;1;;;;;1;;;1;;;;;;;;;;;;;;;;1;1;;;
METALURGICA ALEM A2E JAULA;;;;;;;3;2;;;;;;;;;;;;;;;;;;;;;;;;;;;;;;;;;;;;;;;;;
METALURGICA BELGRANO SEMIRREMOLQUE TANQUE 3 EJES EN TANDEM;;;;;1;;;1;;;;;;;;;;;;;;;1;;;;1;;;;;;1;;;;;;;;;;;;;;;;
MIC SEMI CARGA CONVENC. 3 EJES 1+1+1 (SBV111);;1;;;;;;;;;1;1;;;;1;1;;;;;;;;;;;;;;;;;;;;;;;;;;;;;;;;
MIC SEMI CARGA CONVENC. 3 EJES 1+1+1 (SP111-SBM111);;;;2;;;;;;;;;1;;;;;;;2;;;;;;;;;;;;;;;;;;;;;;;;;;;;;
MIC SEMI CARGA CONVENC. 3 EJES 1+2 (S12) BV;;;;;;;;;;;;;;;;;;;;;;;1;1;;;1;;;;;;;;;;;1;;1;;;;;;;;;
MM-MARTIN S-BAT-3E;;;;;;;;;;;;;;;;;;;;;;;;;;;;;;;;;;1;;;;;;2;;;1;1;;;;;
MM-MARTIN SEMIRREMOLQUE 3 EJES (2+1);;;;;;1;1;;;;;1;;;;;;;;;;;;;;;;1;1;;;;;;;;;;;;;;;;;;;;
MONTENEGRO ACOPLADO JAULA GANADERA 3 EJES;;;;;;;;;;;;;;;;;;;;;;;;;;;;;;;;1;;;1;;;;;;1;;1;;1;;;;
MONTENEGRO ACOPLADO TODO PUERTAS 4 EJES;;;;;;;2;;;;1;;;;1;;;;;;;;;;;;;;;1;;;;;;;;;;;;;;;;;;;
MONTENEGRO PLAYO 3 EJES;;;;;;;;;;;;;;;;;;;;;;1;;;;;;;;;;;;;;;;1;;;1;1;;;;1;;;
MONTENEGRO SEMIRREMOLQUE VOLCADOR TRASERO 1+1+1 EJES;1;;;;;;;;;;;;;;;;1;;;;;;;;;;;;1;;;;;;;;;1;1;;;;;;;;;;
MONTESUR SP3;;;;1;1;;;;1;;;;;1;1;;;;;;;;;;;;;;;;;;;;;;;;;;;;;;;;;;
NAVATUC NT ACOPLADO PLAYO;;1;;;;;1;;;;;;;;;;;;;;;;;;;;;;;;;;;;;;;;;;1;;;1;1;;;;
NIÑO JESUS DE PRAGA SCP4ETCF CARRETON;;;;;;;;1;;;;;;;;;;;;;;;;;;;;;;;;;;;2;1;;;;1;;;;;;;;;
NUCTECH MT1213DE;;;;;;;;;;;;;;;;;;;;;;1;;3;;;;1;;;;;;;;;;;;;;;;;;;;;
OMBU AVB4E930;;1;;;;;;;;;;;1;1;;;1;;;;;;;;1;;;;;;;;;;;;;;;;;;;;;;;;
OMBU SBVT3E;;;1;;;;;1;;;;;;;;;;;;;;;;;;;1;;;;;;;;;;;;;;;1;;;;;;;1
OMBU SC2E930;;;;;;1;1;;;;;;;;;;;;;;;;;;;;;;;;1;2;;;;;;;;;;;;;;;;;
OTROS TRAILER BASCULANTE 4M 1EJE;;;;;;;;;;;;;;;;;;;;;;;1;;2;;;;;1;1;;;;;;;;;;;;;;;;;;
PINCEN SH 2+1E;;;;;;;;;;;;1;1;;;;;;;;;;;;;;;;;;;;;1;;;;;;;;;;1;;1;;;
PINCEN SH 2E;;;;;;1;;;;;;;;;;;;;;;;;;;;;;;;;;2;;;;;;;;;;;;1;1;;;;
PINCEN SH 3E;;;;;;;;;;;;;;;;;;;;;;;;;;;;;;;1;1;;;;;;;;;;;;1;2;;;;
REMOLQUES RECONQUISTA AC0104 - 3 TODO PUERTA;;;;;;;;;;;;;;;;;;;;;;;;;;;;;;;;;;;;;;1;1;;;;;1;;2;;;
REMOLQUES RECONQUISTA AC0106- 3 GANADERO;;;;;;;;;;;;;;;;;;;;;;;;;;;;;;;;;;;;;;;1;;;;;1;;2;1;;
RUBIOLO PLAYO BATAN (PL1002);;;;;;;;;;;;;;;;;;;;;;;1;;;;2;;;;;;1;;;;;;1;;;;;;;;;;
SALTO SCFT3E;;;;;;;;;;;;;;;;;;;;;;;;;;;;;;;;;;;;;;;;3;;;;;2;;;;
SALTO SCTT3E;;;;;;;;;;;;;;;;;;;;;;;;;;;;;;;;;;;;;1;;;1;;;;1;;1;1;;
SALTO SRCH1E;;;;;;;;;;;;;;;;5;;;;;;;;;;;;;;;;;;;;;;;;;;;;;;;;;
SALTO SRP3E;;;;;;;;;;;;;;1;;4;;;;;;;;;;;;;;;;;;;;;;;;;;;;;;;;;
SANY SAC 1300S;;;;;1;;;;;;;;;1;;;;;;;;;;;;;;;;1;;;;;;;1;1;;;;;;;;;;;
SANY STC 600S;;;;;;;;;1;;;;;;1;;;;;;;1;;;;;;;;;;;;1;;;;;;1;;;;;;;;;
SANY STC 700 T5;;;;;;;;;;;;;;;;;;;;;;;;;;;;;;;;;;;;1;;1;;1;;;;;;1;1;;
SANY STC400T5;;;;;;;;;;;;;;;;;;;;;;;;;;;;;;;;;;;;;;1;1;;;;;;;2;1;;
SCANIA G550;;;;;;;;;;;;;;;;;;;;;;;;;;;;;;;;;1;;;;;;;;;;;1;;3;;;
SHINERAY X7;;;1;;;1;;1;;;;;;;1;;;;;;;;;;;;;;;;1;;;;;;;;;;;;;;;;;;
SIN MARCA QF302;;;;;;;;;;;;;;;;;;;;;;;;;;2;1;;;;;;;;;;;;;;;;;1;1;;;;
SIN MARCA SHIP NAUTICO 2 EJES;;;;;;;;;;;;;;;;;;;;;;;;;;;;;;;1;;;;;1;;;;1;;;;2;;;;;
SIN MARCA THO1-N-6;;;;;;;;;;;;;;;;1;;2;;1;;;;;;;;;;;;1;;;;;;;;;;;;;;;;;
STAHL AV 5100;;;;;;;;;;;;5;;;;;;;;;;;;;;;;;;;;;;;;;;;;;;;;;;;;;
TAHNOS SABM 2-1E CCI;;;;;;;;;;;;;;;;;;;2;2;;;;;;;;;;;;;;;;;;;;;;;;;;;1;;
TOYOTA SUPRA;1;1;;;;;;1;1;;;1;;;;;;;;;;;;;;;;;;;;;;;;;;;;;;;;;;;;;
VOLVO B250R;;;;;;;;;;;;;;;;;;;;;;;;;;;;;;;5;;;;;;;;;;;;;;;;;;
XCMG QY110KH;;;;;;;;;;;;;;;;;;;;;;;;1;;;;;;;;;;2;;;;;;1;;;;;1;;;;
XCMG QY95KH;;;;;;;;;;;;;;;;;;;1;;;;1;;1;;;;;;1;;;1;;;;;;;;;;;;;;;
AA ASTARSA ACOPLADO/SEMIRREMOLQUE;;;;;;;;;;;;;;;;;;;1;;;1;;;;;;;;;;;;;;1;;;;;;;;1;;;;;
AHT ALZUARTE CARGA GENERAL 2E;;;;;1;1;;;;;1;;;;;;;;;;;;;;;;;;;;;;;;;;;;;;;;;;;1;;;
AHT ALZUARTE FURGON 2E;;;;;;;;;;;;;2;;1;;;;;;;;;;;;;;;;;;;;;;;;;1;;;;;;;;;
AIELLO WHIM SRB 337;;;;;;;;;1;;;;;;;;;;;1;;;;;;;;;;;;;;1;;;;;;;;;;;;;1;;
ARG METAL SEMIRREMOLQUE TOLVA AUTODESCARGABLE AR-25;;;;;;;1;;;1;;;;;;1;;;;;;;;;;;;;;;;;;1;;;;;;;;;;;;;;;
ASTIVIA A2-PISO-9;;;;;;;;;;;1;;;;;;;;;;;;;;;;1;;;;;;;1;;;;;;;;;1;;;;;;
ASTIVIA S2-TANQUE CORR.COMB.INF-9;;1;;;1;;;;1;;;;;;;;;;;;;;;;;;;;;;;;1;;;;;;;;;;;;;;;;
ASTIVIA S3-BATEA VUELCO TRASERO-9;;;;;1;;;;;;;;;;2;1;;;;;;;;;;;;;;;;;;;;;;;;;;;;;;;;;
AST-PRA APHDCFH3 FURGON TERMICO 3 EJES;;;;;;;;;;;;;;;;1;;;;1;;;;;;;;;;1;;;;;;;;;;;;;;;;1;;;
BACO ACOPLADO 1+2 EJES PLAYO;;;;;;;2;;;;1;;;;;;;;;;;;;;;;;;;;;1;;;;;;;;;;;;;;;;;
BAIC D20;;;;3;;;;;;;;;;;;;;;;;1;;;;;;;;;;;;;;;;;;;;;;;;;;;;
BIANCHI SRVT30A;;;1;;;;;;;;;;;;;;;;;;;;;;;;;;;;;;;;;;;;;;;;2;;;;;;1
BONANO ACOPLADO JAULA GANADERA DE 1D+1D;;;;;;;;;;;;;;;;;;;;;;;;;;1;;;;;;;;;1;;;;;;;;;;;;2;;
BONANO ACOPLADO PLAYO DE 2 EJES;;;;;1;;1;;;;;;;;;;;;;;;;;;1;;;1;;;;;;;;;;;;;;;;;;;;;
BONANO ACOPLADO VOLCADOR LATERAL/BILATERAL DE 4 EJES;;1;;;;1;;1;;;;;;;;;;;;;;1;;;;;;;;;;;;;;;;;;;;;;;;;;;
BONANO SEMIRREMOLQUE CARNICERO DE 3 EJES TANDEM;;;;;;;;1;;;;;;;;;1;2;;;;;;;;;;;;;;;;;;;;;;;;;;;;;;;
BONANO SEMIRREMOLQUE PAQUETERO 3D;;;;;;;;;;;;;;;;;;;;;;;;;;;;;;;;;;;;;;;;;;2;1;1;;;;;
BONANO SEMIRREMOLQUE VOLCADOR TRASERO 1+1+1 MAYOR A 45T;;;;;;;;;;;;;;;;;;;;;;;;;;;;;;;;;;;1;;;;;;;;;;2;;1;;
CARBALLIDO AC4EABS PLAYO;;1;;1;1;;1;;;;;;;;;;;;;;;;;;;;;;;;;;;;;;;;;;;;;;;;;;
CARROCERIAS APEZ BERLIN;;;;;;;;;;;;;;;;;;;;;;;;1;;;1;;;;;1;;1;;;;;;;;;;;;;;;
CASAS RODANTES LEONES 6.20M LCM 2E;;;;;;;;;;;;;;;;;;;;;;;;;;;;;;;;;;;;;;1;;;;;1;;;;1;1;
CHEVROLET CAPTIVA;;;;;;;;;;;;;;;;;;;;;;;;;;;;;;;;;;;;;;;;;;;;;;;4;;
COMAR CARRETON S24T;;;;;4;;;;;;;;;;;;;;;;;;;;;;;;;;;;;;;;;;;;;;;;;;;;
COMAR CARRETON S8-25;;;;;;;;;;;1;;;;;1;;;;;;;;;;;;;;;;;;;1;;;;;;;;;;;;;1;
CORMETAL ACOPLADO 3 EJES C/BALLES CARR T PTAS ALXB21;;1;1;;;1;;;;;;;;;;;;;;;;;;;;;;;1;;;;;;;;;;;;;;;;;;;;
CORMETAL SEMI 3 EJES EN TANDEM CARGA GRAL;;;;;;;;;;;;;;;;;;;;;;;;;;;;;;;;;;;;;;;;;4;;;;;;;;
CRESCENTE 221-CU-604 ACOPLADO MODELO PUERTAS LIBRO (PL);;;1;;;;;;1;1;1;;;;;;;;;;;;;;;;;;;;;;;;;;;;;;;;;;;;;;
DI POLVERE ACOPLADO CISTERNA 4 EJES;;;;;;;;;;;;;;;;;;1;;;;1;;;;;;;;;;;;;;;;;;1;;;;;;;;1;
DI POLVERE ST3R;;;;;1;;;;;;;1;;;;;;1;;;;;1;;;;;;;;;;;;;;;;;;;;;;;;;;
DIMATAN SEMIRREMOLQUE DOS EJES EN TANDEM;;;;;;;;;;;;;;;;;;;;;;;;;;;;;1;;;;;;;;;;;;;;;;1;;;2;
DIMATAN SEMIRREMOLQUE TANQUE TRES EJES (1+2);;;;;;1;;;;;;1;;;;;;;;;1;;;;;;;1;;;;;;;;;;;;;;;;;;;;;
FERBUS KAISEN 430 1E;;;;;;;;;;;;;3;;1;;;;;;;;;;;;;;;;;;;;;;;;;;;;;;;;;;
FERBUS KAISEN CR 570 2E;;;1;;2;;;;1;;;;;;;;;;;;;;;;;;;;;;;;;;;;;;;;;;;;;;;;
FERRARI 296;;;;;;;;;;;;;;;;;;;;;;1;;;;;;1;;;;;;;;;;;;;2;;;;;;;;
FORD A;;;;;;;;;;;;;;;;;;;;;;;;1;;;1;;;;;;;;;;;;;;1;;;;;;;1;
FORD CARGO 1723;;;;1;;;;;;;2;1;;;;;;;;;;;;;;;;;;;;;;;;;;;;;;;;;;;;;
FOTON VIEW;;2;1;;;;;;;;;;;;1;;;;;;;;;;;;;;;;;;;;;;;;;;;;;;;;;;
GALLO AGG3 VUELCO BILATERAL;2;;;;;1;;;;;;;;;;;;;;1;;;;;;;;;;;;;;;;;;;;;;;;;;;;;
GOLONDRINA SR-3E-NJ;;;;;;;;;;;;;1;;;3;;;;;;;;;;;;;;;;;;;;;;;;;;;;;;;;;
GROSS SEMIRREMOLQUE SIDER TECHO MET. Y LONA;;;;;;;;;;;;;;;;;;;;;;;;;;;;;1;;;;;1;;;;;;;1;;;;1;;;;
GROSS VOLCADOR BILATERAL 9,70 MTS (D2-D2);;;;;;;;;;;;;;;;;;;;;;;;;;;2;;;;;;;;;1;;1;;;;;;;;;;;
GROSS VOLCADOR BILATERAL DE 8.80 MTS;;;;;;;;;;;;;;;;;1;;;;;;;;;;;;;;;;;;;;;1;;;;;;;;2;;;
GUERRA SR/FG/1+2;;;;;;;;;;;;;;;;;;;;;;;;;;;;;;;;;;;;;;;;;;;;;;;2;2;
GUERRA SR/SD/1+2;;;;;;;;;;;;;;;;;;;;;;;;;;;;;;;;;;;;;;;;;;;;;1;1;2;;
H.C.MANCINI CARRETON TVM 01 E;1;1;;;;;;2;;;;;;;;;;;;;;;;;;;;;;;;;;;;;;;;;;;;;;;;;
H.C.MANCINI CARRETON TVM 12 T;;2;;;;;;;1;1;;;;;;;;;;;;;;;;;;;;;;;;;;;;;;;;;;;;;;;
HERMANN BARANDA VOLCABLE S.BV.2E.53;;;;;;;;;;;;1;;;;;;3;;;;;;;;;;;;;;;;;;;;;;;;;;;;;;;
HERMANN BARANDA VOLCABLE S.BV.2E.53 1+1;;1;1;;;;;;;;;;;;;;;;;;;;1;;;;;;;;;;;;;;;1;;;;;;;;;;;
HERMANN CARGA GENERAL A.CG.4E.10;1;;;;;;;;1;;;;;;;;;;;;;;;;;;;;;;;;;;;;;;;;2;;;;;;;;
HERMANN CARGA GENERAL S.CG.3E.57;;;;;;;;1;;;;;;;2;;;;;;;;;;;;1;;;;;;;;;;;;;;;;;;;;;;
IDEROL SEMI CARGA CONV. 3E 3D S3-F3;;;;;;;;;;;;;;;;;;1;;;;;;;;;;;;;;;;;;;;1;;;;;;;;2;;;
INDU METAL TRAILERS PL 750 CO1;;;;;;;;;;;;;;;;;;;;;;;;;;;;;;;;;;;1;;;;;;2;;1;;;;;;
IVECO KINGKAN 340;;;;;;;;;;;;;;;;;;;;;;;;;;1;;;;;;1;;;;;;1;;;;1;;;;;;;
LAMBERT A2JA;;;;;;;;;;;;;;;1;;;;;;;;;;;;;;;;;;;;;;;;1;;;1;;1;;;;;
LAMBERT S111PL;;;;;1;;;;;;;;;;;;;;;;;;;;;;;1;;;;;2;;;;;;;;;;;;;;;;
LAMBERT S3PC;;;;;2;;;;;;;;;;;;;;;;;;;;;;;;;;1;;;;;;;;;;;;;;;;;1;
LEO-COR ACOPLADO/SEMIRREMOLQUE;;;1;;;;;;1;;;;;;;;;;;;;;;;;;;;1;;;;1;;;;;;;;;;;;;;;;
LEO-COR AGRO21 - CF;;;1;;;;;;;;;;;;;;;;;;;;;;;;;;;;;;;2;;1;;;;;;;;;;;;;
LEO-COR LC-RA-11-SE-CD-15;;;1;;;;1;;;;;;;;;;;;;;;;;;;1;;;;;;;;;;;;;;1;;;;;;;;;
LEXUS ES;;;;;1;;;;;;;;;;;1;;;;;;;;;;;;;;;;;;;;;;;;2;;;;;;;;;
LGMG CMT66;;;;;;;;;;;;;;;;;;;;;;;;;;;;;;;;;;;;;;;;2;1;;;;;;;1;
LOTUS EMIRA;;;;;;;;;;;;;;;;;;;;;;1;;;;1;;;;;;;;;;;;;1;;;;;1;;;;;
MACTRAIL ACOPLADO/SEMIRREMOLQUE;;;;;;;;;;;;2;;2;;;;;;;;;;;;;;;;;;;;;;;;;;;;;;;;;;;
MACTRAIL POLICIAL CHICO;;;;;;;;1;;;;;;;;;;2;;;;;;1;;;;;;;;;;;;;;;;;;;;;;;;;
MACTRAIL TU 24-10-R;;;;;1;;;;;;;;;;;;;;;1;;1;;;;;;;;;;;;;;1;;;;;;;;;;;;;
MARCELINI SRC24NTA;;;;1;;;;;;;;;;;;1;;;;;;;;;;1;;;;;;;;;;1;;;;;;;;;;;;;
MERCEDES BENZ AMG GT 63 S;;;;;;;;;;;;;;;;;;;;;;;;;;;;;;;;;;;;;;;;;1;1;;2;;;;;
MERCEDES BENZ/MARCOPOLO PARADISO;;;;;;;;;;;;;4;;;;;;;;;;;;;;;;;;;;;;;;;;;;;;;;;;;;
METAGRO A -2+2- CG;;;;;;;;;;;;;;;1;;;;;;;;;;;;;;;;;;1;;;;;1;;;;;;;;;1;;
METAGRO S-1+2 - BATEA A;;;;;;;2;1;;;1;;;;;;;;;;;;;;;;;;;;;;;;;;;;;;;;;;;;;;
METALURGICA ALEM A3E PLAYO;;;1;;;;1;;;;;;;1;;;;;;;;;;;;;;;;;;;;;;;;;;;1;;;;;;;;
METALURGICA ALEM S3E BARANDA VOLCABLE;;;;;2;;;;;;;;;;;;;;;;1;;;;;;;;;;;;;;;;;;;1;;;;;;;;;
METALURGICA ALEM S3E PLAYO;;;;;;;;;;;;;;;;;;;;4;;;;;;;;;;;;;;;;;;;;;;;;;;;;;
METALURGICA BELGRANO SEMIRREMOLQUE 3 EJES TANDEM;;;;;;;;;;;;;;;;;;;;;;;;;;;;;;;;;;;;;;;;;;;;1;;1;2;;
MIC SEMIRREMOLQUE DE 3 EJES (1+2) BV 14.5;;;;;;;;;;;;;;;;;;;;;;;;;1;;;2;;;;;;;;;1;;;;;;;;;;;;
MIC SEMIRREMOLQUE DE DOS EJES;;;;;;;;;;;;;;;;;;;;4;;;;;;;;;;;;;;;;;;;;;;;;;;;;;
MILEI SRT-1 FRAQ-TANQ-MINERO-PETROL-AMBIENTAL;;;;;;;;;;;;;;;;;;;;;;;;;;;;;2;;2;;;;;;;;;;;;;;;;;;
MM-MARTIN AVDF-A4-G;;;;;;;;;;;;;;;;;;;;;;;;;;;;;;;;;;;;;1;;;;1;;;1;;;1;;
MONTENEGRO ACOPLADO TOLVA 3 EJES;;;;;1;;;;1;;1;;;;;;;;;;;;;;;;;;;;;;;;;;;;;;;;;;;1;;;
MONTENEGRO SEMIRREMOLQUE BARANDA VOLCABLE 1+1+1 EJES;;;1;;;;;;;;;;;;;;;;;;;;;;;1;;;;;;;1;;;;1;;;;;;;;;;;;
MONTENEGRO SEMIRREMOLQUE FURGON ENCOMIENDA 2 EJES;;;;;;;;;;;;;;;;;;;;1;;;;;1;;;;;;1;;;;;;;;;;;;1;;;;;;
MONTENEGRO SEMIRREMOLQUE PORTA CONTENEDOR 3 EJES;;;;;;;;2;;;;;;;;;;;;;;;;;;;;;;;;;;;;;;;;2;;;;;;;;;
MONTESUR ABV3;;;;;;1;;;;;;;;;;;1;;;;;;;;;;;;;;;;;;;;;;;;;;1;1;;;;;
MONTESUR ABV4;;;;;;;;1;;;;;;;1;1;;;;;;;;;;;;;;;;;;;;;;1;;;;;;;;;;;
NAVARRO HNOS ACOPLADO/SEMIRREMOLQUE;;;;;;;1;;;1;;;;;;;;;;1;;1;;;;;;;;;;;;;;;;;;;;;;;;;;;
NAVARRO HNOS SEMIRREMOLQUE CISTERNA DE 3 EJES;;;;;;;;;1;1;;;;;;;1;;;;;;1;;;;;;;;;;;;;;;;;;;;;;;;;;
NAVATUC NT SEMIRREMOLQUE CAÑERO DE 1 EJE;;;;;;4;;;;;;;;;;;;;;;;;;;;;;;;;;;;;;;;;;;;;;;;;;;
NAVATUC NT SEMIRREMOLQUE CARGA GENERAL 3 E;;;;;;;;;;;;;;;;;;1;;;2;;;;;;;;;;;;;;;;;;;;1;;;;;;;;
NIÑO JESUS DE PRAGA SRP3E;;;;;;;;;;1;;;;;;;1;;;;;;;;;;;;;;;;;;;;;;1;;;;;;1;;;;
OIL TRAILERS SEMI CARGA GENERAL 2 EJES;;;;;1;;;;;;1;;;;;;;;;1;;;;;;;;;;;;;;;;;;;;1;;;;;;;;;
OMBU AC3E900;;;;;;;1;;;;;;;;;;;;;;;;;;;;;;;;1;2;;;;;;;;;;;;;;;;;
OMBU APL4E930;2;1;;;;;;;;;;;1;;;;;;;;;;;;;;;;;;;;;;;;;;;;;;;;;;;;
OMBU SBIDPC3E;;;;;;;;;;;;;;;;;;;;;;;;;;;;;;;;;;;;;;;;;2;;;;;;;;2
OMBU SBIDVB2E;;;;;;;;;;;;;;;;;;;;;;;;;;;;;;;;;;;;;;;1;;;2;;;;;1;;
OMBU SBITPC3E;;;;;;;;;;;;;;;;;;;;;;;;;;;;;;;;;;;;;;;;;2;;;;;;;;2
OMBU SBITVB2E;;;;;;;;;;;;;;;;;;;;;;;;;;;;;;;;;;;;;;1;;;;2;;;;;1;;
OMBU SBVT503E2+1;;;;;;;;;;;;;;;;;;;;;;;;;;;;;;;;;;;;;;;;;;;;;1;2;1;;
RANDON SR TL 01+01;1;;;;;;3;;;;;;;;;;;;;;;;;;;;;;;;;;;;;;;;;;;;;;;;;;
REMOLQUES RECONQUISTA AC0104;;;;;;;1;;1;;;;;;;;;;;;;;;;;;;;;1;1;;;;;;;;;;;;;;;;;;
REMOLQUES RECONQUISTA SE0206- SEMIRREMOLQUE 2 EJES GANADERO;;;;;;;;;;;;1;;;;;;;;;;;;;;;;;;;;;;;;;;;;1;;1;;1;;;;;
SALTO AP2E;;;;;;;;;1;;;;;;;;;;;;;;;;;;;1;;;;1;;;;;;;;1;;;;;;;;;
SALTO CA8E;;;;1;;;;;;;;;;;;;;;;;;;;1;;;;;;;1;;;;1;;;;;;;;;;;;;;
SALTO SRBVE3E;;;;;;;;;;;;;;;;;;;;;;;1;;1;;;;;;;;;;;;;;;;;2;;;;;;;
SALTO SRBVL3E;;;;;;;;;4;;;;;;;;;;;;;;;;;;;;;;;;;;;;;;;;;;;;;;;;
SALTO SRPCT3E;;;;;;;;;;;;;;;2;;;;1;;;;;;;;;;;;;;1;;;;;;;;;;;;;;;;
SALTO SRPD2E;;1;1;;;;;;;;;;;;;;;;;;;;;;;;;;;;;;;;;;;;;;;1;1;;;;;;
SALTO SRV2E;;;;;;;;;;1;;;;;;;;1;;;;;;;;;;;;;;;;;;;1;;;;;;1;;;;;;
SANY SAC 600E;1;1;;1;;;;;;;;;;;;;;;;;;;;;;;;;;;;;;;;1;;;;;;;;;;;;;
SANY SAC1600T7;;;;;;;;;;;;;;;;;;;;;;;;;;;;;;;;;;;;;;;;;3;;;1;;;;;
SCANIA K340;;;;;;;;;;;;;;;;;;;;;1;;;;;;;;;;;;;;1;;;;;;1;;;1;;;;;
SCANIA/MARCOPOLO K320;;;;;;;;;;;;;;;;;;;;;;;;;;;;;;;;;;;;1;1;;;;;;;;;2;;;
SCANIA/MARCOPOLO K320C;;;;;;;;;;;;;;;;;;;;;;;;;4;;;;;;;;;;;;;;;;;;;;;;;;
SIN MARCA CR350;;;;;;;;;;;;;;;;;;;;;;;;;;;;1;;;;;;1;1;;1;;;;;;;;;;;;
SIN MARCA CR400;;;;;;;;;;;;;;;;;;;;;;;;;;;;;;;;;;;;;1;3;;;;;;;;;;;
SIN MARCA CRO1400 PICAFLOR;;;;;;;;;;;;;;;;;;;;;;;;;;;;;;;;;;;;;1;;;1;;1;;;;1;;;
SIN MARCA OTROS;;;;;;;;;;;;;;;;;;;;;;;;;;;;;;;;;;;;;;;;;;;;;;3;;1;
SIN MARCA QF302-390;;;;;;;;;;;;;;;;;;;;;;;;;;1;;1;;;;;;;;;;;;;1;;;;;;;1;
SIN MARCA SHIP FOOD 1 EJE;;;;;;;;;;;;;;;;;;;;;;;;;;;;;;;;;;;;;;;;;;;;;1;;2;1;
SIN MARCA TR 800;;;;;;;;;;;;;;;;;;;;;;;;;;;;;;;;;;;;;;;;1;;1;1;1;;;;;
SINOTRUK ZZ1257N4047W;;;;;;;;;;;;;;2;;;;1;;;;1;;;;;;;;;;;;;;;;;;;;;;;;;;;
SINOTRUK ZZ5168;;;;;;;;;;;;;1;1;;;;;;;;1;1;;;;;;;;;;;;;;;;;;;;;;;;;;
SOLA Y BRUSA FURGON TERMICO 3 EJES-1 DESPLAZ. SUSP. NEUM. DIREC;;;;;;;;;;;;;;;;;;;;;;;;;1;;;;;;;;;1;;;;;;;;;1;;;;;1;
SOLA Y BRUSA PLAYO 3 EJES - 1+1+1;;;;;;;1;;;;;;;;;;;;;1;;;;;;;;;;;;;;1;;;;;;;;;;1;;;;;
SOUEAST DX3;1;1;1;;;;;;;;;;;;;;1;;;;;;;;;;;;;;;;;;;;;;;;;;;;;;;;
STAHL SEMI REMOLQUE BARANDA VOLC. AS5600 - LARGO 13600;;;;;;;1;1;;;;;;;;;;;;;;2;;;;;;;;;;;;;;;;;;;;;;;;;;;
SUPROTRAILER STN-V3;;;;;;;;;;;;;;;;;;;;;;;;;;;;;;;;;;;;;;;;;;;2;;2;;;;
TAHNOS SABM 2-1E CTCFS;;;;;;;;;;;;;;;;;;1;1;;;;;;;;;;;;;;;;;;;1;1;;;;;;;;;;
TORREGGIANI SC-211;;;;;;;;;;;;;;;;;;2;;;;;;;;1;1;;;;;;;;;;;;;;;;;;;;;;
TRAILERS GALLO TRAILERS MEDIA BARANDA 1 EJE CAT 01;;;;;;;;;;;;;;;;;;;;;;;;;;;;;;;;1;;;1;;;;;;1;1;;;;;;;
TRAILERS GALLO TRAILERS NAUTICO 1 EJE CAT 01;;;;;;;;;;;;;;;;;;;;;;;;;;;;;1;;;;;;;1;1;;;;;;;;;;1;;
VOLKSWAGEN DELIVERY 6.160;;;1;;;1;;;;;;;;;;;1;;;;;;;1;;;;;;;;;;;;;;;;;;;;;;;;;
VOLKSWAGEN UP!;1;;2;1;;;;;;;;;;;;;;;;;;;;;;;;;;;;;;;;;;;;;;;;;;;;;
VOLVO A30;;;;;;;;;;;;;;;;;;;;;;;;;;;;;;;;;;;;1;;;;;2;1;;;;;;;
VOLVO FMX 380;;;2;;;;;;;;;;;;;;;;;;;;;;;;;;;;;;;1;;;1;;;;;;;;;;;;
VULCANO CVP3;;;;;;;;;;2;;;;;;;;;;;;;;;;;;;;;;;;;;;;;;1;1;;;;;;;;
XEV YOYO;;;;;;;;;;;;;;;;;;;;;;;;;;;;;;;;;;;;;;;;;;;;;;2;;2;
ACOPLANOA S-CG-3E;;;1;;;;;;;;;;;;;;;;;;;;;;;;;;;;;;;;;;;;;;;;;2;;;;;
AGRALE/MARCOPOLO MA 8.7;;;;;;;;;;;;;;;;;;;;;;;;;;;;;;;;;;;;;;;;;;;;;;;3;;
AHT ALZUARTE JAULA GANADERA 3E;;;;;;;;;;;;;;;;;;;;;;;;1;;;;;;;;;;1;;;1;;;;;;;;;;;;
AHT ALZUARTE S BARANDA VOLCABLE 2E;;;;;;;;1;;;;;;;;;;;;;;;;;;;;;2;;;;;;;;;;;;;;;;;;;;
AL TRAILERS NAUTICO;;;;;;;;;;;;;;;;;;;;;;;;;;;;;;;;;;;;;;;;;;;1;;1;1;;;
ASTIVIA A2-TODO PUERTA-8;;;;;;;;;;;;;;;1;;1;;;;;1;;;;;;;;;;;;;;;;;;;;;;;;;;;
ASTIVIA A4-VOLCADOR BILATERAL-9;;;;;;;1;;;;;;;;;;;;;;;;;;;;;;;;;;;;;;;;;;;;;;;1;;1;
ASTIVIA S3-BATEA VUELCO TRASERO-8;;;;;;;;;;1;;;;;;;;;;;;;;;;1;;;;;;;;;;;;1;;;;;;;;;;;
BACO 3 EJES EN TANDEM VOLCADOR;;;;;;;;1;;;;;;;;;;;;;;;;2;;;;;;;;;;;;;;;;;;;;;;;;;
BACO SEM 1+2 EJES CISTERNA;;;;;;;1;;;;;;;;;;;;;;;;;;;;;;;;;;;;;;1;1;;;;;;;;;;;
BEMFRA ACOPLADO BARANDA VOLCABLE ARBV 4000;;;;;;;;;;;;;;;;;;;;;;;;;;;3;;;;;;;;;;;;;;;;;;;;;;
BONANO PLAYO DE 1D+2D EJES<=45T;;;;;;;;;;;;;;;;;;;;;;;1;;;;;;1;;;;;;;;;;;;;;;1;;;;;
BONANO SEMIRREMOLQUE JAULA GANADERA DE 1D+2D EJES;;;;;;;;;;;;;;;;;;;;;;;;;;;;;;;1;;;;;;1;;1;;;;;;;;;;
BONANO SEMIRREMOLQUE TERMICO DE 1 EJE.;;;;;;;;;;2;;;;;;;1;;;;;;;;;;;;;;;;;;;;;;;;;;;;;;;;
BULL TRAILER SR 55.7-1111;;;;;;;;;;;;;;;;;;;;;;;;;;;;;;;;;;;;;;;;;3;;;;;;;;
CARRETONES DANIEL BRITO SEMIRREMOLQUE CARRETON 3 EJES;;;;;;;;;;;;;1;1;;;;;;1;;;;;;;;;;;;;;;;;;;;;;;;;;;;;
CARROCERIAS APEZ AC T.P FMI;;;;;;1;;;;;;;;;2;;;;;;;;;;;;;;;;;;;;;;;;;;;;;;;;;;
CARROCERIAS APEZ DOHA;;;;;;;;;;;;;;;;;;;;;;;;1;;;;;;;;;;;;;;1;;;;;1;;;;;;
CARROCERIAS APEZ PANAMA;;;;;;;;;;;;;;;;;;;;;;;;2;;;;1;;;;;;;;;;;;;;;;;;;;;
CASAS RODANTES LEONES 4.80M LCM 2E;;;;;;;;;;;;;;;;;;;;;;;;;;;;;;;;;1;;;;;;;1;;;;1;;;;;
CHEVROLET CAMARO;;;1;;;;;;;;;;;;;;;;;;;;;;;;;;;;;;;;;;;;;;;1;;;;;1;;
CHEVROLET OTROS;;;;;;;;;;;;;;;;;;;;;;;;;;;;;;1;;;;;;;;;2;;;;;;;;;;
CORMETAL S-3-9400-CH29CS;;;;;;;;;;;;;;;;;;;;;;;1;1;;;;;1;;;;;;;;;;;;;;;;;;;;
CORMETAL SBXN30 - SEMI 3 EJES TANDEM;;;;;;;;;;;;;;;;;;;;;;;;;;;;;;;;;;;;;;;1;;2;;;;;;;;
DAWI ACOPLADO/SEMIRREMOLQUE;;;;;;;;;;;;;;;;;;;;;;;;;;;;;;;;;;;;;;;;;;;;;1;1;1;;
DIMATAN SEMIRREMOLQUE TANQUE DOS EJES EN TANDEM;;;;;1;;;;1;;;;;;;;;;;;;;;;;;;;;;;;;;;;;;;1;;;;;;;;;
DM TRAILERS ACONCAGUA 200 C/F;;;;;;;1;1;1;;;;;;;;;;;;;;;;;;;;;;;;;;;;;;;;;;;;;;;;
DM TRAILERS ACONCAGUA 260 C/F;;;;;;;;3;;;;;;;;;;;;;;;;;;;;;;;;;;;;;;;;;;;;;;;;;
DM TRAILERS DUMAS 310;;;;;;;;;;1;;;;;;;;;;;;;;1;;;;;;;;;;;;;;;;;;;;;;1;;;
DONGFENG CAPTAIN 1830;;;;;;;;;;;;;;;;;;;;;;;;;;;;;;;;;;;;;;;;;;;;;;;3;;
DONGFENG CAPTAIN C 1016;;;;;;;;;;;;;;;;;;;;;;;;;;;;;;;;;;;;;;;;;;;;;1;1;;1;
EL FIERRO ACOPLADO BARANDA VOLCABLE ABV 22 3E;;;;;;;;;1;;;1;;;;;;;;;;;;;;;;;;;;;;;;;;1;;;;;;;;;;;
EL FIERRO SEMIRREMOLQUE BATEA PARA CARGA GENERAL BAT 40 3E;;1;;;;;;;;;;;;;;;1;;;;;;;;;;;;;;;;;;;;;;;;;;;;;1;;;
EMIKEL PBARBUS 320 ACOPLADO 1 EJE;;;;;;;;;;;;;;;;;;1;;;;;1;;;;;;;;;;;;;;;1;;;;;;;;;;;
EMIKEL PBARBUS 410 TT ACOPLADO 1 EJE;;;;;;;;;;1;;;;;1;1;;;;;;;;;;;;;;;;;;;;;;;;;;;;;;;;;
EMIKEL PBARBUS 450 ACOPLADO 2 EJES;;;;;;1;;1;;;;;;;;;;;;;;;;;;;;;;;;;;;;1;;;;;;;;;;;;;
FERBUS KAISEN 350 FT;;;;;;;;;1;1;1;;;;;;;;;;;;;;;;;;;;;;;;;;;;;;;;;;;;;;
FERBUS KAISEN 480 2E;;;;;;;;;;;;;1;1;;1;;;;;;;;;;;;;;;;;;;;;;;;;;;;;;;;;
FERBUS KAISEN 570 FT;;;;;;;;;2;;;;;;;;;;;;;;;;;;;;;;;;;;;;;;;;;;;;;1;;;
FERBUS KAISEN CR 450 1E;;;;;1;;;;;2;;;;;;;;;;;;;;;;;;;;;;;;;;;;;;;;;;;;;;;
FERRARI ROMA;;;;;;;;;;;;;;;;;;;;;;;;;;;;;;;;;;;;;;1;;;1;;;;;;;;1
FORD CARGO 1119;1;;;1;;;;;;1;;;;;;;;;;;;;;;;;;;;;;;;;;;;;;;;;;;;;;;
FUR-TAN SEMI 3 EJES 3 CIST.INOX.316 CILIN.REVES.PELG35000L;1;1;;;;;;;;;;;;;;;1;;;;;;;;;;;;;;;;;;;;;;;;;;;;;;;;
GAC MOTOR GS8;;;;;;;;;;;;;;;;;;;;;;;;;;;;;;;;;;;;;;;;;;;;;;;1;2;
GALLO SBG3 BATEA VUELCO TRASERO;;;;;;;;1;;;;;;;;;;1;;;1;;;;;;;;;;;;;;;;;;;;;;;;;;;;
GOMATRO SEMIRREMOLQUE 3 EJES (1+2)JAULA GANADERA DOS PISOS;;;;;;;;;;;;;;;;;;;;;;;;;;;;;;;;;;;;;;;;;;;1;1;;1;;;
GRASSANI SG3-49TT;;;;;;;;;;;;;;;;;;;;;;;;;;1;;;;;2;;;;;;;;;;;;;;;;;;
HELVETICA AC 3E VO;;;;;1;;;;;;;1;;;;;;;;;;1;;;;;;;;;;;;;;;;;;;;;;;;;;;
HELVETICA SR 2E T MP;;;;2;;;;;;;;;;;;;;;;;1;;;;;;;;;;;;;;;;;;;;;;;;;;;;
HELVETICA SR 3E 1+1+1 VO;;;2;;;;;;;;;;;;;;;;;;;;;;;1;;;;;;;;;;;;;;;;;;;;;;;
HERMANN FORESTAL A.CF.2E.41;;;;;;;;;;;;;;;;;;;;;;;;;;;;;1;;;;;;;;;;;;;;;2;;;;;
HERMANN FORESTAL A.CF.4E.30;;;;;;;;1;;;;;;1;;;;;1;;;;;;;;;;;;;;;;;;;;;;;;;;;;;;
HERMANN FORESTAL S.CF.3E.77 2+1;;;;;1;;;;;;;2;;;;;;;;;;;;;;;;;;;;;;;;;;;;;;;;;;;;;
HERMANN GANADERO S.GP.3E.92 D;;;;;;;;;;;;;;;;;;;;;;;;;;;;;;;;;;1;;;;;;;;;;1;;1;;;
HERMANN PALETERO A.PA.2E.18;;;;;;;;;1;;;;;;;;;;;;;;;;;;;;;1;;;;;1;;;;;;;;;;;;;;
HERMANN PALETERO S.PA.2E.62 BITREN D;;;;;;;;;;;;;;;1;;;;;;;;;;;;;;;;;;;;;;;1;;;;1;;;;;;;
HERMANN PALETERO S.PA.2E.62 BITREN T;;;;;;;;;;;;;;;;1;;;;;;;;;;;;;;;;;;;;;;1;;;;1;;;;;;;
HERMANN PLAYO CARRETON S.PL.3E.65 2+1;;;;;;;;;;;;;;;;;;;;;;;;;;;;;;;2;1;;;;;;;;;;;;;;;;;
HERMANN PORTA CONTENEDOR S.PC.3E.58 T;;;;;;;;;;;;;;;;;;;;;;;;;;2;;;;;;;;;;;;;;;;;;;1;;;;
HERMANN PORTACONTENEDOR S.PC.3E.58 D;;;;;;;;;;;;;;;;;;;;;;;;;;2;;;;;;;;;;;;;;;;;;;1;;;;
HIZA TRAILERS FURGON GYM;;;;;;;;;;;;;;;;;;1;;;;;;;;;;;;;;2;;;;;;;;;;;;;;;;;
HYUNDAI IONIQ;;;;;;;;1;;;;;;;;;;1;;;;;;1;;;;;;;;;;;;;;;;;;;;;;;;;
IDERO SEMI CARGA CONV 3E 3D S3 (S3-FR);;;;;;;;;;;;;;;;;;;;;;;;;;;;;;;;;;;;;;;;;;;;;;1;2;;
INDU METAL TRAILERS SEP3510CO3;;;;;;;;;;;;;;;;;;;;;;;;;;;;;;;;;;;1;;;;;;;;;;2;;;;
LAMBERT S2TA;;;1;;;;;;;;;;;;;;;;;1;;;;;;;;;;;;;;;;;;;;1;;;;;;;;;
LAMBERT S3BD;;1;;;;;;;;;;;;;;;;;;;;1;;;;;;;;;;;;;;;;1;;;;;;;;;;;
LAMBERT S3BTBV;;1;;;;;;;;;;;;;;;;;;;;1;;;;;;;;;;;;;;;;1;;;;;;;;;;;
LAMBERT S3TA;;;;;;;;;;;;;;;;;;1;;;;;;;;;;;;;;;1;;1;;;;;;;;;;;;;;
LAMBERT S3VO;;;;1;;;;;;;;;1;;;;;;;1;;;;;;;;;;;;;;;;;;;;;;;;;;;;;
LAMBORGHINI URUS;;;;;;;;;;;;;;;;;;;;;;1;;;;1;;;;;;;;;;;;;;;;;;1;;;;;
LAND ROVER RANGE ROVER VELAR;;;;1;;;1;;;;;;;;;;;;;;;;1;;;;;;;;;;;;;;;;;;;;;;;;;;
MACTRAIL TU 15-6-M;;;;;;;;;;;1;;;;;;;;;;;;1;;;;;;;;;;;;;;;;;;;;;;;;;1;
MACTRAIL TU 22-10-M;;;;;;;1;;;;;;1;;;;;;;;;;;1;;;;;;;;;;;;;;;;;;;;;;;;;
MACTRAIL TU 26-15-R;;;;;;;;2;;;;;;;;;;;;;;;1;;;;;;;;;;;;;;;;;;;;;;;;;;
MAN TGM 13.290;;;;;;;1;;;;;;;;1;;;;;;;;;;;;;;;;;;;1;;;;;;;;;;;;;;;
MANQUE PBSFNRH2;;;;;;;;;;1;2;;;;;;;;;;;;;;;;;;;;;;;;;;;;;;;;;;;;;;
MANQUE RBSFPLW3 ACOPLADO 3 EJES;;;;;;;;;;;1;1;;;;;;;;;;;;;;;;1;;;;;;;;;;;;;;;;;;;;;
MARCELINI ACOPLADO/SEMIRREMOLQUE;;;;;;;;;;;;;;1;;2;;;;;;;;;;;;;;;;;;;;;;;;;;;;;;;;;
MARCELINI CC8NPP;;;;;;;;;;;;;;;;;;;1;;;;;;1;;;;;;;;;;;;;;;;;;1;;;;;;
MARCELINI SRC16NF;;;;;;;;;;;;;;;;;;;;;;;;;;;;;;;;;;;;;;;;;3;;;;;;;;
MARCELINI SRC16NH;;;;;;;;;;;1;;;;1;;;;;1;;;;;;;;;;;;;;;;;;;;;;;;;;;;;
MARCELINI SRC8NA;;;;;;;;;;;;;;;;;;;;;;;;;;;1;;;;;;;1;;1;;;;;;;;;;;;;
MATERFER BU 1115;1;;2;;;;;;;;;;;;;;;;;;;;;;;;;;;;;;;;;;;;;;;;;;;;;;
MERCEDES BENZ/MARCOPOLO O 500;2;;;1;;;;;;;;;;;;;;;;;;;;;;;;;;;;;;;;;;;;;;;;;;;;;
MERTZ 102575154;;;;;;;;;;;;;;;;;;;;;;;;;;;;;;;;;;;;;;;;;;1;2;;;;;;
METALURGICA ALEM S3T SIDER;;;;;;;;;;;;;;;;;;;;;;;;;;;;;;;;;;;;;;;1;;2;;;;;;;;
MILEI SRT-2 TANDEM;;;;;;;;;1;;;;;;1;;;;;;;;;;;;;;;;;;;;;;1;;;;;;;;;;;;
MM-MARTIN AVDF-S3-P;;1;;;;;;1;1;;;;;;;;;;;;;;;;;;;;;;;;;;;;;;;;;;;;;;;;
MM-MARTIN SEMIRREMOLQUE 3 EJES (2+1) BARANDA VOLCABLE;;;;;;;;;1;1;;;;;;1;;;;;;;;;;;;;;;;;;;;;;;;;;;;;;;;;
MM-MARTIN SEMIRREMOLQUE 3 EJES (2+1) PLAYO;;;;;;1;;;;;;;;;;1;;;;;;;;;;;;;;;;;;;;;;;;;;;1;;;;;;
MM-MARTIN SEMIRREMOLQUE 3 EJES (2+1) VUELCO TRASERO;;;;2;;;;;;1;;;;;;;;;;;;;;;;;;;;;;;;;;;;;;;;;;;;;;;
MONTENEGRO ACOPLADO FURGON ENCOMIENDA 3 EJES;;;;;;;;;;;;;;;;;;;;;1;;;;;;;;1;;;;;;;1;;;;;;;;;;;;;
MONTENEGRO SEMIRREMOLQUE CURTAIN SIDER 3 EJES FULL NEUMATICO;;2;;1;;;;;;;;;;;;;;;;;;;;;;;;;;;;;;;;;;;;;;;;;;;;;
MONTENEGRO SEMIRREMOLQUE PLAYO 1 EJE;;;;;;;1;1;;;;;;;;;;;;;;;;;;;;;;;;;;;1;;;;;;;;;;;;;;
MONTENEGRO SEMIRREMOLQUE PORTA CONTENEDOR 3 EJES FULL NEUMATI;;;;;;;;;;;;;;;;;;;;;;;;;;;;;;;;;;1;;;;;;1;;;;1;;;;;
MONTENEGRO SEMIRREMOLQUE VOLCADOR TRASERO 3 EJES FULL NEUMATI;;;;;;;;;;;;;;;;;;;;;;;;;;;;;1;;;;;;;;;;;;1;;;1;;;;;
MONTENEGRO SPACE;;;;;;;;;;;;;1;;2;;;;;;;;;;;;;;;;;;;;;;;;;;;;;;;;;;
MONTESUR SCS3;;;;;;;;;;;;;;;;;;;;;;;;;;;;;;;;;;;;;2;;;;;;;;;1;;;
NAVARRO HNOS ACOPLADO DE 3 EJES PLAYO;;;;1;;;;;;;;;;;;;;;;;;;;;;;;;1;;;;;;;;;;;;;;;;;;;1;
NAVARRO HNOS SEMIRREMOLQUE CARRETON 4 EJES CUELLO DESMONTABLE;;;;;;;;;;;;;;;;;;;;;;;;;;;;;;;;;;;2;;;;;;;;;;;;1;;
NAVATUC NT SEMIRREMOLQUE PLAYO DE 2 EJES;;;;;;;;;;;;;;;;;;;;;;1;;;;;;;;;;;;;;;;;;;1;;;1;;;;;
NIÑO JESUS DE PRAGA SA2ET;;;;;;;;;;;;1;;;;;;;;;1;;;;;;;;;;;;;;;;;;;;;;;;;;1;;
NIÑO JESUS DE PRAGA SCP2ETCF CARRETON;1;;;;;;;;;;;;;;;;;;;;;;;;;;;;;;;;;;;;;;;1;;;;1;;;;;
NIÑO JESUS DE PRAGA SCP2LEF CARRETON;;;;;;;;;;;;;;;;;;;;1;1;1;;;;;;;;;;;;;;;;;;;;;;;;;;;
NIÑO JESUS DE PRAGA SRD3ET;;;;;;;;;;;;;;;;;;;;;;;;;;;;1;;;;;;;1;;;1;;;;;;;;;;;
OMBU ACE4E960;;;;;;;;;;;;;;;;;;;;;;;;;;;;;;;;1;;;;;;;;;;;;2;;;;;
OMBU SBIDCS3E;;;;;;;;;;;;;;;;;;;;;;;1;;;;;1;;;;;;;;;;;;;1;;;;;;;;
OMBU SBIDVB3E;;;;;;;;;;;;;;;;;;;;;;;;;;;;;;;;;;;;;;;;;;1;1;;;1;;;
OMBU SBITCS3E;;;;;;;;;;;;;;;;;;;;;;;1;;;;;1;;;;;;;;;;;;;1;;;;;;;;
OMBU SP2E1340;;;;;;;;;;;;;;;;;;;;;;;;;;2;;1;;;;;;;;;;;;;;;;;;;;;
OMBU SVB3E2+1;;;;;;2;;;;;;;;;;;;;;;1;;;;;;;;;;;;;;;;;;;;;;;;;;;;
OTROS AEG7535CO2;;;;;;;;;;;;;;;;;;1;1;1;;;;;;;;;;;;;;;;;;;;;;;;;;;;;
OTROS PLAYO 4 METROS 1 EJE;;;;;;;;;;;;;;;;;;;;;;;1;;;;1;;;1;;;;;;;;;;;;;;;;;;;
PATRONELLI ACV3E.;;;;;;;;;1;;;;;;;;;;;;;;;;;;;;;2;;;;;;;;;;;;;;;;;;;
PETINARI SEMIRREMOLQUE CARRETON;1;;;;;;;;;;;;1;;;;;;;;;;;;;;;;1;;;;;;;;;;;;;;;;;;;;
PINCEN RP 1E;;;;;;;;;;;;;;;;;;;;;;;;1;;;;;;;;;;2;;;;;;;;;;;;;;;
PINCEN SR1V 3E;;;;;;;;;;;;;;;;;;;;;;;;;;;;;;;;;;;;;;;;;;;;;3;;;;
PINCEN SR2V 3E;;;;;;;;;;;;;;;;;;;;;;;;;;;;;;;;;;;;;;;;;;;;;3;;;;
PORSCHE GT4;;;;1;;;;;;;;;;;;;;;;1;;;1;;;;;;;;;;;;;;;;;;;;;;;;;;
PUTZMEISTER BSA 1007D3A;;;;;;;;;;;;;;;;;;;;;;;;;;3;;;;;;;;;;;;;;;;;;;;;;;
R.A.G REAL ALFA GENUINA TK2ED;;;;;;;;;;;;;;;;;;;;2;;;;;;;;1;;;;;;;;;;;;;;;;;;;;;
RANDON SR-BS-CO-03-32;;;;;;;;;;;;;;;;;;;;;;;;;;;;;;;;;;;;;;;;;;;;;;;1;2;
REMOLQUES RECONQUISTA AC0107;;;;;;;;;1;;;;;;;;;;1;;;1;;;;;;;;;;;;;;;;;;;;;;;;;;;
REMOLQUES RECONQUISTA SE0108 - SEMIRREMOLQUE CURTAIN SIDER;;;;;;;;;;;;;;;;;;;;;;;;;;;;;;;;;1;;;1;;;;;;;1;;;;;;
REMOLQUES RECONQUISTA SE0408 - 3 EJES CURTAIN SIDER;;;;;;;;;;;;;;;;;;;;;;;;;;;;;;;;;;;;1;1;;1;;;;;;;;;;
RENAULT NUEVO SANDERO;;1;;;;;;;;;1;;;;;;;;;;;;;;;;;;;;;;;;;;;;;;;;;;;;;1;
RUBIOLO DRONE;;;;;;;;;;;;;;;;;;;;;;;;;;;;;;;;;;;;;;;;;;;;1;;1;1;;
RUBIOLO TA1010;;;;;;;;;;;;;;;;1;;;;;;;;;;;;1;;;;1;;;;;;;;;;;;;;;;;
SALTO ABV2E;;;;;;;;;;;;;;;;;;;;;;;;;;;2;;;;;;;1;;;;;;;;;;;;;;;
SALTO SCPT3E;;;;;;;;;;;;;;;;;;;;;;;;;;;;;;;;;;;;;;;3;;;;;;;;;;
SALTO SRCH3E;;;;;;;;;;;;;2;;1;;;;;;;;;;;;;;;;;;;;;;;;;;;;;;;;;;
SALTO SRCHT3;;;;;;;;;;;;;;;;;;;;;;;;;;;;;;1;;1;1;;;;;;;;;;;;;;;;
SALTO SRFA2E;;;;;1;;;1;;;;;;;;;;;;;;;;;;;;;;;;;1;;;;;;;;;;;;;;;;
SALTO SRPT3E;;;;;;;;;;;;;;;;;;3;;;;;;;;;;;;;;;;;;;;;;;;;;;;;;;
SANY SAC1300T;;;;;;;;;;;;;;;;;;;;;;;;;;;;;;;;;;;;;;;;;2;;;1;;;;;
SANY STC 1100 T7;;;;;;;;;;;;;;;;;;1;;;;;;;;;;;;;1;;;;;;;1;;;;;;;;;;;
SANY STC800;;;;;2;;;;;;;;1;;;;;;;;;;;;;;;;;;;;;;;;;;;;;;;;;;;;
SAYI TANQUE SE.TQ.02;;;;;;;;;;;;;1;;;2;;;;;;;;;;;;;;;;;;;;;;;;;;;;;;;;;
SCANIA P250;;1;;;;;1;;;;;;;;;;;;;;;;;;;;;;;;;;;;;;;1;;;;;;;;;;;
SCANIA/MARCOPOLO K360;;;;;;;;;;3;;;;;;;;;;;;;;;;;;;;;;;;;;;;;;;;;;;;;;;
SCHELL SEM504-CEA;;;;1;;;;;;;;;;;;;;1;;;;;;;;;;1;;;;;;;;;;;;;;;;;;;;;
SHINERAY M7;;;;;;;;;;;;;;;;;;;;;;;;;;;;;;;;;;;;;;;;;;;;;;;2;1;
SIN MARCA 5.80M LCM;;;;;;;;;;;;;;;;;;;;;;;;;;;1;;1;;;;;1;;;;;;;;;;;;;;;
SIN MARCA AL TRAILERS FOOD TRUCK;;;;;;;;;;;;;;;;;;;;;;;;;;;;;;;;;;;;;;1;;;;;;;;2;;;
SIN MARCA BATAN;;;;;;;;;;;;;;;;;;;;;;;;;;;;;;;;;;;;;;;;1;2;;;;;;;;
SIN MARCA CR240;;;;;;;;;;;;;;;;;;;;;;;;;;;;;;;;;2;;;;1;;;;;;;;;;;;
SIN MARCA CRO220450;;;;;;;;;;;;;;;;;;;;;;;;;;;;;;;;;;;;;;;;;1;;2;;;;;;
SIN MARCA MEDIA BARANDA 4M 1E;;;;;;;;;;;;;;;;;;;;;;;;;;;;;;;;;;;1;;;;;;;;2;;;;;;
SIN MARCA N TRAILER NAUTICO 6M 1E;;;;;;;;;;;;;;;;;;;;;;;;;;;;;;;;;1;2;;;;;;;;;;;;;;;
SIN MARCA TR 600;;;;;;;;;;;;;;;;;;;;;;;;;;;;;;1;;;;1;;;;1;;;;;;;;;;;
SIN MARCA TR240;;;;;;;;;;;;;;;;;;;;;;;;;;;;;1;;;;;;;;1;1;;;;;;;;;;;
SKYWELL BE11;;;;;;;;;;;;;;;;;;;;;;;;;;;;;;;;;;;;;2;;;;;;;;;;;1;
SOLA Y BRUSA BITREN PRIMERA ESPECIE 2ET BARANDA;;;;;;;;;;;;;;;;;;;;;;;;;;;;;;;;;;;;2;;;;;;1;;;;;;;
SOLA Y BRUSA BITREN SEGUNDA ESPECIE 2ET BARANDA;;;;;;;;;;;;;;;;;;;;;;;;;;;;;;;;;;;;2;;;;;;1;;;;;;;
SOLA Y BRUSA GANADERO 2 EJES;;;;;;;;;;;;;;;;;;;;;;;;1;;;;;;1;;;;;;;;;;1;;;;;;;;;
SOLA Y BRUSA PLAYO 2 EJES;;;;;;;;;;;;;;;;;;2;;;;;;;;;;;;;;;;;;;;;;;;1;;;;;;;
SOLA Y BRUSA PORTACONTENEDOR 3 EJES;;;;;;;;;;;;;;;;;;;;;;;;;;;;;;;;;;;;;;;;;;;;;;;;;3
SOLA Y BRUSA S 3 EJES - 1+1+1;;;;;;1;1;;;;;;;1;;;;;;;;;;;;;;;;;;;;;;;;;;;;;;;;;;;
SOLA Y BRUSA TODO PUERTAS 3 EJES-1 DESPLAZ.SUSP.NEUM.DIREC;;;;;;;;;;;;;;;;;;;;;;;;;;;;;1;;;;;1;;;;;1;;;;;;;;;;
STAHL AC 5400;1;;;;;;;;;;;;;;;;;;;;;;;;;;;;;;;;;;;;;;;;;;;;;;;2;
STRUPENI ACOPLADO 3 EJES (1+2);1;;;;1;;;;;;;;;;;;;;;;;;;;;;;;;;;;;;;;1;;;;;;;;;;;;
TAHNOS CHBL 3E;;;;;;1;;;;;;;;;;;;;1;;;;;;;;;;;;;;;1;;;;;;;;;;;;;;;
TAHNOS CHBL 3E CTG;;;;;;;;;;;;;;;2;1;;;;;;;;;;;;;;;;;;;;;;;;;;;;;;;;;
TAHNOS CHBL 4E TA;;;1;;;;;;;;;;;;;;;;;;;;;;;;;;;;;;;;;;;;;;;;;;;;1;1;
TORREGGIANI SC-110 A;;;;;;;;;;;;;;;;;;;;;;;;;;;;;;;;;;1;;;;;2;;;;;;;;;;
TOYOTA HILUX SW4;;;;;;;;;;;;;;;;;;;;;;;;;;;;;;;;;;;;;;;3;;;;;;;;;;
TRAIMAX TI 970;;;;;;2;;;;;1;;;;;;;;;;;;;;;;;;;;;;;;;;;;;;;;;;;;;;
VOLKSWAGEN 26.280;;;1;;1;;1;;;;;;;;;;;;;;;;;;;;;;;;;;;;;;;;;;;;;;;;;;
VULCANO CARRETON SEM (1+2 EJES) PC;;;;;;;;;;;;;;;;;;;;;;1;;1;1;;;;;;;;;;;;;;;;;;;;;;;;
XCMG QY100K;;;;;;;;;;;;;;;;;;;;;;;;;;;;;;;;;;;;;;;;;;3;;;;;;;
ZHONG TONG LCK6606EVG;;;;;;;;;;;;;;;;;;;;;;;;;;;;;;;;;;;;;;;;3;;;;;;;;;
ACOPLADOS CONESE PBAR BARANDAS VOLCABLES;;;;;;;;;;;;;;;;;;;;;;;;;;;;;;;;1;1;;;;;;;;;;;;;;;;
ACOPLANOA S-PL-3E;;;;;;1;;;;;;;;;;;1;;;;;;;;;;;;;;;;;;;;;;;;;;;;;;;;
AGRALE MA 10.0;;;;;;;;;;;;;;;;;;;;;;;;;;;;;;;;;;;;;;;;;;;2;;;;;;
AGRALE MARRUA;;;;;;;;;;;;;;;;;;;;;;;;;;;;;;;;;;;;;;;;;;;;;;;2;;
AHT ALZUARTE ACOPLADO MULTIUSO 2E;;;;;;;;;;;1;;;;;;;;;;;;;;;;;;;;;1;;;;;;;;;;;;;;;;;
AHT ALZUARTE JAULA GANADERA 2E;;;;;;;;;;;;;;;;;;;;;;;;;;;1;;;1;;;;;;;;;;;;;;;;;;;
AIELLO ACOPLADO;;;;;;;;;;;;;;;;;;;;;;;;;;;;;;;;;;;;;2;;;;;;;;;;;;
AIELLO SR-308 TOLVA;;;;;;;;;;;;;1;;;;;;;;;;;;;;1;;;;;;;;;;;;;;;;;;;;;;
ARCFOX T5;;;;;;;;;;;;;;;;;;;;;;;;;;;;;;;;;;;;;;;;;;;;;;;2;;
ASTIVIA A3-CARGA GENERAL-8;;;;;;;;1;;;;;;;;;;;;;;;;;;;;;;;;;;1;;;;;;;;;;;;;;;
ASTIVIA A3-TANQUE ALIMENTICIOS-8;;;;;;;;;;;;;;;;;;;;;;;;;;;;;;1;;;1;;;;;;;;;;;;;;;;
ASTIVIA A4-PLAYO CON FRENTE-9;;;;;;;;;;;1;;;;1;;;;;;;;;;;;;;;;;;;;;;;;;;;;;;;;;;
AST-PRA APHDCFH2 FURGON TERMICO 2 EJES;;;;;;;;;;1;;;;;;;;;;;1;;;;;;;;;;;;;;;;;;;;;;;;;;;;
BACO CH SR 2E VOLCADOR TRASERO;2;;;;;;;;;;;;;;;;;;;;;;;;;;;;;;;;;;;;;;;;;;;;;;;;
BAIC X65;;;;;1;;;;;;;;;;1;;;;;;;;;;;;;;;;;;;;;;;;;;;;;;;;;;
BMW 760I;;;;;;;;;;;;;;;;;;;;;;;;;;;;;;;;;;;;;;;;;;;;1;;;;;1
BONANO ACOPLADO JAULA GANADERA DE 2 EJES;;;;;;;1;;;;1;;;;;;;;;;;;;;;;;;;;;;;;;;;;;;;;;;;;;;
BONANO ACOPLADO PLAYO DE 3 EJES;;;;1;;;;;;;;;;;1;;;;;;;;;;;;;;;;;;;;;;;;;;;;;;;;;;
BONANO ACOPLADO TERMICO DE 2 EJES.;;;;;;;;;;;;;;;;;;;;;;;1;;;1;;;;;;;;;;;;;;;;;;;;;;;
BONANO ACOPLADO TODO PUERTAS DE 4 EJES;1;;;;;;;;;;;;;;;;;;;;;;;;;;;;;;;;;;;;;1;;;;;;;;;;;
BONANO BARANDA VOLCABLE DE 3 EJES;;;;;;;;;;;;;2;;;;;;;;;;;;;;;;;;;;;;;;;;;;;;;;;;;;
BONANO PORTA CONTENEDOR DE 1D+2D EJES;;;;;;;;;;;;;;;;;;;;1;;;;;;;;1;;;;;;;;;;;;;;;;;;;;;
BONANO SEMIRREMOLQUE BARANDA VOLCABLE 3D;;;;;;;;;;;;;;;;;;;;;;;;;;;;;;;;;;;;;;;;2;;;;;;;;;
BONANO SEMIRREMOLQUE BARANDA VOLCABLE DE 1D+1D;;;;;;;;;;;;;;;;;;;;;;;;;;;;;;;2;;;;;;;;;;;;;;;;;;
BONANO SEMIRREMOLQUE BARANDA VOLCABLE DE 2 EJES SEPARADOS;;;;;;;;;;;;2;;;;;;;;;;;;;;;;;;;;;;;;;;;;;;;;;;;;;
BONANO SEMIRREMOLQUE BARANDA VOLCABLE DE 2 EJES TANDEM.;;;;;;;1;;;;;;;;;;;;;;;;;;;;1;;;;;;;;;;;;;;;;;;;;;;
BONANO SEMIRREMOLQUE CARNICERO DE 2D;;;;;;;;;;;;;;;;;;;;;;;;;;;;;;;;;;;;;;1;;;;;;;;;1;;
BONANO SEMIRREMOLQUE CURTAIN SIDER DE 1+1+1 EJES MAYOR A;;;;;1;1;;;;;;;;;;;;;;;;;;;;;;;;;;;;;;;;;;;;;;;;;;;
BONANO SEMIRREMOLQUE PLAYO DE 2 EJES TANDEM + 1 EJE DIR;;;;;;;;;;;;;;;;;;1;;;1;;;;;;;;;;;;;;;;;;;;;;;;;;;;
BONANO SEMIRREMOLQUE PORTA CONTENEDOR DE 1D+2D<=45T;;;;;;;;;;;;;;;;;;;;;;;;;1;;;;;;;;;;;;;;;;;;;;;1;;;
BONANO SEMIRREMOLQUE VOLCADOR TRASERO 1D+2D EJES<=45T;;;;;;;;;;;;;;;;;;;;;;;;;;;1;;;;;1;;;;;;;;;;;;;;;;;
BULL TRAILER SR 46.7-1114;;;;;;;;;;;;;;;;;;;;;;;;;;;;;;;;;;;;;2;;;;;;;;;;;;
BULL TRAILER SR 55. T-FG;;;;;;;;;;;;;;;;;;;;;;;;1;1;;;;;;;;;;;;;;;;;;;;;;;;
BULL TRAILER SR46.3 - 1121;;;;;;;;1;;;1;;;;;;;;;;;;;;;;;;;;;;;;;;;;;;;;;;;;;;
CADILLAC ESCALADE;;;;;;;;;;;;;;;;;;;;;;;;;;;;;;;;;;;;;;;;;;;;;;;;2;
CARBALLIDO AC4EABS TODO PUERTA;;;;;;1;;;;;;;;;;;;;;;;;;;;;;;;;;;;;;;;;;;;;;;1;;;;
CARRETONES DANIEL BRITO CARRETON 3 EJES;;;;;;;;;;;;1;;;;;;;1;;;;;;;;;;;;;;;;;;;;;;;;;;;;;;
CARRETONES DANIEL BRITO DOLLY CURENA 24 NEUMATICOS;;;;;;;;;;;;;;;;;;;;;;1;;;;;;;;;;;1;;;;;;;;;;;;;;;;
CARROCERIAS APEZ ATENAS;;;;;;;;;;;;;;;;;;;;;;;;;;;;;;;;;;;1;;;;;;;;;;;;1;;
CARROCERIAS APEZ ESTAMBUL;;;;;;;;;;;;;;;;;;;;;;;;;;;;1;;;;;;;1;;;;;;;;;;;;;;
CARROCERIAS APEZ SEMIRREMOLQUE PLAYO 1+2;;;1;;;;;;;;;;;;;;;;;1;;;;;;;;;;;;;;;;;;;;;;;;;;;;;
CHERY TIGGO 3;;;;;1;;;;;;;;;;;;;;1;;;;;;;;;;;;;;;;;;;;;;;;;;;;;;
COACHMEN CLIPPER CADET 16CFB;;;;;;;;;;;;;;;;;1;;;;;;;;;;;;;;;;;;;;;;;1;;;;;;;;;
COMAR CARRETON S20CR;;;;;;;;;;;;;;1;;;;;;;;;;;;;;;;;1;;;;;;;;;;;;;;;;;;
COMAR CARRETON SH-32T;;;;;;;;;;;;;;;;;;;1;;;;;;;;;;;;;;;;;;;;;;;;;;;;1;;
COMAR DOLLY SD-8;;;;;;;;;;1;;;;;1;;;;;;;;;;;;;;;;;;;;;;;;;;;;;;;;;;
CORMETAL SCXB20;;1;;;;;;;;;;;;;;;;;;;;;;1;;;;;;;;;;;;;;;;;;;;;;;;;
CORMETAL SEMI 3 ETN PLAYO SPXN30;;;;;;;;;;;;;;;;;;;;;;;;;;;;;;;;;1;1;;;;;;;;;;;;;;;
CORMETAL SPXB20-SEMI PLAYO 2 EJES 7.00-14.49 MTS;;;;;;;;;;;;;;;;;;;;;;;;;;;;;;;;;;;;;;1;;;;;;;;;1;;
CORMETAL SPXB30;;;;;;;;;;;;;;;;;;;;;;;;;;;;;;;;;;;;;;2;;;;;;;;;;;
CORMETAL SPXN31;;;;;;;;;;;;;1;;;1;;;;;;;;;;;;;;;;;;;;;;;;;;;;;;;;;
CORMETAL SVXN31;;;;;;;;;;;;;;;;;;;;;;;;;;;;;;;;;;;;;;;;;;;2;;;;;;
CRESCENTE PUERTAS LIBRO APL 221-CU-603;;;;;;1;;;;;;;;;;;;;;;;;;;1;;;;;;;;;;;;;;;;;;;;;;;;
DAWI ACOPLADO DOS EJES TP FURGON SIDER;;;;;;;;;;;;;;;;;;;;;;;;;1;;;;;;;;;;;;;;;1;;;;;;;;;
DAWI REMOLQUE LANZA RIGIDA (2 EJES EN TANDEM) SIDER;;;;;;;;;;;1;;;;;;;;;;;;;;;;;;;;;;1;;;;;;;;;;;;;;;;
DFSK EC31;;;;;;;;;;;;;;;;;;;;;;;;;;;;;;;;;;;1;;;;;;;;1;;;;;;
DM TRAILERS GE 02;;;;;;;;;;;;;;;;;;;;;;;;;;;;;;;;;;2;;;;;;;;;;;;;;;
DON NATALIO S.R.L. AC4E-VBL;;;;;;;;;;;;;;;;;;;;;;;;;;;;;;;;;;;;;;;;;;;1;;;;1;;
DONGFENG CAPTAIN V 312;;;;;;;;;;;;;;;;;;;;;;;;;;;;;;;;;;;;;;;;;;;;;;1;;1;
DONGFENG DFL1160BX1V;;;;;;;;;;;;;;;;;;;;;;;1;1;;;;;;;;;;;;;;;;;;;;;;;;;
DRAGON PRODUCTS XHB91054N3;;;;;;;;;;;;;;;;;;;;;;;;;;;;;;;;;;;;;;;;1;1;;;;;;;;
DULEVO 850 MINI;;;;;;;;;;;;;;;;;;;;;;;;;;;;;;;;;;;;;;;;;;;2;;;;;;
EL FIERRO SEMIRREMOLQUE BATEA PARA CARGA GENERAL BAP 40 3E;;;;;;;;;;;;;;;;;;;2;;;;;;;;;;;;;;;;;;;;;;;;;;;;;;
EMIKEL PBARBUS 550 ACOPLADO 2 EJES;;;;;;;;;;;;1;;;;;;;;;;;;;;;;;;;;;;1;;;;;;;;;;;;;;;
F.H. A.B.V.M.411.4.E.;;;;;;;;;;;;;;;;;1;;;;;;;;;;;;;;;;;;;;;;;;;;;;;1;;;
F.H. A.V.2.P.411.4.E;;;;;;;;;;;;;1;;;1;;;;;;;;;;;;;;;;;;;;;;;;;;;;;;;;;
F.H. S.P.V.B.E.411 S.R.T;;;;1;;;1;;;;;;;;;;;;;;;;;;;;;;;;;;;;;;;;;;;;;;;;;;
FAYMONVILLE MULTIMAX;;;;;;;;;;;;;;;;;;;;;;;;;;;;;;;;;;;;;;;;;;2;;;;;;;
FERBUS KAISEN CR 380 1E;;;;1;;;;1;;;;;;;;;;;;;;;;;;;;;;;;;;;;;;;;;;;;;;;;;
FERBUS KAISEN CR 480 1E;;;;;;1;;;;1;;;;;;;;;;;;;;;;;;;;;;;;;;;;;;;;;;;;;;;
FERBUS KAISEN KAISEN 300;;;;;;;;1;;;;;;;;;;;;;;;;;;;;;;;;;;;;1;;;;;;;;;;;;;
FERBUS KAISEN KAISEN 450 ACOPLADO 2E;;;;;;;;;1;;;;;;;;;;;;;;;;;;;;;;;;;;;;;;;;;;;1;;;;;
FERRARI F8;;;;;;;;;;;;;;;;;;;;;;;;;;;;;;;2;;;;;;;;;;;;;;;;;;
FORD FIESTA;;1;;1;;;;;;;;;;;;;;;;;;;;;;;;;;;;;;;;;;;;;;;;;;;;;
FUR-TAN ACOPLADO 3 EJES 1 CISTERNA CILINDRICO REVESTIDO;;;;;;;;;;;;;;;;;;;;;;;1;;;;;;;;;;;;;;1;;;;;;;;;;;;
FUR-TAN SEMI TOLVA 2 EJES 1 CIST.INOX.NOPELG.CONIC.S-REV55;;;;;;;;;;;;;;;;;;;;;;;1;;;;;;;;;;1;;;;;;;;;;;;;;;;
FUR-TAN SEMI TOLVA 3 EJES 1CIST.ACARB.CONI S-REVES 50000L;;;;;;;;;;;;;1;;;;;;;1;;;;;;;;;;;;;;;;;;;;;;;;;;;;;
FUR-TAN SEMI TOLVA 3 EJES 2 CIST.A.CARB.CON.PINT.36000L;;;;1;;;;1;;;;;;;;;;;;;;;;;;;;;;;;;;;;;;;;;;;;;;;;;
GENLYON HJ5313GJB;;;;;;;;;;;;;;;;;;;;;;;;;;;;2;;;;;;;;;;;;;;;;;;;;;
GOMATRO ACOPLADO 2 EJES (1+1) PLAYO;;;;;;;;;;;;1;;;;;;;1;;;;;;;;;;;;;;;;;;;;;;;;;;;;;;
GOMATRO ACOPLADO 3 EJES JAULA GANADERA;;;;;;;;;;;;;;;;;;;;;;;;;;;;;;;;;;;;;;;;;1;;;;;1;;;
GOMATRO SEMIRREMOLQUE 3 EJES (1+2) CURTAIN SIDER;;;1;;;;;;;;;;;;1;;;;;;;;;;;;;;;;;;;;;;;;;;;;;;;;;;
GOMATRO SEMIRREMOLQUE 3 EJES (1+2) PLAYO;;;;;;;;;;;;;;;;;1;;;;;;;;;;;;;;;;;1;;;;;;;;;;;;;;;
GOMATRO SEMIRREMOLQUE 3 EJES (1+2) VOLCADOR TRASERO;;;;;;;;;;;;;;;;;;;;;;;;;;;;;;;1;;1;;;;;;;;;;;;;;;;
GOTITAS RODANTES GR MEDIA BARANDA;;;;;;;;2;;;;;;;;;;;;;;;;;;;;;;;;;;;;;;;;;;;;;;;;;
GROSS CEREALERO 9.30 MTS (D2-D2);;;;;;;;;1;;;;;;;;;;;;;;;;;;;;;;;;;;;;;;;;;;1;;;;;;
GROSS CURTAIN SIDER TECHO MET. Y LONA CORREDIZA 9.30 MTS;;;;;;;;;;;;;;;;;;;;;;;;;;;1;;;;;1;;;;;;;;;;;;;;;;;
GROSS PLAYO 10.30 MTS (D2-D2);;;;;;;;;;;1;;;;;;;;;;;;;;;;;1;;;;;;;;;;;;;;;;;;;;;
GROVE OTROS;;;;;;;;;;;;;;;;;;;;;;;;;;;;;;;;;;;;;;;;;;2;;;;;;;
H.C.MANCINI CARRETON SVM 35 T;;;;;;;;;;;;;;;;;;;;;;;;;;;;;;;;;;1;;;;;1;;;;;;;;;;
H.C.MANCINI SVM 15B;;;;;;;;;;;;;1;1;;;;;;;;;;;;;;;;;;;;;;;;;;;;;;;;;;;
H.C.MANCINI SVM-15A;;;;;;;1;;;;;;;;;;;;;;;;;;;;;;;;;;;;;;;;;;;;;;;;;1;
H.C.MANCINI SVM-50T;;;;;;;;;;;;;;;;;;;;;;;;;1;;;;;;;;;;;;;;;;;;;;;;;1;
HEIL ROAD KING 2E 25.000 LTS HCAM;;;;;;1;;;;;;;;1;;;;;;;;;;;;;;;;;;;;;;;;;;;;;;;;;;;
HELVETICA SR 2E T BV;;;;;;;;1;;;;;;;;;;;;;;;;;;;;;1;;;;;;;;;;;;;;;;;;;;
HELVETICA SR 2E T SD;;;;;;;1;;;;;;;;;;;;;;;;;1;;;;;;;;;;;;;;;;;;;;;;;;;
HELVETICA SR 3E 1+2 AR;;;;;;;;;;;;;;;;;;;;;;;;;;;;;;;;;;;;;;;;;;;;;;;;2;
HELVETICA SR 3E T MP;;1;;;;;;;;;;;;1;;;;;;;;;;;;;;;;;;;;;;;;;;;;;;;;;;;
HELVETICA SR 3E T VO;;;;;;;1;;;;;;;;;;;;;;;;;;;;;;;;;;;;;;;;;1;;;;;;;;;
HERMANN BARANDA VOLCABLE S.BV.1E.55;;;;;;;;;;;1;;;;;;;;;;;;;;;;;;;;;;;;1;;;;;;;;;;;;;;
HERMANN MIXTO A.MI.4E.15;;;;;;;;;1;1;;;;;;;;;;;;;;;;;;;;;;;;;;;;;;;;;;;;;;;
HERMANN PORTA CONTENEDOR S.PC.2E.54;;;;1;;;;;;;;;;;;;;;;;;;1;;;;;;;;;;;;;;;;;;;;;;;;;;
HERMANN TOLVA S.TC.3E.74 D;;;;;;;2;;;;;;;;;;;;;;;;;;;;;;;;;;;;;;;;;;;;;;;;;;
HYUNDAI H-1;;;1;;;;;;;;;;;;;;;;;;;;;;;;;;;1;;;;;;;;;;;;;;;;;;;
IDERO SEMI CARGA CONV. 3E 3D S3-FP;;;;;;;;;;;;;;;;;;;;;;;;;;;;;;;;;;2;;;;;;;;;;;;;;;
INDU METAL TRAILERS AEP3510CO3;;;;;;;;;;;;;;;;;;;;;;;;;;;;;;;;;;;;;1;;;;;;;;;;;1;
INDU METAL TRAILERS BE750;;;;;;;;;;;;;;;;;;;;;;;;;;;;;;;;;;;;;;1;1;;;;;;;;;;
IRON XCMG;;;;;;;;;;1;;;;;;;1;;;;;;;;;;;;;;;;;;;;;;;;;;;;;;;;
ISUZU ELF;1;;;;;;;;;;;;;;;;;;;;;;;;;;;;;;;;;;;;;1;;;;;;;;;;;
ISUZU XDR TRUCK;;;;;;;;;;;;;;;;;;;;;;;;;;;;;;;;;;;1;;;;;;1;;;;;;;;
IVECO EUROCARGO;;;;;;;;;;;;;;;;;;;;;;;;;;;;;;;;;;;;;1;1;;;;;;;;;;;
IVECO TECTOR 170 E;;;;2;;;;;;;;;;;;;;;;;;;;;;;;;;;;;;;;;;;;;;;;;;;;;
KENWORTH T880;;;;;;;;;;;;;;;;;;;;;;;;;;;;;;;;1;;1;;;;;;;;;;;;;;;
KIA NIRO;;;;;;;;;;;;;;;;;;;;;;;;;2;;;;;;;;;;;;;;;;;;;;;;;;
LAMBERT A2TP;;;;;;;;;;;;;;;;;;;;;;;;;;;;;;;;;;;;;;;;;;;;1;;1;;;
LAMBERT A4JA;;;;;;;;;;;;;;;;;;;;;;;;;;;;;;;;;;;;;;;;1;1;;;;;;;;
LAMBERT S111BVT;;;;;;;;;;;1;;;;;;;;;;;;1;;;;;;;;;;;;;;;;;;;;;;;;;;
LAMBERT S2BV;;;;;;;;;;1;;;;;;;;;;;;;;;;;1;;;;;;;;;;;;;;;;;;;;;;
LAMBERT S2CS;;;;;;;;;;;;;;1;;;;;;;;;;;;;1;;;;;;;;;;;;;;;;;;;;;;
LAMBERT S2PA;;;;;;;;;;;;;;;;;;;;;;;1;;;;;;;;;;;;;;1;;;;;;;;;;;;
LAND ROVER RANGE ROVER;;;;;;;;;;;;;;;;;;;;;;;;;1;;;;;;;;;;;;;;;;;;;1;;;;;
LEO-COR LC-BG-DR-3E;;;;;;;;;;;;;;;;;;;;;;;;;;1;1;;;;;;;;;;;;;;;;;;;;;;
LEO-COR L-SE-16;;;;;1;;;;;;;;;;;;;;1;;;;;;;;;;;;;;;;;;;;;;;;;;;;;;
LEO-COR L-SM-23;;;;;;;;1;;;;;;;;;;;;;;;;;1;;;;;;;;;;;;;;;;;;;;;;;;
LEO-COR SE - 32D CARRETON;;;;;;;;;;;;;1;;;;;;1;;;;;;;;;;;;;;;;;;;;;;;;;;;;;;
LEXUS LS;1;;;;;;;1;;;;;;;;;;;;;;;;;;;;;;;;;;;;;;;;;;;;;;;;;
LIEBHERR LTM;;;;;;;;;;;;;;;;;;;;;;;;;;;;;;;;;;;;;;;1;;;1;;;;;;;
LIFAN MYWAY;;;1;;;;;;;;;;;;;;;;;;;;;;;1;;;;;;;;;;;;;;;;;;;;;;;
LOMAS CAMPING CR350S;;;;;;;;;;;;;;;;;;;;;;;;;;;;;;;;;;;;;;;;;;1;;;;1;;;
LOMAS CAMPING TG450S;;;;;;;;;;;;;;;;;;;;;;;;;;;;;;;;;;;;;;;;;;;1;;;;1;;
M Y M TRAILERS CALIFORNIA 64 OFFICE TRUCK 2E;;;;;;;;;;;;;;;;;;;;;;;;;;;;;;;;;;;;;;;;;;;;;;1;;1;
M Y M TRAILERS CALIFORNIA 76 SANITARIO 2E;;;;;;;;;;;;;;;;;;;;;;;;;;;;;;;;;;;2;;;;;;;;;;;;;;
MACK GU 813;;;;;;;;;;;;;;;;;;;;;;;;;;;;;;;;;;;;;;;;;;2;;;;;;;
MACTRAIL T8 18-8-M;;;;;;;;;;;1;;;;;;;;;;;;;;;1;;;;;;;;;;;;;;;;;;;;;;;
MACTRAIL TU 14-5-R;;;;;;;;;1;;1;;;;;;;;;;;;;;;;;;;;;;;;;;;;;;;;;;;;;;
MALDONADO SEMIRREMOLQUE 2 EJES;;;;;;;;;;;;;;;;;;;;1;;;;;;;;;;;;;;;;;;;;;1;;;;;;;;
MAN TGS;;;;;1;;;;;;;;;;;;;;;;;;;;;;;;;;;;;;;;;;;1;;;;;;;;;
MARCELINI AC16ND;;;;;;;;;1;;;;;;;;;;;;;;;;;;;;1;;;;;;;;;;;;;;;;;;;;
MARCELINI CC16NPP;;;;;;;;;;;;;;;;;;;;;;;;;;1;;;;;;;;;;;;;;;;;;;;1;;;
MARCELINI SR8NP;;;;;;;;;;;;;;;;;;;;;;;;;;;;;;;;;;;;;;;;;;;2;;;;;;
MARCELINI SRC12N2EA;;;;;;;;;;;1;;;;;;;;;;;;;;;;;;;;;;;;;1;;;;;;;;;;;;;
MARCELINI SRC40NTA;;;1;;;;;;;;;;;;;;;;;;;;;;;;;;;;;;;;;;;;;;;;1;;;;;;
MARCELINI SRC8NF;;1;;;1;;;;;;;;;;;;;;;;;;;;;;;;;;;;;;;;;;;;;;;;;;;;
MERCEDES BENZ ACTROS 1836;;;;;;;;;;;;;;;;;;;;;;;;;;;;;;;;;;;;;;;;;;1;;;1;;;;
MERCEDES BENZ AMG SL 63;;;;;;;;;;;;;;;;;;;;;;;;;;;;;;;;;;;;;1;;;1;;;;;;;;;
MERCEDES BENZ AROCS 3351;;;;;;;;;;;;;;;;;;;;;1;;;;;;;;;;;;;;;;;;;;;;;;1;;;;
MERCEDES BENZ C63;1;1;;;;;;;;;;;;;;;;;;;;;;;;;;;;;;;;;;;;;;;;;;;;;;;
METAGRO 2D-2E-CG;;;;;;;;;;;;;;;;;;;;;;;;;;;;;;;;;;;;;;;;;;;;;;2;;;
METAGRO S-1+2 - TANQUE 30;;;;;;;;;2;;;;;;;;;;;;;;;;;;;;;;;;;;;;;;;;;;;;;;;;
METAGRO S-1+2 - TANQUE 35;;;;;;;;;;;;;;;;;;;;;1;;1;;;;;;;;;;;;;;;;;;;;;;;;;;
METALURGICA ALEM S3T BARANDAS VOLCABLE;;;;;;;;;;;;;;;;;;;;;;;;;;;;;;;;;;;;;;;;;;;1;;;1;;;
METALURGICA ALEM S4E PLAYO;;;;;;;;;;;;;;;;;;;;;;;;;;;;;;;;;;;;;;;;;;;;1;;;;1;
METALURGICA BELGRANO SEMIRREMOLQUE 1+1 EJES TANQUE DEPRIMIDO - K;;;;;;;;;;;;;;;;;;;;;;;;;;;;;;2;;;;;;;;;;;;;;;;;;;
METALURGICA BELGRANO SEMIRREMOLQUE 1+2 EJES - 45 TN;;;;;;;;;;;;;;;;;;;;;;;;;;;;;;;;;;;;;;;;;;;1;;;;;1;
METALURGICA BELGRANO SEMIRREMOLQUE TANQUE 1+1 EJES FRENO TAMBOR;;;;;;;;;;;;1;;;;;;;;;;;;;;;1;;;;;;;;;;;;;;;;;;;;;;
METALURGICA HERRERA MHABM3;1;;;;;;;;1;;;;;;;;;;;;;;;;;;;;;;;;;;;;;;;;;;;;;;;;
MILEI SRT-1;;;;;;;;;;;;;;;;1;;;;;;;;;;;;;;;;;;;;1;;;;;;;;;;;;;
MILEI SRT-3 TANDEM DUAL;;1;;;1;;;;;;;;;;;;;;;;;;;;;;;;;;;;;;;;;;;;;;;;;;;;
MM-MARTIN AVDF-A3- TOLVA;1;;;;;;;;;;;;;;;;;;;;;;;;;;;;;;;;;;;;;;;;;;;;;;1;;
MM-MARTIN S-BV-3E;;;;;;;;;;;;;;;;;;;;;;;;;;;;;;;;1;;;;;;;1;;;;;;;;;;
MM-MARTIN S-JGPS;;;;;;;;;;;;;;;;;;;;;;;;;;;;;;;;;;;;;;;;;;;;1;1;;;;
MONTENEGRO SEMIRREMOLQUE CARRETON 2 EJES;;;;;;;;;;;;;;;;;;1;;;;;;;;;;;;;;1;;;;;;;;;;;;;;;;;
MONTENEGRO SEMIRREMOLQUE CURTAIN SIDER 1+1+1 EJES;;;;;;1;;;;;;;;;;;;;;;;;;;;;;;;;;;;;;;;;;;;;;;;;1;;
MONTENEGRO SEMIRREMOLQUE JAULA GANADERA 1+2 EJES;;;;;;;;;;;;;;;;;;;;;;;;;;;;;;;;;;;;;;;1;;1;;;;;;;;
MONTENEGRO SEMIRREMOLQUE PORTA CONTENEDOR 2 EJES;;;;;;;;;;;;;;;;;;;;;;;;;;;;;;;;;;;;;;;;;;2;;;;;;;
MONTESUR AP3;;;;;;;;;;;;1;;;;;;;;;;;;;;;;;;;;;;;;;;;;;;1;;;;;;;
MONTESUR SP2;;;;;;;;;;;;;;1;;;;;;;;;;;;;;1;;;;;;;;;;;;;;;;;;;;;
MONTESUR SVT2;;;;;;;;;;;1;;;;;;;;;;;;;;;;;;;;;;;;;;;1;;;;;;;;;;;
NAVATUC NT ACOPLADO CAÑERO DE 2 EJES;2;;;;;;;;;;;;;;;;;;;;;;;;;;;;;;;;;;;;;;;;;;;;;;;;
NAVATUC NT ACOPLADO CARGA GENERAL DE 4 EJES;;;;;;;;;;;;;;;;;;;;;;;;;;;;;;;;;2;;;;;;;;;;;;;;;;
NAVATUC NT ACOPLADO VOLCADOR BILATERAL DE 3 EJES;;1;;;;;;1;;;;;;;;;;;;;;;;;;;;;;;;;;;;;;;;;;;;;;;;;
NAVATUC NT SEMIRREMOLQUE PLAYO DE 1 EJE;;;;;;;;;;;;;;;;;;2;;;;;;;;;;;;;;;;;;;;;;;;;;;;;;;
NIÑO JESUS DE PRAGA SA1E;;;;;;;;;;;;;;;;;;;;;;;;;;;;;;;1;;;;1;;;;;;;;;;;;;;
NIÑO JESUS DE PRAGA SCD3LECD CARRETON;;;;;;;;;;;;;;;;;;;;;;;;;;;;;;;;;;1;;;;;1;;;;;;;;;;
NIÑO JESUS DE PRAGA SCD4ETCD CARRETON;;;;;;;;;;;;;;;;;;;;;;;;;1;;;;1;;;;;;;;;;;;;;;;;;;;
NIÑO JESUS DE PRAGA SRP3EB;;;;;;;;;1;;;;;;;;;;;;;;;;;;;;;;;;;;;;;;;;;;1;;;;;;
NISSAN MARCH;;;;;;;;;1;1;;;;;;;;;;;;;;;;;;;;;;;;;;;;;;;;;;;;;;;
OIL TRAILERS SEMI HABITACIONAL 2 EJES;;;;;;;;;;;;;;;;;;;;;;;;2;;;;;;;;;;;;;;;;;;;;;;;;;
OIL TRAILERS VIAL TH;;;;;;;;;;;;;;;;;;;;;;;;;;;;;;;;;;;1;;;;;;;;1;;;;;;
OMBU SBIDPL2E;;;;;;;;;;;;;;;;;1;;;;;;;;;;;;;;;;;;;;;;;;1;;;;;;;;
OMBU SBIDTC3E;;;;;1;;;;;;;;;;;1;;;;;;;;;;;;;;;;;;;;;;;;;;;;;;;;;
OMBU SBITPL2E;;;;;;;;;;;;;;;;;1;;;;;;;;;;;;;;;;;;;;;;;;1;;;;;;;;
OMBU SBITTC3E;;;;;1;;;;;;;;;;;1;;;;;;;;;;;;;;;;;;;;;;;;;;;;;;;;;
OMBU SBVT2E;;;;;;;;;;;;;;;;;;;;;;;;;;;;;;;;2;;;;;;;;;;;;;;;;;
OMBU SCS1E9500;;;;;;;;;;;;;;;;;;;;;;;;;;;;;;;;;;;;;;;;2;;;;;;;;;
OMBU SP3E2+11340;;1;;;;;;;;;;;;;;;;;;1;;;;;;;;;;;;;;;;;;;;;;;;;;;;;
OTROS AEP3510CO3;;;;;;;;;;;;;;;;;1;;;;;1;;;;;;;;;;;;;;;;;;;;;;;;;;;
OTROS SE 3500;;;;;;;;;;;;;;;;;;1;;1;;;;;;;;;;;;;;;;;;;;;;;;;;;;;
OTROS SE 5001;;;;;;;;;;;;;;;1;1;;;;;;;;;;;;;;;;;;;;;;;;;;;;;;;;;
PATRONELLI SEMV2E;;;;;;;;;;;;;;;;;;;;;;;;;;;;;;;;;;;;2;;;;;;;;;;;;;
PETINARI ACOPLADO VOLCADOR 3 EJES;;;;;;1;;;;;;;;;;;;;;;;;;;;;;;1;;;;;;;;;;;;;;;;;;;;
PINCEN ACG 2E;;;;;;;;;;;;;;;;;;;2;;;;;;;;;;;;;;;;;;;;;;;;;;;;;;
PINCEN ACS 9,4 3E;;;;;;;;;;;;;;;;;;;;;;;;;;;;;;;;;;;;;;;;;;1;;;;1;;;
PINCEN RP 1+1+1E;;1;;;;;;;;;;;;;1;;;;;;;;;;;;;;;;;;;;;;;;;;;;;;;;;;
PINCEN RP 2+1E;;;;;;;;1;;;;;;;;;;;;;;;1;;;;;;;;;;;;;;;;;;;;;;;;;;
PINCEN RPM 2E;;;;;;2;;;;;;;;;;;;;;;;;;;;;;;;;;;;;;;;;;;;;;;;;;;
PINCEN SFPM 3E;;;;;;;;;;;;;;;;;;;;;;;;;1;;;;;;;;;;;;;;;;;;;;;1;;;
PINCEN SR1S 3E;;;2;;;;;;;;;;;;;;;;;;;;;;;;;;;;;;;;;;;;;;;;;;;;;;
PINCEN SR2S 3E;;;;2;;;;;;;;;;;;;;;;;;;;;;;;;;;;;;;;;;;;;;;;;;;;;
PORSCHE PANAMERA;;;;;;;;;;;;;;;;;;;;;;;;;;;;;;1;;;;;;;;;1;;;;;;;;;;
PORSCHE TAYCAN;;;;;;;;;;;;;;;;;;;;1;;;;;;;;;;;;;;;;;1;;;;;;;;;;;;
QME SR.TO-1;;;;;;;;;;;;;;;;;;;;;;;;;;;;;;;;;;;;;;;;;;;;1;1;;;;
QME SR.TO-2. SEMI REMOLQUE. 2 EJES. TOLVA;;;1;;;;;;;;;;;;;;;;;;;1;;;;;;;;;;;;;;;;;;;;;;;;;;;
RANDON SR.CT.03;;;;2;;;;;;;;;;;;;;;;;;;;;;;;;;;;;;;;;;;;;;;;;;;;;
RAUDA DISCOLO JM;;;;;;;;;;;;;;;;;;;;;;;;;;;;;;;;;;;;;;;;;;;2;;;;;;
REMOCAR SEMIRREMOLQUE 2 EJES;;;;;;;;;;;;;;;;;;;;;;;;;;;;;;;;;;;;;;;;1;;;1;;;;;;
REMOLQUES RECONQUISTA AC0102;;;;;;;;;;;;;;;;;1;;;;;;;;;;;;;;;1;;;;;;;;;;;;;;;;;
REMOLQUES RECONQUISTA AC0102- 3 BARANDA VOLCABLE;;;;;;;;;;;;;;;;;;;;;;;;;;;;;;;;;;;;;;;;;1;1;;;;;;;
REMOLQUES RECONQUISTA AC0106;;;1;;;;;;;;;;;;;;;;;;;;;;;;;1;;;;;;;;;;;;;;;;;;;;;
REMOLQUES RECONQUISTA AC0206-ACOP 2 E GANADERO;;;;;;;;;;;;;;;;;;;;;;;;;;;;;;;;;;;;;;;;;;;1;;;;;1;
REMOLQUES RECONQUISTA AC0306- ACOP 4 E GANADERO;;;1;;;;;;;;;;;;;;;;;;;;;;;;;;;;;;;;;;;;;;;;;;;1;;;
REMOLQUES RECONQUISTA SE0103;;;;;;;;;;2;;;;;;;;;;;;;;;;;;;;;;;;;;;;;;;;;;;;;;;
REMOLQUES RECONQUISTA SE0209- SEMIRREMOLQUE 2 EJES FURGON;;;;;;;;;;1;;;;;;;;;;;;;;;;;;;;;;;;;;;;;;;;;;;1;;;;
RHAPSODY CAMPS-CRACP-1E;;;;;;;;;;;;;;;;;;;;;;;1;1;;;;;;;;;;;;;;;;;;;;;;;;;
RHENOSTRONG LJN9701TDP;;;;;;;;;;;;;;;;;;;;;;;;;;;;;;;;;;;;;;;;;;;;;;;;2;
ROLLIGON MT-1142HR;;;;;;;;;;;;;;;;;;;;;;;;;;;;;;;;;2;;;;;;;;;;;;;;;;
RUBIOLO BATAN CISTERNA (CI1001);;;;;;;;;;;;;;;;;;;;;;;;;;;1;;;;;;;;;;;;;1;;;;;;;;;
RUBIOLO PLAYO CARGA GENERAL (PL 1008);;;;;;;;;;;;;;;;;;;;;;;;;;;;;;;1;;;;;;;1;;;;;;;;;;;
RUBIOLO PLAYO CARGA GENERAL (PL1009);;;;;;;;;;;;;;;;;;;;;;;;;;;;;;;;;;;;;;;;;;;;;1;1;;;
RUBIOLO PLAYO CARGA GENERAL (PL1012);;;;;;;;;;;;;;;;;;;;;;;;;;;;1;;;;;;1;;;;;;;;;;;;;;;
RUBIOLO PLAYO MULTIUSO (PL 1027);;;;;;;;;;;;;;;;;;;;;;;;;;;;;;;;;;;;;;;;;;;;2;;;;;
SALTO ACBV3E;;;;;;;;;;;;;1;;;1;;;;;;;;;;;;;;;;;;;;;;;;;;;;;;;;;
SALTO ACG 3 E;;;;;;;;;;;;;;;;;;;;;;;;;;;;;;;;;1;;;;;;;;1;;;;;;;;
SALTO ACG2E;;;;;;;;;;;;;;;;;;;;;;;;;;;;1;;;;;;;;;;;;;;;;;;;1;;
SALTO ACH2E;;;;;;;;;;;;;;;;;;;;;;;;;;;;;;;;2;;;;;;;;;;;;;;;;;
SALTO BIDBVT3E;;;;;;;;;;;;;;;;;;;1;;;;;;;;;;;;;;;;;;;;;;;;;;;;;1;
SALTO BITBVT3E;;;;;;;;;;;;;;;;;;;1;;;;;;;;;;;;;;;;;;;;;;;;;;;;;1;
SALTO SBTFA3E;;;1;;;1;;;;;;;;;;;;;;;;;;;;;;;;;;;;;;;;;;;;;;;;;;;
SALTO SCFAT3E;;;;;;;;;;;;;;;;;;;;;;;;;;;;;;;;;;;;;;;;;2;;;;;;;;
SALTO SRBT3E;;;2;;;;;;;;;;;;;;;;;;;;;;;;;;;;;;;;;;;;;;;;;;;;;;
SALTO SRCHM3;;;;;;;;;;;;;;;;;;;;;;;;;1;;1;;;;;;;;;;;;;;;;;;;;;;
SALTO SRP2E;;;;;;;;;;;;;1;;;1;;;;;;;;;;;;;;;;;;;;;;;;;;;;;;;;;
SATURNI BARANDA VOLCABLE EES;;;;;;;;;;;;1;;;;;;;;;;;;;;;;;;;;;;;;;;1;;;;;;;;;;;
SATURNI CARGA GENERAL 4EA;;;;;;;;;2;;;;;;;;;;;;;;;;;;;;;;;;;;;;;;;;;;;;;;;;
SATURNI JAULA GANADERA DOBLE PISO 3ES;;;;;;;;;;;;;;;;;;;;;;;;;;;1;;;1;;;;;;;;;;;;;;;;;;;
SATURNI JAULA GANADERA EES;;;;;;;;;;;;;;;;;;;;2;;;;;;;;;;;;;;;;;;;;;;;;;;;;;
SATURNI PLAYO 3ES;;;;;;;;;;;;;;;;;;;;;;;;;;;;2;;;;;;;;;;;;;;;;;;;;;
SATURNI VOLCADOR BILATERAL 4EA;;;;;;;;;;;;;;;;;;;;;;;;;;;;;;;2;;;;;;;;;;;;;;;;;;
SAYI SEMIRREMOLQUE SE.PT.02;;1;;;;;;;;;;;;;;;;;;;;;;;;;;;;;;;;;1;;;;;;;;;;;;;;
SCANIA G340;;;;;;;;;;1;;;1;;;;;;;;;;;;;;;;;;;;;;;;;;;;;;;;;;;;
SCANIA/BUSSCAR K450C;;;;;;;;;;;;;;;;;;;;;;;;;;;;;;;;;;;;;;;;;;;;;1;;;;1
SCANIA/MARCOPOLO K310;;;;1;;;;;;1;;;;;;;;;;;;;;;;;;;;;;;;;;;;;;;;;;;;;;;
SIN MARCA AC400;;;;;;;;;;;;;;;;;;;;;;;;;;;;;;;;;;;;;;;;;;;;;;;;2;
SIN MARCA ACP 02;;;;;;;;;;;;;;;;;;;;;;;;;;;;;;;;;;;;;;;;;1;;;;1;;;;
SIN MARCA AL TRAILERS NAUTICO;;;;;;;;;;;;;;;;;;;;;;;;;;;;;;;;;;;1;;;1;;;;;;;;;;;
SIN MARCA AV-BATAN;;;;;;;;;;;;;;;;;;;;;;;;;;;;;;;;;;;;;;;;;;;;;;;;2;
SIN MARCA CR440;;;;;;;;;;;;;;;;;;;;;;;;;;;;;;;;;;;;;1;;;;1;;;;;;;;
SIN MARCA CR450;;;;;;;;;;;;;;;;;;;;;;;;;;;;;;;;;;;;;1;1;;;;;;;;;;;
SIN MARCA CRO1350 JILGUERO;;;;;;;;;;;;;;;;;;;;;;;;;;;;;;;;;;;;1;;;;;1;;;;;;;;
SIN MARCA CRO1500 HORNERO;;;;;;;;;;;;;;;;;;;;;;;;;;;;;;;;;;;;;;;;1;;1;;;;;;;
SIN MARCA MEDIA BARANDA 3M 1E;;;;;;;;;;;;;;;;;;;;;;;;1;;1;;;;;;;;;;;;;;;;;;;;;;;
SIN MARCA MEDIA BARANDA 5M 1E;;;;;;;;;;;;;;;;;;;;;;;;;;1;;;;;;;;;;;;;;1;;;;;;;;;
SIN MARCA PLAYO 3 METROS 1 EJE;;;;;;;;;;;;;;;;;;;;;;;;1;;;;;;;;;;;;1;;;;;;;;;;;;;
SIN MARCA QF302-300;;;;;;;;;;;;;;;;;;;;;;;;;;;;;;;;;;;;;1;;;;1;;;;;;;;
SIN MARCA REMOLQUE CAJA CERRADA;;;;;;;;;;;;;;;;;;;;;;;;;;;;;;;;;;;;;;;;;;;;;1;;1;;
SIN MARCA SHIP BOX 2 EJES;;;;;;;;;;;;;;;;;;;;;;;;;;;;;;;;;;;;;;;1;;;;;;;1;;;
SIN MARCA SHIP CARGO 2 EJES;;;;;;;;;;;;;;;;;;;;;;;;;;;;;;;;;;;;;;;;1;;;;;;;1;;
SIN MARCA SHIP FURGON 2 EJES;;;;;;;;;;;;;;;;;;;;;;;;;;;;;;;;;1;;;;1;;;;;;;;;;;;
SIN MARCA TG450R;;;;;;;;;;;;;;;;;;;;;;;;;;;;;;;;;;;;1;1;;;;;;;;;;;;
SIN MARCA TG600R;;;;;;;;;;;;;;;;;;;;;;;;;;;;;;;;;;;;;1;1;;;;;;;;;;;
SINOTRUK TX340;;;;;;;;;;;;;;;;;;;;;;;;;;;;;;;;;;;;;;;;;;;;;;;2;;
SOLA Y BRUSA BARANDAS VOLCABLES 2E TANDEM;;;;;;;;;;;;;;;;;1;;;;;;;;;;;;;;1;;;;;;;;;;;;;;;;;;
SOLA Y BRUSA BITREN PRIMERA ESPECIE 2ET VUELCO BILATERAL;;;;;;;;;;;;;;;;;;;;;;;;;;;;;;;;;;;;;;;;;;2;;;;;;;
SOLA Y BRUSA BITREN SEGUNDA ESPECIE 2ET VUELCO BILATERAL;;;;;;;;;;;;;;;;;;;;;;;;;;;;;;;;;;;;;;;;;;2;;;;;;;
SOLA Y BRUSA FURGON TERMICO 4 EJES;;;;;1;;;;;;;;;;;;;1;;;;;;;;;;;;;;;;;;;;;;;;;;;;;;;
SOLA Y BRUSA GANADERO 3 EJES;;;;;;;;;;;;;;;;;;;;;;;;;;;;;;;;;;;;;;;1;;;;;1;;;;;
SOLA Y BRUSA MIXTO TODO PUERTAS 3 EJES;;;;;;;;;;;;;;;;;;;;;;;;;;;;;1;;;;;;1;;;;;;;;;;;;;;
SOLA Y BRUSA MIXTO TODO PUERTAS 4 EJES;;;;;1;;;;;;;;;;;;;;;;;;;;;;;;;;;;;;;;;;;1;;;;;;;;;
SORAZABAL TRES EJES MIXTO TODO PUERTAS;;;;;;1;;;;;;;;;;;;;;;;;;;;;;;;;;;;;;1;;;;;;;;;;;;;
STAHL SEMI REMOLQUE SIDER AS5400 - LARGO 14500;;;;;2;;;;;;;;;;;;;;;;;;;;;;;;;;;;;;;;;;;;;;;;;;;;
STREUMASTER SW 16 TC;;;;;;;;;;;1;;;;;;;;;;;;;;;;;;;;;;;1;;;;;;;;;;;;;;;
SUPROTRAILER TCP9990TDP;;;;;;;;;;;;;;;;;;;;;;;;;;;;;;;;;;;;;;;;;;;1;1;;;;;
TAHNOS CHBL 2E CP;;;;;;;1;;;;;;;;;;;;;;;;;;;;;;;;;;;;1;;;;;;;;;;;;;;
TAHNOS CHBL 3E CTCFA;;;;;;1;;;;;1;;;;;;;;;;;;;;;;;;;;;;;;;;;;;;;;;;;;;;
TAHNOS CHBL 3E CTP;;;;;;;;;;2;;;;;;;;;;;;;;;;;;;;;;;;;;;;;;;;;;;;;;;
TAHNOS SABM 2E;;;;;;;;;;;;;1;;1;;;;;;;;;;;;;;;;;;;;;;;;;;;;;;;;;;
TAHNOS SAV 2-1E VB;;;;;;;;;;1;;;;;;;;;;;;;;;;;;;1;;;;;;;;;;;;;;;;;;;;
TAURUS HK 2.0;;;;;;;;;;;;;;;;;;;;;;;;;;;;;;;;;;;;;;;;;;;;;1;;;1;
TAURUS HK4.0;;;;;;;;;;;;;;;;;;;;;;;;;;;;;;;;;;;;;;;;;;;;;;2;;;
TESLA CYBERTRUCK;;;;;;;;;;;;;;;;;;;;;;;;;;;;;;;;;;;;;;;;;;;;;;1;1;;
TMT TRANSMONTAND S.A. D16R2L;;;;;;;;1;;;;;1;;;;;;;;;;;;;;;;;;;;;;;;;;;;;;;;;;;;
TMT TRANSMONTAND S.A. D16R4L;;;;;;;;;;;;;;;;;;;;;;;1;;;;;;;;;1;;;;;;;;;;;;;;;;;
TORREGGIANI SC-110C;;;;;;;;;;;;2;;;;;;;;;;;;;;;;;;;;;;;;;;;;;;;;;;;;;
VOLKSWAGEN NUEVO POLO;;;1;;;1;;;;;;;;;;;;;;;;;;;;;;;;;;;;;;;;;;;;;;;;;;;
VOLKSWAGEN VOYAGE;;;;;1;;;;1;;;;;;;;;;;;;;;;;;;;;;;;;;;;;;;;;;;;;;;;
VOLVO B330R;;;;;;;;;;;;;;;;;;;;1;;;;;;;;;;;;;;;;;;;;;;;;;1;;;;
VOLVO FMX 330;;;1;;;;;;;;;;;;;;;;;;;;;;;;;;;;;;;;1;;;;;;;;;;;;;;
VOLVO FMX 500;;;;;;;;;;;;;;;;;;;;;;;;;;;;;;;;;;;;;1;1;;;;;;;;;;;
VOLVO/MARCOPOLO B380R;2;;;;;;;;;;;;;;;;;;;;;;;;;;;;;;;;;;;;;;;;;;;;;;;;
VULCANO C25 2 EJES;2;;;;;;;;;;;;;;;;;;;;;;;;;;;;;;;;;;;;;;;;;;;;;;;;
VULCANO EUROLIFT;;;;;;;;;;;;;;;;;;;;;;;;;;;;;;;;;;;;;;;;;;;;;;;;2;
VULCANO LF C16;;;;;;;;;;;;;;;2;;;;;;;;;;;;;;;;;;;;;;;;;;;;;;;;;;
WG ACOPLADO DE 2 EJES CON 1 CISTERNA DE 2000 LTS LCM;;;;;;;;;;;;;;;;;;;;;;;;;;;;;;;;;;;;;;;;1;;;;;;;1;;
XCMG XCT40BR;;;;;;;;;;;;;;;;;;;;;;;;;;;;;;;;;;;;;;;;1;1;;;;;;;;
XCMG XCT70BR;;;;;;;;;;;;;;;;;;;;;;;;;;;;;;;;;;;;;;;;;;;;2;;;;;
ZOOMLION ZTC 1500 V;1;;;;;;;;;;;;;;;;;;;;;;;;;;;1;;;;;;;;;;;;;;;;;;;;;
ACEPLA TANQUE 2000;;;;;;;;;;;;;;;;;;;;;;;;;;;;;;;;;;;;;;;;1;;;;;;;;;
ACOPLADOS CONESE AC2EVP BALANCIN;;;;;;;;;;;;;;;;;;;;;;;;;;;;;;;;;;1;;;;;;;;;;;;;;;
ACOPLADOS CONESE CBR CARRETON;;;;;;;;;;;;;;;;;;;;;;;;;;;;;;;;;;;;;;1;;;;;;;;;;;
ACOPLADOS CONESE VQBR VAQUERO;;;;;;;;;;;;;;;;;;;;;;;;;;;;;;;;;;;1;;;;;;;;;;;;;;
ACOPLANOA S-MB-3E;;;;;;;;;;;;;;;;;1;;;;;;;;;;;;;;;;;;;;;;;;;;;;;;;;
ACOPLANOA S-TP-2E;;;;;;1;;;;;;;;;;;;;;;;;;;;;;;;;;;;;;;;;;;;;;;;;;;
AHT ALZUARTE FURGON;;;;;;;;;;;;;;;;;;;;;;1;;;;;;;;;;;;;;;;;;;;;;;;;;;
AHT ALZUARTE PLAYO 2E;;;;;;;;;;;;;;1;;;;;;;;;;;;;;;;;;;;;;;;;;;;;;;;;;;
AIELLO SR-309 TOLVA;;;;;;;;;;;;;;1;;;;;;;;;;;;;;;;;;;;;;;;;;;;;;;;;;;
AIELLO WHIM SRB 327;;;1;;;;;;;;;;;;;;;;;;;;;;;;;;;;;;;;;;;;;;;;;;;;;;
AL SHIRAWI EQUIPMENT COMPANY 3X700 CUFT TRIPOD WITH COMPRESSOR;;;;;;;;;;;;;;;;;;;;;;;;;;;;;;;;;;;;1;;;;;;;;;;;;;
ALFA ROMEO MITO;;;;;;;;1;;;;;;;;;;;;;;;;;;;;;;;;;;;;;;;;;;;;;;;;;
AMMAN ACM 140 PRIME;;;;;;;;;;;;;;;;;;;;;;;;;;;;;;;;;;;;;;;;;;1;;;;;;;
ARG METAL TANQUE S 3E;;;;;;;;;;;;;;;1;;;;;;;;;;;;;;;;;;;;;;;;;;;;;;;;;;
ARTESANAL TRAILER NAUTICO;;;;;;;;;;;;;;;1;;;;;;;;;;;;;;;;;;;;;;;;;;;;;;;;;;
ASTIVIA A2-BARANDA VOLCABLE-9;;;;;;;;;;;;;;1;;;;;;;;;;;;;;;;;;;;;;;;;;;;;;;;;;;
ASTIVIA A2-CARGA GENERAL-9;;;;;;;;;;;;;;;;1;;;;;;;;;;;;;;;;;;;;;;;;;;;;;;;;;
ASTIVIA A2-MIXTO-9;;;;;;;;;;;;;;;;;;;;;;;;;;;;;;;1;;;;;;;;;;;;;;;;;;
ASTIVIA A3-CARGA GENERAL-8A;;;;;;;;;;;;;;;1;;;;;;;;;;;;;;;;;;;;;;;;;;;;;;;;;;
ASTIVIA A3-TODO PUERTAS-8;;;1;;;;;;;;;;;;;;;;;;;;;;;;;;;;;;;;;;;;;;;;;;;;;;
ASTIVIA A3-TODO PUERTAS-9;1;;;;;;;;;;;;;;;;;;;;;;;;;;;;;;;;;;;;;;;;;;;;;;;;
ASTIVIA A3-VOLCADOR BILATERAL-8;;;;1;;;;;;;;;;;;;;;;;;;;;;;;;;;;;;;;;;;;;;;;;;;;;
ASTIVIA A4-BARANDA VOLCABLE-9A;;;;;;;;;;;;;;;1;;;;;;;;;;;;;;;;;;;;;;;;;;;;;;;;;;
ASTIVIA A4-CARGA GENERAL-8;;;;;;;;;;;;;;;;;;;;;;;;;;;;1;;;;;;;;;;;;;;;;;;;;;
ASTIVIA S3-CURTAIN SIDER;;;;;;;;;;;;;;;;;;;;;;;;;;;;;;;;;;;;;;;;;;;;1;;;;;
AST-PRA FTHDCFH1 FURGON TERMICO 1 EJE MEC;;;;;;;;;;;;;1;;;;;;;;;;;;;;;;;;;;;;;;;;;;;;;;;;;;
AST-PRA FTHDCGH2 FURGON C.GRAL 2 EJES MEC;;;;;;;;;;;;;;;;;;;;;;;;;;;;;;;;;;;;;;;;;;;;;1;;;;
AUDI A7;;;;;;;;;;;;;;;;;;;;;;;;;;;;;;;1;;;;;;;;;;;;;;;;;;
BACO 3 EJES EN TANDEM PLAYO;;;;;;;;;;;;;;;;;;;;;;;;;;;;;;;;;;;;;;;;;1;;;;;;;;
BACO AC 1+2 EJES BARANDAS VOLCABLES;;;;;;;;;;;;;;;;;;;;;;;;;1;;;;;;;;;;;;;;;;;;;;;;;;
BACO SEMIRREMOLQUE DE 1+2 EJES CURTAIN SIDER;;;;;;;1;;;;;;;;;;;;;;;;;;;;;;;;;;;;;;;;;;;;;;;;;;
BAIC BJ80;;;;;;;;;;;;;;;;;;;;1;;;;;;;;;;;;;;;;;;;;;;;;;;;;;
BEIBEN TRUCK 2643;;;;;;;;;;;;;;;;;;;;;;;;;;;;;;;;;;;;;;;;;;;;;;;;1;
BENTLEY CONTINENTAL;;;;;;;;;;;;;;;;;;;;;;;;;;;;;;;;;;;;;;;1;;;;;;;;;;
BIANCHI SR2750;;;;;;;;;;;;;;;;;;;;;;;;;;;;;;;;;;;;;;;;;;;;;;;;1;
BISCAYNE ROADSTER COBRA;;;;;;;;;;;;;;1;;;;;;;;;;;;;;;;;;;;;;;;;;;;;;;;;;;
BISCAYNE ROADSTER COBRA 351;;;;;;;;;;;;;;;;;;;;;1;;;;;;;;;;;;;;;;;;;;;;;;;;;;
BMW 530;;;;;;;1;;;;;;;;;;;;;;;;;;;;;;;;;;;;;;;;;;;;;;;;;;
BMW 540;;;;;1;;;;;;;;;;;;;;;;;;;;;;;;;;;;;;;;;;;;;;;;;;;;
BMW 750;;;;;;;;;;;;;;;;;;;;;;;;;;;;1;;;;;;;;;;;;;;;;;;;;;
BMW M850;;;;;;;;;;;;;;;;;;;;;;;1;;;;;;;;;;;;;;;;;;;;;;;;;;
BONANO ACOPLADO BARANDA VOLCABLE DE 2 EJES.;;;;;;;;;;;;1;;;;;;;;;;;;;;;;;;;;;;;;;;;;;;;;;;;;;
BONANO ACOPLADO CARNICERO DE 1D+1D;;;;;;;;;;;;;;;;;;;;;;;;;;;;;;;;1;;;;;;;;;;;;;;;;;
BONANO ACOPLADO CURTAIN SIDER DE 2 EJES;;;;;;;;;;;;;;;1;;;;;;;;;;;;;;;;;;;;;;;;;;;;;;;;;;
BONANO ACOPLADO PLAYO 3 EJES;;;;;;;;;;;;;;;;;;;;;;;;;;;;;;;;;;;;;;;;;;;1;;;;;;
BONANO ACOPLADO TERMICO DE 1D+1D;;;;;;;;;;;;;;;;;;;;;;;;;;;;;;;;;;;;;;;;;1;;;;;;;;
BONANO SEMIRREMOLQUE BARANDA VOLCABLE DE 2D;;;;;;;;;;;;;;;;;;;;;;;;;;;;;1;;;;;;;;;;;;;;;;;;;;
BONANO SEMIRREMOLQUE CURTAIN SIDER DE 2D;;;;;;;;;;;;;;;;;;;;;;;;;;;;;;;;;;;;;;;;;;;1;;;;;;
BONANO SEMIRREMOLQUE JAULA GANADERA 2 EJES + 1 EJE DIR;;;1;;;;;;;;;;;;;;;;;;;;;;;;;;;;;;;;;;;;;;;;;;;;;;
BONANO SEMIRREMOLQUE JAULA GANADERA DE 2D;;;;;;;;;;;;;;;;;;;;;;;;;;;;;;;;;1;;;;;;;;;;;;;;;;
BONANO SEMIRREMOLQUE PLAYO DE 1+1+1 EJES MAYOR A 45 T;;1;;;;;;;;;;;;;;;;;;;;;;;;;;;;;;;;;;;;;;;;;;;;;;;
BONANO SEMIRREMOLQUE PORTACONTENEDOR DE 3 EJES TANDEM;;1;;;;;;;;;;;;;;;;;;;;;;;;;;;;;;;;;;;;;;;;;;;;;;;
BONANO SEMIRREMOLQUE TERMICO DE 1D+1D;;;;;;;;;;;;;;;;;;;;;;;;;;;;;;;;;;;1;;;;;;;;;;;;;;
BONANO TERMICO 3D < 45 T;;;;;;;;;;;;;;;;;;;;;1;;;;;;;;;;;;;;;;;;;;;;;;;;;;
BONANO TODO PUERTAS 3 EJES;;;;;;;;;;;;;;;;;;;;;1;;;;;;;;;;;;;;;;;;;;;;;;;;;;
BULL TRAILER SR 45.7-3112;;;;;;;;;;;;;;;;;;;1;;;;;;;;;;;;;;;;;;;;;;;;;;;;;;
BULL TRAILER SR 46.7-1112;;;;;;;;;;;;;;;;;;;;;;;;;;;;;;;;;;1;;;;;;;;;;;;;;;
BULL TRAILER SR 46.7-1122;;;;;;;;;;;;;;;;;;;1;;;;;;;;;;;;;;;;;;;;;;;;;;;;;;
BULL TRAILER SR 48.2-2111;;;;;;;;;;;;;;;;;;;;;;;;;;;;;;;;;;;;;;;;;1;;;;;;;;
BULL TRAILER SR 48.3-1121;;;;;;;;;;;1;;;;;;;;;;;;;;;;;;;;;;;;;;;;;;;;;;;;;;
BULL TRAILER SR 48.7-4213;;;;;;;;;;;;;;;;;;;;;;;;;;;;;;;;;;1;;;;;;;;;;;;;;;
BULL TRAILER SR46.1-1111;;;;;;;;;;;;;;1;;;;;;;;;;;;;;;;;;;;;;;;;;;;;;;;;;;
BULL TRAILER SR46.3 - 1111;;;;;;;;;;;;;;;;;;;;;;;;;;;;;;;;;;;;;;;;;;1;;;;;;;
BULL TRAILER SR46.7 - 3111;;;;;1;;;;;;;;;;;;;;;;;;;;;;;;;;;;;;;;;;;;;;;;;;;;
BULL TRAILER SR46.7-2114;;;;;;;;;;;;;;;1;;;;;;;;;;;;;;;;;;;;;;;;;;;;;;;;;;
BULL TRAILER SR48.3-1121;;;;;;;;;;;;;;1;;;;;;;;;;;;;;;;;;;;;;;;;;;;;;;;;;;
BULL TRAILER SR48.7-2111;;;;;;1;;;;;;;;;;;;;;;;;;;;;;;;;;;;;;;;;;;;;;;;;;;
CARBALLIDO AC4EABS CARGA GENERAL;;;;1;;;;;;;;;;;;;;;;;;;;;;;;;;;;;;;;;;;;;;;;;;;;;
CARBALLIDO AC4EABS VOLCADOR LAT-BILAT-TRASERO;;;;;;;;;;;;;;;;;;;;;;;;;;;;;;;;;;;1;;;;;;;;;;;;;;
CARBALLIDO ACOPLADO/SEMIRREMOLQUE;;;;;;;;;;;;;;;;;;;;;;;;;;;;;;;;;;;;;;;;;;;;;;1;;;
CARBALLIDO JAULA GANADERA DOBLE PISO 3 EJES;;1;;;;;;;;;;;;;;;;;;;;;;;;;;;;;;;;;;;;;;;;;;;;;;;
CARBALLIDO TOLVA 2 EJES;;;1;;;;;;;;;;;;;;;;;;;;;;;;;;;;;;;;;;;;;;;;;;;;;;
CARRETONES DANIEL BRITO CARRETON 48 NEUMATICOS 6 LINEAS;;;;;;;;;;;;;;;;;;;;;;;;;;;;;;;;;;1;;;;;;;;;;;;;;;
CARRETONES DANIEL BRITO CARRETON 5 EJES;;;;;;;;;;;;;;1;;;;;;;;;;;;;;;;;;;;;;;;;;;;;;;;;;;
CARRETONES DANIEL BRITO DOLLY CURENA 16 NEUMATICOS;;;;;;;;;;;;;;;;1;;;;;;;;;;;;;;;;;;;;;;;;;;;;;;;;;
CARRETONES DANIEL BRITO PLAYO;;;;;;;;;1;;;;;;;;;;;;;;;;;;;;;;;;;;;;;;;;;;;;;;;;
CARROCERIAS APEZ AC TOLVA;;;;;;;;;;;;;;1;;;;;;;;;;;;;;;;;;;;;;;;;;;;;;;;;;;
CARROCERIAS APEZ AC. PLAYO;;;;;;;;;1;;;;;;;;;;;;;;;;;;;;;;;;;;;;;;;;;;;;;;;;
CARROCERIAS APEZ BUENOS AIRES;;;;;;;;;;;;;;;;;;;;;;;;;;;;;;;;;;;;;;;;;1;;;;;;;;
CARROCERIAS APEZ IBIZA;;;;;;;;;;;;;;;;;;;;;;;;;;;;;;;;;;1;;;;;;;;;;;;;;;
CARROCERIAS APEZ MONTREAL;;;;;;;;;;;;;;;;;;;;;;;;;;;;;;;;;;1;;;;;;;;;;;;;;;
CARROCERIAS APEZ MOSCU;;;;;;;;;;;;;;;;;;;;;;;;;;;;;;;;;;;;;;;;;;;;;1;;;;
CARROCERIAS APEZ SEMI JAULA;;;;;;;;1;;;;;;;;;;;;;;;;;;;;;;;;;;;;;;;;;;;;;;;;;
CASAS RODANTES LEONES 3.50M LCM 1E;;;;;;;;;;;;;;;;;;;;;;;;;;;;;;;;;;;;;;;;;;;;;;1;;;
CASAS RODANTES LEONES 3.60CM LCM 1E;;;;;;;;;;;;;;;;;;;;;;;;;;;;;;;;;;;;;;;1;;;;;;;;;;
CASAS RODANTES LEONES 4.00M LCM 1E;;;;;;;;;;;;;;;;;;;;;;;;;;;;;;;;;;;;;;;;;;;;;;;;1;
CASAS RODANTES LEONES 4.50M LCM 1E;;;;;;;;;;;;;;;;;;;;;;;;;;;;;;;;;;;;;;;;;;;;;;1;;;
CASAS RODANTES LEONES 4.60M LCM 1E;;;;;;;;;;;;;;;;;;;;;;;;;;;;;;;;;1;;;;;;;;;;;;;;;;
CASAS RODANTES LEONES 5.20M LCM 2E;;;;;;;;;;;;;;;;;;;;;;;;;;;;;;;;;;;;;;;;;;;;;;;;;1
CASAS RODANTES LEONES 5.80M LCM 2E;;;;;;;;;;;;;;;;;;;;;;;;;;;;;;;;;1;;;;;;;;;;;;;;;;
CATEC CT-0840CNG;;;;;;;;;;;;;;;;;;;;;;;;;;;;;;;;;;;;;;;;;;;;1;;;;;
CHERY TIGGO 5;1;;;;;;;;;;;;;;;;;;;;;;;;;;;;;;;;;;;;;;;;;;;;;;;;
CHEVROLET 3100;;;;;;;;;;;;;;;;;;;;;;;;;;;;;;;;;;;;;;;;;;;;;;;;1;
CHEVROLET GROOVE;;;;;;;;;;;;;;;;;;;;;;;;;;;;;;;;;;;;;;;;;;;;;;;;1;
CHEVROLET SAIL;;;;;;;;;;;;;;1;;;;;;;;;;;;;;;;;;;;;;;;;;;;;;;;;;;
CHEVROLET SUBURBAN;;;;;;;;;;;;;;;;;;1;;;;;;;;;;;;;;;;;;;;;;;;;;;;;;;
CHRYSLER OTROS;;;;;;;;;;;;;;;;;;;;;;;;;;;;;1;;;;;;;;;;;;;;;;;;;;
CIBER SR/CIBER TM 4020P 729800;;;;;;;;;;;;;;1;;;;;;;;;;;;;;;;;;;;;;;;;;;;;;;;;;;
CIBER SR/MO CIBER 602615;;;;;;;;;;;;;;1;;;;;;;;;;;;;;;;;;;;;;;;;;;;;;;;;;;
CLASICOS Y ESPECIALES CYE CYE S;;;;;;;;;;;;;;;;;;;;;;;;;;;;;;;;;;;;;1;;;;;;;;;;;;
CLASICOS Y ESPECIALES CYE CYE S1;;;;;;;;;;;;;;;;;;;;;;;;;;;;;;;;;;;;1;;;;;;;;;;;;;
COACHMEN CLIPPER 7 17BHS;;;;;;;;;;;;;;;;;1;;;;;;;;;;;;;;;;;;;;;;;;;;;;;;;;
COACHMEN CLIPPER CADET 17CBH;;;;;;;;;;;;;;1;;;;;;;;;;;;;;;;;;;;;;;;;;;;;;;;;;;
COACHMEN WOLF PUP;;;;;;;;;;;;;;1;;;;;;;;;;;;;;;;;;;;;;;;;;;;;;;;;;;
COBRA MOTORSPORT ARGENTINA COBRA AC 351 AT;;;;;;;;;;;;;;;;;;;;;;;;;;;1;;;;;;;;;;;;;;;;;;;;;;
COMAR CARRETON A8-15;;;;;;;;;;;;;;;;;;;;;;;1;;;;;;;;;;;;;;;;;;;;;;;;;;
COMAR CARRETON S16-32;;;;;;;;;;;;;;;;;;;;;;;;;;;;;;;;1;;;;;;;;;;;;;;;;;
COMAR CARRETON S20;;;;;;;;;1;;;;;;;;;;;;;;;;;;;;;;;;;;;;;;;;;;;;;;;;
COMAR CARRETON S20CRP;;;;;;;;;;;;;;;;;;;;;;;;;;;;;;;;;;;;;;;;;;;;1;;;;;
COMAR CARRETON SH12-45;;;;;;;;;;;;;;;;;;;;;;;;;;;;;;;;;;1;;;;;;;;;;;;;;;
COQUITO CAÑERO A 3E;;;;;;1;;;;;;;;;;;;;;;;;;;;;;;;;;;;;;;;;;;;;;;;;;;
COQUITO CARGA GENERAL S 3E;;;;;;;;;;;;;;;;;;;;;1;;;;;;;;;;;;;;;;;;;;;;;;;;;;
COQUITO PLAYO S 1E;;;1;;;;;;;;;;;;;;;;;;;;;;;;;;;;;;;;;;;;;;;;;;;;;;
COQUITO TANQUE S 3E;;;;1;;;;;;;;;;;;;;;;;;;;;;;;;;;;;;;;;;;;;;;;;;;;;
COQUITO VOLCADOR S 2E;1;;;;;;;;;;;;;;;;;;;;;;;;;;;;;;;;;;;;;;;;;;;;;;;;
CORMETAL AGXB21;;;;;;;;;;;;;1;;;;;;;;;;;;;;;;;;;;;;;;;;;;;;;;;;;;
CORMETAL APXB21;;;;;;;;;;;;;;;;1;;;;;;;;;;;;;;;;;;;;;;;;;;;;;;;;;
CORMETAL SBXB20;;;;;;;1;;;;;;;;;;;;;;;;;;;;;;;;;;;;;;;;;;;;;;;;;;
CORMETAL SEMI 1 EJE 14.50 PORTAMODULO;;;;;;;;;;;;;;;;;;;;;;;;;;;;;;;;;;;;;;;;;;;;;;1;;;
CORMETAL SEMI 3 EJES CARROZADO SCVB3T;;;;;;;;;;;;;;;;;;;;;;;;;;;;;;;;;;;;;1;;;;;;;;;;;;
CORMETAL SJXN31;;;;;;;;;;;;;;;;;;;1;;;;;;;;;;;;;;;;;;;;;;;;;;;;;;
CRESCENTE 221-CU-204 ACOPLADO MODELO VUELCO BILATERAL (VB);;;;;;;1;;;;;;;;;;;;;;;;;;;;;;;;;;;;;;;;;;;;;;;;;;
CRESCENTE BARANDAS VOLCABLES ABV 221-CU-503;;;;;;;;;1;;;;;;;;;;;;;;;;;;;;;;;;;;;;;;;;;;;;;;;;
CRESCENTE BARANDAS VOLCABLES SBV 221-CU-S01;;;;1;;;;;;;;;;;;;;;;;;;;;;;;;;;;;;;;;;;;;;;;;;;;;
DANES BITREN D - SNBD 6EC DD;;;;;;;;;;;;;;;;;;;;;;;;;;;;;;;;;;;;;;;;;;;;;;1;;;
DANES BITREN T - SNBT 6EC DD;;;;;;;;;;;;;;;;;;;;;;;;;;;;;;;;;;;;;;;;;;;;;;1;;;
DAWI SEMIRREMOLQUE CENTRO DEPRIMIDO DOS EJES;;;;;;;;;;;;;;;;;;;;;;;;;;;;;;;;;;;;;;;;;;;;;1;;;;
DE PAOLI ACOPLADO PLAYO;;;;;;;;;;;;;;;;;;;;;;;;1;;;;;;;;;;;;;;;;;;;;;;;;;
DI POLVERE ACOPLADO/SEMIRREMOLQUE;;;;;;;;;;;;;;;;;;;;;;;;;;;;;;;;;;;;;;;;;;;;;;;1;;
DIMATAN SEMIRREMOLQUE TRES EJES EN TANDEM;;;;;;;1;;;;;;;;;;;;;;;;;;;;;;;;;;;;;;;;;;;;;;;;;;
DM TRAILERS A200 CARGO;;;;;;;;;;;;;;;;;;;;;;;;1;;;;;;;;;;;;;;;;;;;;;;;;;
DM TRAILERS A260 CARGO;;;;;;;;;;;;;;;;;;;;;;;;;;;;;;;;;;;;;;;;;1;;;;;;;;
DM TRAILERS ACONCAGUA 200 MT;;;;;;;;;;1;;;;;;;;;;;;;;;;;;;;;;;;;;;;;;;;;;;;;;;
DM TRAILERS DUMAS 385;;;;;;;;;;;;;1;;;;;;;;;;;;;;;;;;;;;;;;;;;;;;;;;;;;
DM TRAILERS DUMAS 385A;;;;;;;;;;;;;;;;;;;;;;;;1;;;;;;;;;;;;;;;;;;;;;;;;;
DM TRAILERS DUMAS 450;;;;;;;;;;;;;;;;;;;;;;;;;;;;;;;;;;;;;;;;;;;;;;;1;;
DM TRAILERS DUMAS 630;;;;;;;;;;;;;;;;;;;;;;;;;;;;;;;;;;;1;;;;;;;;;;;;;;
DODGE CHALLENGER;1;;;;;;;;;;;;;;;;;;;;;;;;;;;;;;;;;;;;;;;;;;;;;;;;
DODGE DURANGO;;;;;;;;;;;;;;;;;;;;;;;;;;;;;;;;;;;;;;;;;;;;;;;;1;
DODGE OTROS;;;;;;;;;;;;;;;;;;;;;;;;;;;;;;;;;;1;;;;;;;;;;;;;;;
DON TOTO BA 01+02 ABS;;;;;;1;;;;;;;;;;;;;;;;;;;;;;;;;;;;;;;;;;;;;;;;;;;
DONGFENG CAPTAIN C 1217;;;;;;;;;;;;;;;;;;;;;;;;;;;;;;;;;;;;;;;;;;;;;;1;;;
DONGFENG CAPTAIN C 615;;;;;;;;;;;;;;;;;;;;;;;;;;;;;;;;;;;;;;;;;;;;;;1;;;
DONGFENG CAPTAIN W 310;;;;;;;;;;;;;;;;;;;;;;;;;;;;;;;;;;;;;;;;;;;;;;1;;;
DONGFENG EQ 1070;;;;;;;;1;;;;;;;;;;;;;;;;;;;;;;;;;;;;;;;;;;;;;;;;;
DONGFENG EQ 1140;;;;;;;;;;1;;;;;;;;;;;;;;;;;;;;;;;;;;;;;;;;;;;;;;;
DONGFENG OTROS;;;;;;;;;;;;;;;;;;;;;;;;;;;;;;;;;;1;;;;;;;;;;;;;;;
DRAGON PRODUCTS XHB9650Q3;;;;;;;;;;;;;;;;;;;;;;;;;;;;;;;;;;;;;;;;;;;;;1;;;;
EL GRILLO A2BV PL;;;;;;;;;;;;;;;;;;;;;;;;;;;;;;;;;;;;;;;1;;;;;;;;;;
EL GRILLO S2TA PL;;;;;;;;;;;;;;;;1;;;;;;;;;;;;;;;;;;;;;;;;;;;;;;;;;
EL GRILLO S3TA PL;;;;;;;;;1;;;;;;;;;;;;;;;;;;;;;;;;;;;;;;;;;;;;;;;;
EL GRILLO S3TA TA;;;;;;;;;;;;;;;;;;;;;;;;;;;;;;;;;;;;;;;;1;;;;;;;;;
EMIKEL ACOPLADO/SEMIRREMOLQUE;;;;;;;;;;;;;;;;;;;;;;;;;;;;;;;;;;;;;;;;;;;;;;1;;;
EMIKEL MINI RODANTE ACOPLADO 1 EJE;;;;;;;;;;;;;;;;;;;;;;;;;;;;;;;;;;;;;;;;;;;;;1;;;;
EMIKEL PBARBUS 380 ACOPLADO 1 EJE;;;;;;;;;;;;;;;1;;;;;;;;;;;;;;;;;;;;;;;;;;;;;;;;;;
EMIKEL TRAILER 2 EJES;;;;;;;;;;;;;;;;;;;;;;;;;;;;;;;;;;;;;;;;;;;;;;1;;;
F.H. A.C.M.411;;;;;;;;;;;;;;;;;;;;;;;;;;;;;;;;;;;;;;;;1;;;;;;;;;
F.H. A.C.T.M.411.4.E.;;;;;;;;;;;;;;;1;;;;;;;;;;;;;;;;;;;;;;;;;;;;;;;;;;
F.H. S.C.V.411 S.D.T;;;;;;;;;;;;;;;;1;;;;;;;;;;;;;;;;;;;;;;;;;;;;;;;;;
FERBUS KAISEN 250 MEDIA BARANDA;;;;;;;;;;;;;;;;;;;;;;;;;;;;;;;;;1;;;;;;;;;;;;;;;;
FERBUS KAISEN 520 FT 2E;;;;;;;;;;;;;;1;;;;;;;;;;;;;;;;;;;;;;;;;;;;;;;;;;;
FERBUS KAISEN CR 350 1E;;;;;;;;;1;;;;;;;;;;;;;;;;;;;;;;;;;;;;;;;;;;;;;;;;
FERBUS KAISEN CR 430 1E;;;;;;1;;;;;;;;;;;;;;;;;;;;;;;;;;;;;;;;;;;;;;;;;;;
FERBUS KAISEN CR 450 2E;;;;;;;1;;;;;;;;;;;;;;;;;;;;;;;;;;;;;;;;;;;;;;;;;;
FERBUS KAISEN CR 520 2E;;;1;;;;;;;;;;;;;;;;;;;;;;;;;;;;;;;;;;;;;;;;;;;;;;
FERBUS KAISEN KAISEN 400 2E;;;1;;;;;;;;;;;;;;;;;;;;;;;;;;;;;;;;;;;;;;;;;;;;;;
FERBUS KAISEN KAISEN 450 2E;;;;;;;;;;;1;;;;;;;;;;;;;;;;;;;;;;;;;;;;;;;;;;;;;;
FERBUS KAISEN KAISEN 570 ACOPLADO 2E;;;;;;;;;;;;1;;;;;;;;;;;;;;;;;;;;;;;;;;;;;;;;;;;;;
FERBUS KAISEN KAISEN 600 2E E;;;;;;;;;1;;;;;;;;;;;;;;;;;;;;;;;;;;;;;;;;;;;;;;;;
FERRARI 488;;;1;;;;;;;;;;;;;;;;;;;;;;;;;;;;;;;;;;;;;;;;;;;;;;
FERRARI 812;;;;;;;;;;;;;;;;;;;;;;;;;;;;;;;;;;;;;;;;;;;1;;;;;;
FERRARI PORTOFINO;;;;;;;;;;;;;;;;;;;;;;;;;;;;;;;;;;;;;;;;;;;1;;;;;;
FERRARI PUROSANGUE;;;;;;;;;;;;;;;;;;;;;;;;;;;;;;;;;;;;;;;1;;;;;;;;;;
FERRARI SF90;;;;;;;;;;;;;;;;;;;;;;;;;;;;;;;;;;;;;;1;;;;;;;;;;;
FIAT 500;;;;;;;;;;;;;;;;;;1;;;;;;;;;;;;;;;;;;;;;;;;;;;;;;;
FIAT 501;;;;;;;;;;;;;;;;;;;;;;;;;;;;;;;;;;;;;;;;;;;;;;;1;;
FIAT TIPO;1;;;;;;;;;;;;;;;;;;;;;;;;;;;;;;;;;;;;;;;;;;;;;;;;
FORD CARGO 1933;;;;;1;;;;;;;;;;;;;;;;;;;;;;;;;;;;;;;;;;;;;;;;;;;;
FORD CARGO 2042;;;;;;;1;;;;;;;;;;;;;;;;;;;;;;;;;;;;;;;;;;;;;;;;;;
FORD CARGO 916;;1;;;;;;;;;;;;;;;;;;;;;;;;;;;;;;;;;;;;;;;;;;;;;;;
FORD COURIER;;;;;;;;;;;;;;;;;;;;;;;;;;;;;;;;;;;;;;;;;;;;;;;;1;
FORD ESCORT;;;;;;;;;;;;;;;;;;;;;;;;;;;;;;;;;;;;;;;;;;;1;;;;;;
FORD EXPLORER;;;;;;;;;;;;;;;;;;;;;;;;;;;;;;;;1;;;;;;;;;;;;;;;;;
FORD F-250;;;;;;;;;;;;;;;;;;;;;;;;;;;;;;;;;;;;;;;;1;;;;;;;;;
FORD F-350;;;;;;;;;;;;;;;;;;;;;;;;;;;;;;;;1;;;;;;;;;;;;;;;;;
FORD F-600;;;;;;;;;;;;;;;;;;;;;;;;;;;;;;;;;;;;;;;;;;;;;1;;;;
FUR-TAN SEMI 2 EJES 3 CIST.A.CARB.CILIN.PINT.24000L;;;;;;;;;;;;;;;;;;;;;;;;;;;;;1;;;;;;;;;;;;;;;;;;;;
GAC MOTOR GS3 EMZOOM;;;;;;;;;;;;;;;;;;;;;;;;;;;;;;;;;;;;;;;;;;;;;;;;1;
GHIGLIONE ROUTE ACOPLADO/SEMIRREMOLQUE;;;;;;;;;;;;;;;;;;;;;;;;;;;;;;;;;;;;;;;;;;;;;;;1;;
GMC HUMMER;;;;;;;;;;;;;;;;;;;;;;;;;;;;;;;;;;;;;;;;;;;;;;1;;;
GOMATRO 3 EJES (1+2) JAULA GANADERO;;;;;;;;;;;;;;;;;;;;;;;;;;;;;;;;;;;;;;;;1;;;;;;;;;
GOMATRO SEMIRREMOLQUE 2 EJES (1+1) BARANDA VOLCABLE;;;;;;;;;;;;;;;;;1;;;;;;;;;;;;;;;;;;;;;;;;;;;;;;;;
GOMATRO SEMIRREMOLQUE 3 EJES (1+2) JAULA GANADERA PORCINOS;;;;;;;;;;;;;;;;;;;;;;;;;;;;;;;;;;;;;;;;;;;;;;1;;;
GOTITAS RODANTES PLAYO NAUTICO;;;;;;;;;;;;;;;;;;;;;;;;;;;;;;;;;;;;;;;;;;;;1;;;;;
GRAHAM PAIGE OTROS;;;;;;;;;;;;;;;;;;;;;;;;;;;;;;;1;;;;;;;;;;;;;;;;;;
GRASSANI ACOPLADO;;;;;;;;;;;;;;;;;;;;;;;;;;;;;;;;;;;;;;;;;;;;;;;;1;
GROSS BARANDA VOLCABLE 9.50 MTS (D2-D2).;;;;;;;;;;;;;;;;;;;;;;;;;;;;;;;;;;;;;1;;;;;;;;;;;;
GROSS CEREALERO 10.30;;;;;;;;;;;;;;;;;;;;;;;;;;;;;;;;;;;;;;;;;;;1;;;;;;
GROSS SEMIRREMOLQUE VUELCO TRASERO (2+1) 10.50 MTS;;;;;;;;;1;;;;;;;;;;;;;;;;;;;;;;;;;;;;;;;;;;;;;;;;
GROSS SEMIRREMOLQUE VUELCO TRASERO (2+1) 9.30 MTS;;;;;;;;;;;;;;;;;;;;;;;;;1;;;;;;;;;;;;;;;;;;;;;;;;
GROSS TOLVA DE 9.30 MTS;;;;1;;;;;;;;;;;;;;;;;;;;;;;;;;;;;;;;;;;;;;;;;;;;;
GUERRA SR/PC/1+2;;;;;;;;;;;;;;;;;;;;;;;;;;;;;;;;;;;;;;;;;;;;;;1;;;
H.C.MANCINI CARRETON AVM 17 T;;;;;1;;;;;;;;;;;;;;;;;;;;;;;;;;;;;;;;;;;;;;;;;;;;
H.C.MANCINI CARRETON WX 14 T-A;;;;;;;;;;;;;;;;;;;;;;;;;;;;;;;;;;;;;1;;;;;;;;;;;;
H.C.MANCINI CARRETON WX 30 T-S;;;;;;;;;;;;;;;;;;;;;;;;;;;;;;;1;;;;;;;;;;;;;;;;;;
H.C.MANCINI WX 14 T-A;;;;;;;;;;;;;;;;;;1;;;;;;;;;;;;;;;;;;;;;;;;;;;;;;;
HEEVEL CASARODANTE5.3;;;;;;;;;;;;;;;;;;;;;;;;;;;;;;;;;;;;1;;;;;;;;;;;;;
HEIL ROAD KING 2E 37.000 LTS HCAM;;;1;;;;;;;;;;;;;;;;;;;;;;;;;;;;;;;;;;;;;;;;;;;;;;
HELVETICA AC 2E AR;;;;;;;;;;;;;;;;;;;;;;;;;;1;;;;;;;;;;;;;;;;;;;;;;;
HELVETICA AC 2E BV;;;;;;;;;;;;;;;;1;;;;;;;;;;;;;;;;;;;;;;;;;;;;;;;;;
HELVETICA AC 3E GF;;;;;;;;;;;;;;;;;;;;1;;;;;;;;;;;;;;;;;;;;;;;;;;;;;
HELVETICA AC 3E SD;;;;;;;;;;;;;;;;;;;;;;;;;;;1;;;;;;;;;;;;;;;;;;;;;;
HELVETICA SR 2E 1+1 BV;;;;;;;;;;;;;;;;;;;;;;1;;;;;;;;;;;;;;;;;;;;;;;;;;;
HELVETICA SR 2E 1+1 ST;;;;;;;;;;;;;;;;;;;;;;;;;;;;;;;;;;;;;;;;;;1;;;;;;;
HELVETICA SR 2E T PJ;;;;;;;;;;;;;;;;;;;;;;;;;;;;;;;;;;;;;;;1;;;;;;;;;;
HELVETICA SR 2E T TC;;;;;;;;;;;;;;;;;;;;;;;;;;;;;;;;;;;;;;;;;1;;;;;;;;
HELVETICA SR 3E 1+1+1 TA;;;;;;;;;;;;;;;;;;;;;;;;;;;;;1;;;;;;;;;;;;;;;;;;;;
HELVETICA SR 3E 1+2 GA;;;;;;;;;;;;;;;;;;;;;;;;;;;;;;;;;;;1;;;;;;;;;;;;;;
HELVETICA SR 3E 1+2 TA;;;;;;;;;;;;;;;;;1;;;;;;;;;;;;;;;;;;;;;;;;;;;;;;;;
HERMANN A.FP.3E.17;;;;;;;;;;;;;;;;;;;;;1;;;;;;;;;;;;;;;;;;;;;;;;;;;;
HERMANN CARGA GENERAL A.CG.2E.06;;;;;;;;;;;;;;;;;;;;;;;;;1;;;;;;;;;;;;;;;;;;;;;;;;
HERMANN CARGA GENERAL S.CG.3E.57 1+1+1;;;;;;;;;;;;;;1;;;;;;;;;;;;;;;;;;;;;;;;;;;;;;;;;;;
HERMANN FORESTAL S.CF.2E.76 D;;;;;;;;;;;;;;;;;;;;;;;;;;;;;;;;;;;;;;;;;;;;;;1;;;
HERMANN FORESTAL S.CF.2E.76 T;;;;;;;;;;;;;;;;;;;;;;;;;;;;;;;;;;;;;;;;;;;;;;1;;;
HERMANN FURGON S.FP.1E.99;;;;;;;;;;;;1;;;;;;;;;;;;;;;;;;;;;;;;;;;;;;;;;;;;;
HERMANN MIXTO A.MI.2E.39;;;1;;;;;;;;;;;;;;;;;;;;;;;;;;;;;;;;;;;;;;;;;;;;;;
HERMANN VUELCO TRASERO S.VT.2E.82;;;;;;;;;;;;;;;;;;;;;;;;;;;;;;;;;;;;;;;;;;;;;;1;;;
HIZA TRAILERS ACPLA1;;;;;;;;;;;;;;;;;;;;;;;;;;;;;;;;;;;;;;;;1;;;;;;;;;
HIZA TRAILERS ACPLA2;;;;;;;;;;;;;;;;;;;;;;;;;;;;;;;;;;;;;;;;;;;;1;;;;;
HIZA TRAILERS PLAYO ELEVADOR;;;;;;;;;;;;;;;;;;;;;;;;;;;;1;;;;;;;;;;;;;;;;;;;;;
HOLDEN HUT10;;;;;;;;;;;;;;;;;1;;;;;;;;;;;;;;;;;;;;;;;;;;;;;;;;
HONGYUAN HY-400;;;;;;;;;;;;1;;;;;;;;;;;;;;;;;;;;;;;;;;;;;;;;;;;;;
HUALIANG TIANHONG LJN91021TDP;;;;;;;;;;;;;;;;;;;;;;;;;;;;;;;;;;;;;;;;;;;;;;;;1;
HUMMER H2;;;;;;;;;;;;;;;;;;;;;;;;;;;;;;;;;;;;;;;;;;;1;;;;;;
HYUNDAI VENUE;;;;;;;;;;;;;;1;;;;;;;;;;;;;;;;;;;;;;;;;;;;;;;;;;;
IDERO SEMI CARGA CONV 3E 3D S3 (S3-PC);;;;;;;;;;;;;;;;;;;;;;;;;;;;;;;;;;;;;;;;;;;;1;;;;;
INDU METAL TRAILERS AEP7535C02;;;;;;;;;;;;;;;;;;;;;;;;;;;;;;;;;;;;;;1;;;;;;;;;;;
INDU METAL TRAILERS BE750CO1;;;;;;;;;;;;;;;;;;;;;;;;;;;;;;;;;;;;1;;;;;;;;;;;;;
INDU METAL TRAILERS SEC7535CO2;;;;;;;;;;;;;;;;;;;;;;;;1;;;;;;;;;;;;;;;;;;;;;;;;;
ISUZU TROOPER;;;;;;;;;;;;;;;;;;;;;;;;;;;;;;;;;;;;;;;;;;1;;;;;;;
ITATI ITATI05M1E;;;;;;;;;;;;;;;;;;;;;;1;;;;;;;;;;;;;;;;;;;;;;;;;;;
IVECO KINGKAN 290;;;;;;;;;;;;;;;;;;;;;;;;;;;;;;;;;;;;;;1;;;;;;;;;;;
JAC E30X;;;;;;;;;;;;;;;;;;;;;;;;;;;;;;;;;;;;;;;;;;;;;1;;;;
JAC N5;;;;;;1;;;;;;;;;;;;;;;;;;;;;;;;;;;;;;;;;;;;;;;;;;;
JAC S5;;;;;1;;;;;;;;;;;;;;;;;;;;;;;;;;;;;;;;;;;;;;;;;;;;
JAC SUNRAY;;;;;;;1;;;;;;;;;;;;;;;;;;;;;;;;;;;;;;;;;;;;;;;;;;
JAGUAR F-PACE;;;1;;;;;;;;;;;;;;;;;;;;;;;;;;;;;;;;;;;;;;;;;;;;;;
JAGUAR F-TYPE;;;1;;;;;;;;;;;;;;;;;;;;;;;;;;;;;;;;;;;;;;;;;;;;;;
JMEV EASY 3;;;;;;;;;;;;;;;;;;;;;;;;;;;;;;;;;;;;;;;;;;;;;;;;1;
KAIYI X7;;;;;;;;;;;;;;;;;;;;;;;;;;;;;;;;;;;;;;1;;;;;;;;;;;
KIA CARENS;;;;;;;;;;;;;;;;;;;;;;;;;;;;;1;;;;;;;;;;;;;;;;;;;;
KIA MORNING;;;;;;;;;;;;;;;;;;;;;;;;;;;;;;;;;;;;;;;;;;;;1;;;;;
KIA PICANTO;;;;;;;;;;;;;;;;;;;;;;;;;;;;;;;;;;;1;;;;;;;;;;;;;;
KIA SEPHIA;;;;;;;;;;;;;;;;;;;;;;;;;;;;;;;;;;;;;;;;;;;1;;;;;;
KINETIC C3758S040A5DFOZ;;;;;;;;;;;;;;;;;;;;;;;;;;;;;;;;;;;;;1;;;;;;;;;;;;
LAMBERT 3 EJES JAULA;;;;;;;;;;;;;;;;;;;;;;;;;;;;;;;1;;;;;;;;;;;;;;;;;;
LAMBERT A2BV;;;;;;;;;;;;;;;;;;;;;;;;;;;1;;;;;;;;;;;;;;;;;;;;;;
LAMBERT A2PL;;;;;;;;;1;;;;;;;;;;;;;;;;;;;;;;;;;;;;;;;;;;;;;;;;
LAMBERT A3MX;;;1;;;;;;;;;;;;;;;;;;;;;;;;;;;;;;;;;;;;;;;;;;;;;;
LAMBERT A4TA;;;;;;;;;;;;;;;;;;;;;;;;;;;;;;;;;;;;;;;;;;;1;;;;;;
LAMBERT S111JD;1;;;;;;;;;;;;;;;;;;;;;;;;;;;;;;;;;;;;;;;;;;;;;;;;
LAMBERT S111VO;;;;;;;;;;;;;;;;;;;;;;;;;;;;;;;;;;;1;;;;;;;;;;;;;;
LAMBERT S11BV;;;;;;;;;;;;;;;;;;;;;;;;;;;;;;;;;;;;;;;;1;;;;;;;;;
LAMBERT S12JD;;1;;;;;;;;;;;;;;;;;;;;;;;;;;;;;;;;;;;;;;;;;;;;;;;
LAMBERT S12PO;;;;;;;;;;;;;;;;;;;;;;;;1;;;;;;;;;;;;;;;;;;;;;;;;;
LAMBERT S13BV;;;;;;;;;;;;;;;;;;;;;;;;;;;;;;;;;;;;;;;;;;;1;;;;;;
LAMBERT S1PL;;;;;;;;;;;;;;;;;;;;;;1;;;;;;;;;;;;;;;;;;;;;;;;;;;
LAMBERT S3GR;;;;;;;;;;;;;;;;;;;;;1;;;;;;;;;;;;;;;;;;;;;;;;;;;;
LAMBORGHINI HURACAN;;;;;;;;;;;;;;;;;;;;;;;;;;;;;;;;;;;;;;;;;;;;;;1;;;
LAND ROVER DISCOVERY;;;1;;;;;;;;;;;;;;;;;;;;;;;;;;;;;;;;;;;;;;;;;;;;;;
LARUE T-70-3C;;;;;;;;;;;;;;;;;;;;;1;;;;;;;;;;;;;;;;;;;;;;;;;;;;
LEO-COR L-RM-8 PL;;;;;;;;;;;;;;;;;;1;;;;;;;;;;;;;;;;;;;;;;;;;;;;;;;
LEO-COR L-TM-5;;;;;;;;;;;;;;;;;;;;;;;;;;;;;;;;;;;;;;;;;;;;;1;;;;
LIU GONG TC750C5;;;;;;;;;;;;;;;;;;;;1;;;;;;;;;;;;;;;;;;;;;;;;;;;;;
LOMAS CAMPING CR240S;;;;;;;;;;;;;;;;;;;;;;;;;;;;;;;;;;;;;;;;;;;;;;;1;;
LOMAS CAMPING CR310S;;;;;;;;;;;;;;;;;;;;;;;;;;;;;;;;;;;;;;;;;;;;;;;1;;
LOMAS CAMPING CR440S;;;;;;;;;;;;;;;;;;;;;;;;;;;;;;;;;;;;;;;;;;;;;1;;;;
LOMAS CAMPING CR450S;;;;;;;;;;;;;;;;;;;;;;;;;;;;;;;;;;;;;;;;;;;;1;;;;;
LOMAS CAMPING CR600S;;;;;;;;;;;;;;;;;;;;;;;;;;;;;;;;;;;;;;;;;;;1;;;;;;
LOMAS CAMPING TG520S;;;;;;;;;;;;;;;;;;;;;;;;;;;;;;;;;;;;;;;;;;;;1;;;;;
LOVOL LT90;;;;;;;;;1;;;;;;;;;;;;;;;;;;;;;;;;;;;;;;;;;;;;;;;;
LUIS IGLESIAS S.B.V.2+1;1;;;;;;;;;;;;;;;;;;;;;;;;;;;;;;;;;;;;;;;;;;;;;;;;
M Y M TRAILERS CALIFORNIA 40 FOOD TRUCK 1E;;;;;;;;;;;;;;;;;;;;;;;;;;;;;;;;;;;;;;;;;;;;;1;;;;
M Y M TRAILERS CALIFORNIA 40 OFFICE TRUCK 1E;;;;;;;;;;;;;;;;;;;;;;;;;;;;1;;;;;;;;;;;;;;;;;;;;;
M Y M TRAILERS CALIFORNIA 40 PLUS FURGON 2 E;;;;;;;;;;;;;;;;;;;;;;;;;;;;;;;;;;;;;;;;;;;;;;;1;;
M Y M TRAILERS CALIFORNIA 52 FOOD 2E;;;;;;;;;;;;;;;;;;;;;;;;;;;;;;;;;;;1;;;;;;;;;;;;;;
M Y M TRAILERS CALIFORNIA 52 OFFICE 2E;;;;;;;;;;;;;;;;;;;;;;;;;;;;;;;;;1;;;;;;;;;;;;;;;;
M Y M TRAILERS CALIFORNIA 64 FOOD TRUCK 2E;;;;;;;;;;;;;;;;;;;;;;;;;;;;;;;;;;;;;;;;;;;1;;;;;;
M Y M TRAILERS CALIFORNIA 76 FOOD TRUCK 2E;;;;;;;;;;;;;;;;;;;;;;;;;;;;;;;;;;;;;;;;;;1;;;;;;;
MACHILE RTM-10-2E;;;;;;;;;;;;;;;;;1;;;;;;;;;;;;;;;;;;;;;;;;;;;;;;;;
MACTRAIL MT1 5 (UNIVERSAL MASTER);;;;;;;;;;1;;;;;;;;;;;;;;;;;;;;;;;;;;;;;;;;;;;;;;;
MACTRAIL TM 14-JET SKI;;;;;;;;;;;;;;;;;;;;;;;1;;;;;;;;;;;;;;;;;;;;;;;;;;
MACTRAIL TM 15R;;;;;;;;;;;;;;;1;;;;;;;;;;;;;;;;;;;;;;;;;;;;;;;;;;
MAN TGM 18320;;;;;;;1;;;;;;;;;;;;;;;;;;;;;;;;;;;;;;;;;;;;;;;;;;
MARCELINI AC16NEF;;;;;;;;;;;;;;;;;;;;;;;;;;;;;;;;;;;;;;;;;;;;;1;;;;
MARCELINI SR12N2B;;;;1;;;;;;;;;;;;;;;;;;;;;;;;;;;;;;;;;;;;;;;;;;;;;
MARCELINI SRC12ND;1;;;;;;;;;;;;;;;;;;;;;;;;;;;;;;;;;;;;;;;;;;;;;;;;
MARCELINI SRC12NEA;;;;;;;;;;;;;;;;;;;;;;;;;;;;;;;;1;;;;;;;;;;;;;;;;;
MARCELINI SRC12NH;;;;;;;;;;;;;;;;;;;;;;;;;1;;;;;;;;;;;;;;;;;;;;;;;;
MARCELINI SRC24NA;;;;;;;;;;;;;;;;;;;;;1;;;;;;;;;;;;;;;;;;;;;;;;;;;;
MARCELINI SRC8ND;;;;;;;;;;;;;;;;;;;;;;;;;;;;;;1;;;;;;;;;;;;;;;;;;;
MARGUI UAM 120TH;;;;;;;;;;;;;;;;;;;;;;;;;;;;;;1;;;;;;;;;;;;;;;;;;;
MARGUI UAM 60/80;;;;;;;;;;;;;;;;;1;;;;;;;;;;;;;;;;;;;;;;;;;;;;;;;;
MARISOL CASILLA ML 8.5 DE TRES (3) EJES;;;;;;;1;;;;;;;;;;;;;;;;;;;;;;;;;;;;;;;;;;;;;;;;;;
MAXUS eDELIVER 9;;;;;;;;;;;;;;;;;;;;;;;;;;;;;;;;;;;;;;;;;;;;;;1;;;
MAXUS T90;;;;;;;;;;;;;;;;;;;;;;;;;;;;;;;;;;;;;;;;;;;;;;;;1;
MCLAREN 570S;;1;;;;;;;;;;;;;;;;;;;;;;;;;;;;;;;;;;;;;;;;;;;;;;;
MCLAREN 750S;;;;;;;;;;;;;;;;;;;;;;;;;;;;;;;;;;;;;;;;;;;;;;;;1;
MERCEDES BENZ ACTROS 2048;;;;;;;;;;;;1;;;;;;;;;;;;;;;;;;;;;;;;;;;;;;;;;;;;;
MERCEDES BENZ ACTROS 2645;;;1;;;;;;;;;;;;;;;;;;;;;;;;;;;;;;;;;;;;;;;;;;;;;;
MERCEDES BENZ ACTROS 3351;;;;1;;;;;;;;;;;;;;;;;;;;;;;;;;;;;;;;;;;;;;;;;;;;;
MERCEDES BENZ ACTROS 4144;;;;;;;;;;;;;;;;;;;;;;;;;;;;;;;;;;;;;;;;;;;1;;;;;;
MERCEDES BENZ AMG GLC 63;;;;;;;;;;;;;;;;;;;;;;1;;;;;;;;;;;;;;;;;;;;;;;;;;;
MERCEDES BENZ AMG GT R;;;;;;;;;;;;;;;;;;;;1;;;;;;;;;;;;;;;;;;;;;;;;;;;;;
MERCEDES BENZ AMG GTC;;;;;;;1;;;;;;;;;;;;;;;;;;;;;;;;;;;;;;;;;;;;;;;;;;
MERCEDES BENZ ATEGO 3330;;;;;;;;;;;;;;;;;;;;;;;;;;;;;;;;;;;;;;;;;;;;;;1;;;
MERCEDES BENZ ATRON 1635;;;;;1;;;;;;;;;;;;;;;;;;;;;;;;;;;;;;;;;;;;;;;;;;;;
MERCEDES BENZ CLA250;;;;;;;;;;1;;;;;;;;;;;;;;;;;;;;;;;;;;;;;;;;;;;;;;;
MERCEDES BENZ GLE 500;;;;;1;;;;;;;;;;;;;;;;;;;;;;;;;;;;;;;;;;;;;;;;;;;;
MERCEDES BENZ UNIMOG;;;;;;;;;;;;;;;;;;;;;;;;;;;;;;;;;;;;;;;;;;1;;;;;;;
MERCEDES BENZ/MARCOPOLO OF 1621;;;;1;;;;;;;;;;;;;;;;;;;;;;;;;;;;;;;;;;;;;;;;;;;;;
MERTZ 101483328;;;;;;;;;;;;;;;;;;;;;;;;;;;;;;;;;;;;;;;;;;;;;;;;1;
MERTZ 102955432;;;;;;;;;;;;;;;;;;;;;;;;;;;;;;;1;;;;;;;;;;;;;;;;;;
MERTZ SEMIRREMOLQUE;;;;;;;;;;;;;;;;;;;;;;;;;;;;;;;;;;;;;;;;;;;;;;1;;;
METAGRO SP-2E-CG;;;;;;;;;;;;;;;;;;;;1;;;;;;;;;;;;;;;;;;;;;;;;;;;;;
METALURGICA ALEM S3E SIDER;;;;;;;1;;;;;;;;;;;;;;;;;;;;;;;;;;;;;;;;;;;;;;;;;;
METALURGICA ALEM S4E SIDER;;;;;;;;;;;;;;;;;;;;;;;;;;;;;;;;;;;;;;;;;;;;1;;;;;
METALURGICA BELGRANO ACOPLADO TANQUE 3 EJES SUSP.MECANICA;;;;;;;;;;;1;;;;;;;;;;;;;;;;;;;;;;;;;;;;;;;;;;;;;;
METALURGICA BELGRANO TANQUE DEPRIMIDO N;;;;;;;;;;;;;;;;;;;;;;;;;1;;;;;;;;;;;;;;;;;;;;;;;;
MIC SEMIRREMOLQUE DE 3 EJES (1+2);;;;;1;;;;;;;;;;;;;;;;;;;;;;;;;;;;;;;;;;;;;;;;;;;;
MIC SEMIRREMOLQUE DE 3 EJES (1+2) CARGA GENERAL;;;;;;;;;;;;;;;;;;;;;;;;;;;;;;;;;;;;;1;;;;;;;;;;;;
MILEI SRT-3 (1+2);;;;;;;;;;;;;;;;;;1;;;;;;;;;;;;;;;;;;;;;;;;;;;;;;;
MINI ACEMAN;;;;;;;;;;;;;;;;;;;;;;;;;;;;;;;;;;;;;;;;;;;;;;;;;1
MITSUBISHI MONTERO;;;;;;;;;;;;;;;;;;;;;;;1;;;;;;;;;;;;;;;;;;;;;;;;;;
MM-MARTIN A3-JGDP;;;;;;;;;;;;;;;;;;;;;;;;;;;;;;;;;;1;;;;;;;;;;;;;;;
MM-MARTIN A3-JGPS;;;;;;;;;;;;;;;;;;;;;;;;;;;;;;;;;;1;;;;;;;;;;;;;;;
MM-MARTIN ACOPLADO AVDF-A3-TOLVA;;;;;;;;;;;;;;;;1;;;;;;;;;;;;;;;;;;;;;;;;;;;;;;;;;
MM-MARTIN AVDF-A3-GAN;;1;;;;;;;;;;;;;;;;;;;;;;;;;;;;;;;;;;;;;;;;;;;;;;;
MM-MARTIN AVDF-A3-MIXTO;;;;;;1;;;;;;;;;;;;;;;;;;;;;;;;;;;;;;;;;;;;;;;;;;;
MM-MARTIN AVDF-A3-PLAYO;;;;;;;;;;;;;;;;;1;;;;;;;;;;;;;;;;;;;;;;;;;;;;;;;;
MM-MARTIN MEYER;;;;;;;;;;;;;;;;;;;;;;;;;;;;;;;;;;;;;;;;;;;;;;;1;;
MM-MARTIN S-TVA-3E;;;;;;;;;;;;;;;;;;;;;;;;;;;;;;;;;;;;;;;1;;;;;;;;;;
MONTENEGRO ACOPLADO CARGA GENERAL 3 EJES;;;;;;;;1;;;;;;;;;;;;;;;;;;;;;;;;;;;;;;;;;;;;;;;;;
MONTENEGRO ACOPLADO CURTAIN SIDER 2 EJES;;;;;;;;;;;;;;;1;;;;;;;;;;;;;;;;;;;;;;;;;;;;;;;;;;
MONTENEGRO ACOPLADO FURGON TERMICO 3 EJES;;;;;;;;;;;;;;;;;;;;;;1;;;;;;;;;;;;;;;;;;;;;;;;;;;
MONTENEGRO ACOPLADO JAULA GANADERA 4 EJES;;;1;;;;;;;;;;;;;;;;;;;;;;;;;;;;;;;;;;;;;;;;;;;;;;
MONTENEGRO ACOPLADO PLAYO 2 EJES;;;;;;;;;;;;;;;;;;;;;;;;;;;;;;;;;;;;;;;;;;;1;;;;;;
MONTENEGRO ACOPLADO TODO PUERTAS 3 EJES;;;;;;;;;;;;;;;;;;;;;;;;;;;;;;;;;;;;;;;;;;1;;;;;;;
MONTENEGRO SEMIRREMOLQUE BARANDA VOLCABLE 2 EJES;;;;;;1;;;;;;;;;;;;;;;;;;;;;;;;;;;;;;;;;;;;;;;;;;;
MONTENEGRO SEMIRREMOLQUE BARANDA VOLCABLE 3E;;;;;;;;;;;;;;;;;;;;;;;1;;;;;;;;;;;;;;;;;;;;;;;;;;
MONTENEGRO SEMIRREMOLQUE CARRETON EXTENSIBLE 4 EJES;;;;;;;;;;;1;;;;;;;;;;;;;;;;;;;;;;;;;;;;;;;;;;;;;;
MONTENEGRO SEMIRREMOLQUE EXTENSIBLE 3 EJES;;;1;;;;;;;;;;;;;;;;;;;;;;;;;;;;;;;;;;;;;;;;;;;;;;
MONTENEGRO SEMIRREMOLQUE FURGON TERMICO 2 EJES;;;;;;;;;;;;;;;;;;;;;;;;;;;;;;;;;;;;;;;;1;;;;;;;;;
MONTENEGRO SEMIRREMOLQUE JAULA HACIENDA 3 EJES FULL NEUMATICO;;;;;;;;;;;;;1;;;;;;;;;;;;;;;;;;;;;;;;;;;;;;;;;;;;
MONTENEGRO SEMIRREMOLQUE PLAYO 2 EJES;;;;;;;;;;;;;;;;;;;;;;;;;;;;;;;1;;;;;;;;;;;;;;;;;;
MONTENEGRO SEMIRREMOLQUE TODO PUERTAS 1+2 EJES;;;;;;;;;;;;;;;;;;;1;;;;;;;;;;;;;;;;;;;;;;;;;;;;;;
MONTENEGRO SEMIRREMOLQUE TODO PUERTAS 2 EJES;;;;;;;;;;;;;;;;;;;;;;;;;;;;;;;;;1;;;;;;;;;;;;;;;;
MONTENEGRO SEMIRREMOLQUE VUELCO BILATERAL 1+1+1 EJES;1;;;;;;;;;;;;;;;;;;;;;;;;;;;;;;;;;;;;;;;;;;;;;;;;
MONTESUR AP2;;;1;;;;;;;;;;;;;;;;;;;;;;;;;;;;;;;;;;;;;;;;;;;;;;
MONTESUR SVT3;;;;;;;;;;;;;;;;;;;;;;;;;;;;;;;;;;;;;;;;;;;1;;;;;;
NAVATUC NT ACOPLADO PLAYO DE 2 EJES;;;;;;;;;;;;;;;;;;1;;;;;;;;;;;;;;;;;;;;;;;;;;;;;;;
NAVATUC NT SEMIRREMOLQUE CARRETON DE 3 EJES;;;;;;1;;;;;;;;;;;;;;;;;;;;;;;;;;;;;;;;;;;;;;;;;;;
NAVATUC NT SEMIRREMOLQUE VOLCADOR BILATERAL 2+1 DIRECCIONAL;;;;1;;;;;;;;;;;;;;;;;;;;;;;;;;;;;;;;;;;;;;;;;;;;;
NICCOLO SEMIRREMOLQUE 3 EJES (1+1+1) ABS-EBS;;;;;;;;;;;;;;;;;;;;;;;;;;;1;;;;;;;;;;;;;;;;;;;;;;
NIÑO JESUS DE PRAGA ACOPLADO/SEMIRREMOLQUE;;;;;;;1;;;;;;;;;;;;;;;;;;;;;;;;;;;;;;;;;;;;;;;;;;
NIÑO JESUS DE PRAGA SCD2ETCD;1;;;;;;;;;;;;;;;;;;;;;;;;;;;;;;;;;;;;;;;;;;;;;;;;
NIÑO JESUS DE PRAGA SCD3LECD CARRETON;;;;;;;;;;;;;;1;;;;;;;;;;;;;;;;;;;;;;;;;;;;;;;;;;;
NIÑO JESUS DE PRAGA SCD4ETCF CARRETON;;;;;;;;;;;;;;;1;;;;;;;;;;;;;;;;;;;;;;;;;;;;;;;;;;
NIÑO JESUS DE PRAGA SCP4LEF CARRETON;;;;;;;;;;;;;;;;;;;;;;;;;;;;;;;;;;;1;;;;;;;;;;;;;;
NIÑO JESUS DE PRAGA SRD1E;;;;;;;;;;;;;;;;;;;;;;;;;;;;;;;;;1;;;;;;;;;;;;;;;;
NIÑO JESUS DE PRAGA SRD1E;;;;;;;;;;;;;;;;;;;;;;;;;;;;;;;;;;;;;;;;;;;;;1;;;;
NIÑO JESUS DE PRAGA SRD2E;;;;;;;;;;;;;;;;;;;;;;;;;;;;;1;;;;;;;;;;;;;;;;;;;;
NIÑO JESUS DE PRAGA SRP1E;;;;1;;;;;;;;;;;;;;;;;;;;;;;;;;;;;;;;;;;;;;;;;;;;;
NIÑO JESUS DE PRAGA SRP2E;;;;;;;;1;;;;;;;;;;;;;;;;;;;;;;;;;;;;;;;;;;;;;;;;;
NISSAN 400 Z;;;;;;;;;;;;;;;;;;;;;;;;;;;;;;;;;;;;;;;;;;;;1;;;;;
NISSAN NAVARA;;;;;;;;;;;;;;;;;;;;;;;;;;;;;;;;1;;;;;;;;;;;;;;;;;
OMBU ABV2E885;1;;;;;;;;;;;;;;;;;;;;;;;;;;;;;;;;;;;;;;;;;;;;;;;;
OMBU AVB3E930;;;;;;;;;;;;;;;;;;;;;;;;;;;1;;;;;;;;;;;;;;;;;;;;;;
OMBU SCS2E1550;;;;;;;;;;;;;;;;;;;;;;;;;;;;;;;;;;;;;;1;;;;;;;;;;;
OMBU SP3E1350;;;;;;;;;;;;;;;;;;;;;;;;;;;1;;;;;;;;;;;;;;;;;;;;;;
OTROS AEC7535CO2;;;;;;;;;;;;;;;;;;;;1;;;;;;;;;;;;;;;;;;;;;;;;;;;;;
OTROS NAUTICO 5 METROS 1 EJE;;;;;;;;;;;;;;;;;;;;;;;1;;;;;;;;;;;;;;;;;;;;;;;;;;
PERFASIL ETERNO SJ1P;;;;;;;1;;;;;;;;;;;;;;;;;;;;;;;;;;;;;;;;;;;;;;;;;;
PINCEN ATLA 3E;;;;;;;;;;;;;;;;;;;;;;;;;;;;;;;;;;;;1;;;;;;;;;;;;;
PINCEN SFTLA 1+1+1 E;;;;;;;;;;;;;;;;;;;;;;;;;;;;;;;;;;;;;;;;;1;;;;;;;;
PINCEN SFTLA 1+1E;;;;;;;;;;;;;;1;;;;;;;;;;;;;;;;;;;;;;;;;;;;;;;;;;;
PINCEN SFTLA 2E;;;;;;;;;;;;;;;;;;;;1;;;;;;;;;;;;;;;;;;;;;;;;;;;;;
PONTIAC OTROS;;;;;;;;;;;;;;;;;;;;;;;;;;;;;;;1;;;;;;;;;;;;;;;;;;
QME ACOPLADO/SEMIRREMOLQUE;;;;;;;;;;;;;;;;;;;;;;;;;;;;;1;;;;;;;;;;;;;;;;;;;;
RAMI BATAN;;;;;;;;;;;;;;;;;;;;;;;;;;;;;;;;;;;;;;;;;1;;;;;;;;
RAMI CARGO - TRAILER;;;;;;;;;;;;;;;;;;;;;;;;;;;;;;;;;;;;;;;;;1;;;;;;;;
RAMI FURGON;;;;;;;;;;;;;;;;;;;;;;;;;;;;;;;;;;;;;;;;;1;;;;;;;;
RAMI NAUTICOCAT2;;;;;;;;;;;;;;;;;;;;;;;;;;;;;;;;;;;;;;;;1;;;;;;;;;
RAMI PLAYOCAT2UNEJE;;;;;;;;;;;;;;;;;;;;;;;;;;;;;;;;;;;;;;1;;;;;;;;;;;
RANDON SR-RB-03;;;;;;;;;;;;;;;;;;;;;;;;;;;;;;;;;;;;;;;;;;;;;;1;;;
RAUDA DISCOLO 2.0;;;;;;1;;;;;;;;;;;;;;;;;;;;;;;;;;;;;;;;;;;;;;;;;;;
RBA ACOPLADO 3 EJES (1+2);;;;;;;;;;;;;;;;;;;;;;;;;;;;;;;;;;;1;;;;;;;;;;;;;;
REMOCAR ACOPLADO TOLVA AUTODESCARGABLE;;;;;;;;;;;;;;1;;;;;;;;;;;;;;;;;;;;;;;;;;;;;;;;;;;
REMOLQUES PAMPA BARANDA VOLCABLE S(1+2)E;;;;;;;;;;;;;;;;1;;;;;;;;;;;;;;;;;;;;;;;;;;;;;;;;;
REMOLQUES PAMPA CURTAIN SIDER S(1+2)E;;;;;;;;;1;;;;;;;;;;;;;;;;;;;;;;;;;;;;;;;;;;;;;;;;
REMOLQUES PAMPA VOLCADOR BILATERAL 3 EJES;;;;;;;;;;;;;;;;;;;;;1;;;;;;;;;;;;;;;;;;;;;;;;;;;;
REMOLQUES RECONQUISTA AC0110- 3 GARRAFERO;;;;;;;;;;;;;;;;;;;;;;;;;;;;;;;;;;1;;;;;;;;;;;;;;;
REMOLQUES RECONQUISTA AC0303- ACOP 4 E PLAYO;;;;;;1;;;;;;;;;;;;;;;;;;;;;;;;;;;;;;;;;;;;;;;;;;;
REMOLQUES RECONQUISTA AC0308 - ACOP 4 E CURTAIN SIDER;;;;;;;;;;;;;;;;;;;;;1;;;;;;;;;;;;;;;;;;;;;;;;;;;;
REMOLQUES RECONQUISTA SE0107;;;;;;;;;;;;;;;;;;;;;;;;1;;;;;;;;;;;;;;;;;;;;;;;;;
REMOLQUES RECONQUISTA SE0402 - 3 EJES BARANDA VOLCABLE;;;;;;;;;;;;;;;;;;;;;;;;;;;;;;;;;;;;;;;;;;1;;;;;;;
REMOLQUES RECONQUISTA SE0411;;;;;;;;;;;;;;;;;;;;;;;;;;;;;;;;;;;;;;;;;;;;;;1;;;
RENAULT CLIO;;;;;;;;;;;;;;;;;;;;;;;;;;1;;;;;;;;;;;;;;;;;;;;;;;
RENAULT D14;;;;;;;;;;;;;;;;;;;1;;;;;;;;;;;;;;;;;;;;;;;;;;;;;;
RENAULT NUEVO LOGAN;1;;;;;;;;;;;;;;;;;;;;;;;;;;;;;;;;;;;;;;;;;;;;;;;;
RESEMIN CT10;;;;;;;;;;;;;;;;;;;;;;;;;;;;;;;;;;;;;;;;;;;;;;;1;;
RHAPSODY CAMPS PYACP1EJEO1;;;;;;;;;;;;;;;;;;;;;;;;;;;;;;;;;;;;;;;;;;;1;;;;;;
RUBIOLO CISTERNA 3000 (CI1004);;;;;;;;;;;;;;;;;;;;;;;;;;;;;;;;;;;;;;;;;;;;1;;;;;
RUBIOLO HIMOINSA;;;;;;;;;;;;;;;;;;;;;;;;;;;;;;;;;;;;;;;;;;;;;1;;;;
RUBIOLO PLAYO BATAN (PL1029);;;;;;;;;;;;;;;;;;;;;;;;;;;;;;;;;;;;;;;;;;;;;1;;;;
RUBIOLO PLAYO MULTIUSO O2 (HO1002);;;;;;;;;;;;;;;;;;;;;;;;;;;;;;;;;;1;;;;;;;;;;;;;;;
RUBIOLO PORTA GRUPO ELECTROGENO (HO1021);;;;;;;;;;;;;;;;;;;;;;;;;;;;;;;;;;;;;;;;;;;;;;;1;;
RUBIOLO TOW DOLLY (TR1023);;;;;;;;;;;;;;;;;;;;;;;1;;;;;;;;;;;;;;;;;;;;;;;;;;
RUBIOLO TRAILER (TR1002);;;;;;;;;;;;;;;;;;;;;;;;;;;;;;;;;;;;;;;;;;;;;;;;1;
RUBIOLO TRAILER (TR1009);;;;;;;;;;;;;;;;;;;;;;;;;;;;;;;;;;;;;;;;;;;;;1;;;;
RUBIOLO TRAILER AUXILIO MECANICO (TR1015);;;;;;;;;;;;;;;;;;;;;;;;;;;;;;;;;;;;;;;;;;;;;;;1;;
RUBIOLO TRAILER BASCULANTE (TR1014);;;;;;;;;;;;;;;;;;;;;;;;;;;;;;;;;;;;;;;;;;;;;;1;;;
RUBIOLO TRAILER QUAD UTV (TR1020);;;;;;;;;;;;;;;;;;;;;;;1;;;;;;;;;;;;;;;;;;;;;;;;;;
RUTERA ACOPBV3EJES;;;;;;;;;;1;;;;;;;;;;;;;;;;;;;;;;;;;;;;;;;;;;;;;;;
RUTERA ACOPJ3EJES;;;;;;;;;;;;;;;;;;;;;;;;;;;;;;;;;;;;;;;;;;1;;;;;;;
S STOESSEL ASVB3;;;;;;;1;;;;;;;;;;;;;;;;;;;;;;;;;;;;;;;;;;;;;;;;;;
SALTO ACCH3E;;;;;;1;;;;;;;;;;;;;;;;;;;;;;;;;;;;;;;;;;;;;;;;;;;
SALTO BIDBV2E;;;;;;;;;;;;;;;;;;;;;;;;;;;;;;;;;;;;;;;;;;;;1;;;;;
SALTO BITBV2E;;;;;;;;;;;;;;;;;;;;;;;;;;;;;;;;;;;;;;;;;;;;1;;;;;
SALTO SBDP2E;;;;;;;;;;;;;;;;;;;1;;;;;;;;;;;;;;;;;;;;;;;;;;;;;;
SALTO SBTP2E;;;;;;;;;;;;;;;;;;;1;;;;;;;;;;;;;;;;;;;;;;;;;;;;;;
SALTO SCF3E;;;;;;;;;;;;;;;;;;;;;;;;;;;;;;;;;;;;;;;;;;;;1;;;;;
SALTO SRFAL2E;;;;;;;;;;;;;;;;;;;;;;;;;;;;;;;;;;;;;;;;;;;;1;;;;;
SALTO SRPC2E;;;;;;;;;;;;;;;;;;;;;;;;;;;;;;;;;;;;;;;;;;;1;;;;;;
SALTO SRPC3E;;;;;;;;;;;;;1;;;;;;;;;;;;;;;;;;;;;;;;;;;;;;;;;;;;
SALTO SRPCE1D4E;;1;;;;;;;;;;;;;;;;;;;;;;;;;;;;;;;;;;;;;;;;;;;;;;;
SANY SAC 1600S;;;;;;;;;;;;1;;;;;;;;;;;;;;;;;;;;;;;;;;;;;;;;;;;;;
SANY SAC1600C7;;;;;;;;;;;;;;;;;;;;;;;;;;;;;;;;;;;;;;1;;;;;;;;;;;
SANY SAC2200S7;;;;;;;;;;;;;;;;;;;;;;;;;;;;;;;;;;;;;;1;;;;;;;;;;;
SANY SAC2500E;;;;;;;;;;;;;;;;;;;;;;;;;;;;;;;;;;;;;;;;;;;1;;;;;;
SANY STC 1000 S;;;;;;;;;;;1;;;;;;;;;;;;;;;;;;;;;;;;;;;;;;;;;;;;;;
SANY STC 1100 S;;;1;;;;;;;;;;;;;;;;;;;;;;;;;;;;;;;;;;;;;;;;;;;;;;
SANY STC 700 C5X;;;;;;;;;;;;;;;;;;;;;;;;1;;;;;;;;;;;;;;;;;;;;;;;;;
SANY STC600;1;;;;;;;;;;;;;;;;;;;;;;;;;;;;;;;;;;;;;;;;;;;;;;;;
SANY STC900T;;;;;1;;;;;;;;;;;;;;;;;;;;;;;;;;;;;;;;;;;;;;;;;;;;
SATURNI CARGA GENERAL 3EA;;;;;;;;;;;;1;;;;;;;;;;;;;;;;;;;;;;;;;;;;;;;;;;;;;
SATURNI VOLCADOR TRASERO 3ES;;;;;;;;;;;;;;;;;;;;1;;;;;;;;;;;;;;;;;;;;;;;;;;;;;
SAYI ACOPLADO AC.BV.03;;;;;;1;;;;;;;;;;;;;;;;;;;;;;;;;;;;;;;;;;;;;;;;;;;
SCANIA 114L;;;;;;;;1;;;;;;;;;;;;;;;;;;;;;;;;;;;;;;;;;;;;;;;;;
SCANIA P310;;;;1;;;;;;;;;;;;;;;;;;;;;;;;;;;;;;;;;;;;;;;;;;;;;
SCANIA R440;;;;;;;1;;;;;;;;;;;;;;;;;;;;;;;;;;;;;;;;;;;;;;;;;;
SCANIA/IRIZAR K310;;;;;;;1;;;;;;;;;;;;;;;;;;;;;;;;;;;;;;;;;;;;;;;;;;
SCANIA/MARCOPOLO K400;1;;;;;;;;;;;;;;;;;;;;;;;;;;;;;;;;;;;;;;;;;;;;;;;;
SCHELL SEM501-PAO;;;;;;;;;;;;;1;;;;;;;;;;;;;;;;;;;;;;;;;;;;;;;;;;;;
SCHELL SEM506-TLA;;;;;;;;;;;;;;;;;;;;;;;;;;;;;;;;;;;;;;;;;;1;;;;;;;
SCHELL SEM508-CGA;;;;;;;;;;;;;;;;;;;;;;;;;;;;;;;;;;;;;;;1;;;;;;;;;;
SEAT ATECA;;;;;;;;;;;;;;;;;;;;;;;;;;;;;;;;;;;;;;;;;;;1;;;;;;
SHACMAN M3000S;;;;;;;;;;;;;;;;;;;;;;;;;;;;;;;;;;;;;;;;;;;;;;;;1;
SIN MARCA 05;;;;;;;;;;;;;;;;;;;;;;;;;;;;;;;;;;;;;;;;;;;;;1;;;;
SIN MARCA 3.50M 1E LCM;;;;;;;;;;;;;;;;;;;;;;;;;;;;;;;;;;;;;1;;;;;;;;;;;;
SIN MARCA 4.00M LCM;;;;;;;;;;;;;;;;;;;;;;;;;;1;;;;;;;;;;;;;;;;;;;;;;;
SIN MARCA AC450;;;;;;;;;;;;;;;;;;;;;;;;;;;;;;;;;;;;;;;;;;;;;;;;1;
SIN MARCA AC4E-BV;;;;;;;;;;;;;;;;;;;;;;;;;;;;;;;;;;;;;;;;1;;;;;;;;;
SIN MARCA AC4E-PC;;;;;;;;;;;;;;;;;;;;;;;;;;;;;;;;;;1;;;;;;;;;;;;;;;
SIN MARCA AC570;;;;;;;;;;;;;;;;;;;;;;;;;;;;;;;;;;;;;;;;;;;;;;;;1;
SIN MARCA ACOPLADO HABITACIONAL 2 EJES;;;;;;;;;;;;;;;;;;;;;;;;;;;;;1;;;;;;;;;;;;;;;;;;;;
SIN MARCA CG8A9A0720C;;;;;;;;;;;;;;;;;;;;;;;;;;;;;;1;;;;;;;;;;;;;;;;;;;
SIN MARCA CHOIQUE 550;;;;;;;;;;;;;;;;;;;;;;;;;;;;;;;;;;;;;;;;;;;;1;;;;;
SIN MARCA CR0210450;;;;;;;;;;;;;;;;;;;;;;;;;;;;;;;;;;;;;;;;;;;;;;;;1;
SIN MARCA CRO1350 GOLONDRINA;;;;;;;;;;;;;;;;;;;;;;;;;;;;;;;;;;;;;;;;;;;;1;;;;;
SIN MARCA CRO1500 CALANDRIA;;;;;;;;;;;;;;;;;;;;;;;;;;;;;;;1;;;;;;;;;;;;;;;;;;
SIN MARCA G2;;;;;;;;;;;;;;;;;;;;;;;;;;;;;;;;;;;;;;;1;;;;;;;;;;
SIN MARCA G3;;;;;;;;;;;;;;;;;;;;;;;;;;;;;;;;;;;;;;;;;;1;;;;;;;
SIN MARCA JSACE2ET3500 - CISTERNA ELIPTICA;;;;;;;;;;;;;;;;;;;;;;;;;;;;;;;;;;;;;;;;;;;;;1;;;;
SIN MARCA JSAMB2ET3500;;;;;;;;;;;;;;;;;;;;;;;;;;;;;;;;;;;;;;1;;;;;;;;;;;
SIN MARCA JSAPL2ET3500;;;;;;;;;;;;;;;;;;;;;;;;;;;;;;;;;;;;;;;;;;;;;1;;;;
SIN MARCA KE 1000 L;;;;;;;;;;;;;;;;;;;;;;;;;;;;;;1;;;;;;;;;;;;;;;;;;;
SIN MARCA KE 800 L;;;;;;;;;;;;;;;;;;;;;;;;;;;;;;;;;;;;;;1;;;;;;;;;;;
SIN MARCA N TRAILER NAUTICO 4M 1E;;;;;;;;;;;;;;;;;;;;;;;;;;;;;;;;1;;;;;;;;;;;;;;;;;
SIN MARCA N TRAILER NAUTICO 5M 1E;;;;;;;;;;;;;;;;;;;;;;;;;;;;;;;;;;;;;;;1;;;;;;;;;;
SIN MARCA NAUTICO 6M 1EJE CAT O1;;;;;;;;;;;;;;;;;;;;;;;;;;;;;;;;;;1;;;;;;;;;;;;;;;
SIN MARCA SHIP RODANTE 2 EJES;;;;;;;;;;;;;;;;;;;;;;;;;;;;;;;;;;;;;;;;;;;;;1;;;;
SIN MARCA TR 3D;;;;;;;;;;;;;;;;;;;;;;;;;;;;;;;;1;;;;;;;;;;;;;;;;;
SIN MARCA TRAILER HABITACIONAL 2 EJES;;;;;;;;;;;;;;;;;;;;;;;;;;;;;;;;;1;;;;;;;;;;;;;;;;
SIN MARCA VISIBLE 20 TN 12 MTS;;;;;;;;;;;;;;;;;;;;;;;;;;;;;;;;;;;;;;;;;;;;1;;;;;
SINOTRUK ZZ5371;;;;;;;;;;;;1;;;;;;;;;;;;;;;;;;;;;;;;;;;;;;;;;;;;;
SOLA Y BRUSA BITREN PRIMERA ESPECIE 2ET FORESTAL;;;;;;;;;;;;;;;;;;;;;;;;;;;;;;;;;;;;;;1;;;;;;;;;;;
SOLA Y BRUSA BITREN PRIMERA ESPECIE 3ET CORTINA LATERAL;;;;;;;;;;;;;;;;;;;;;;;;;;;;;;;;;;;;;;;;;;;1;;;;;;
SOLA Y BRUSA BITREN PRIMERA ESPECIE 3ET VUELCO;;;;;;;;;;;;;;;;;;;;;;;;;;;;;;;;;;;;;;;;;;1;;;;;;;
SOLA Y BRUSA BITREN SEGUNDA ESPECIE 2ET FORESTAL;;;;;;;;;;;;;;;;;;;;;;;;;;;;;;;;;;;;;;1;;;;;;;;;;;
SOLA Y BRUSA BITREN SEGUNDA ESPECIE 3ET CORTINA LATERAL;;;;;;;;;;;;;;;;;;;;;;;;;;;;;;;;;;;;;;;;;;;1;;;;;;
SOLA Y BRUSA BITREN SEGUNDA ESPECIE 3ET VUELCO BILATERAL;;;;;;;;;;;;;;;;;;;;;;;;;;;;;;;;;;;;;;;;;;1;;;;;;;
SOLA Y BRUSA CORT. LAT 2 EJES;;;;;;;;;;;;;;;;;;1;;;;;;;;;;;;;;;;;;;;;;;;;;;;;;;
SOLA Y BRUSA CORTINAS LATERALES 4 EJES;;;;;;;;;;;;;;;1;;;;;;;;;;;;;;;;;;;;;;;;;;;;;;;;;;
SOLA Y BRUSA FORESTAL 2 EJES TANDEM;;;1;;;;;;;;;;;;;;;;;;;;;;;;;;;;;;;;;;;;;;;;;;;;;;
SOLA Y BRUSA FORESTAL 3 EJES TANDEM;;;;;;;;;;;;;;;;;;;;;;;;;;;;;;;;;;;;;1;;;;;;;;;;;;
SOLA Y BRUSA FURGON TERMICO 3 EJES;;;;;;;;;;;;;;;;;;;1;;;;;;;;;;;;;;;;;;;;;;;;;;;;;;
SOLA Y BRUSA GANADERO 2 EJES DESPLAZADOS;;;;;;;;;;;;;;;;;;;;;;;;;;;;;;;;;;;;;;;;;;1;;;;;;;
SOLA Y BRUSA GANADERO 3 EJES TANDEM;;;;;;;;;;1;;;;;;;;;;;;;;;;;;;;;;;;;;;;;;;;;;;;;;;
SOLA Y BRUSA MIXTO 3 EJES;;;;;;;;;;;1;;;;;;;;;;;;;;;;;;;;;;;;;;;;;;;;;;;;;;
SOLA Y BRUSA PORTACONTENEDOR 3 EJES TANDEM;;;;;;;;1;;;;;;;;;;;;;;;;;;;;;;;;;;;;;;;;;;;;;;;;;
STAHL A4510B;;;;;;;;;;;;;;;;;;;;;;;;1;;;;;;;;;;;;;;;;;;;;;;;;;
STAHL A4510V;;;;;;;;;;;;;;;;;;;;;;;;;;;;;;;;;;;;;;;;;;;1;;;;;;
STAHL AB 5400;;;;;;;;;;;;;;;;;;;;;;;;;;;;;;1;;;;;;;;;;;;;;;;;;;
STAHL AB5120;;;;;;1;;;;;;;;;;;;;;;;;;;;;;;;;;;;;;;;;;;;;;;;;;;
STAHL AG5400;;;1;;;;;;;;;;;;;;;;;;;;;;;;;;;;;;;;;;;;;;;;;;;;;;
STAHL AT5900;;;;;;;;;;;;;;;;;;;1;;;;;;;;;;;;;;;;;;;;;;;;;;;;;;
STAHL AV 5400;;;;;;;;;;;;;;;;;;;;;;;;;;;;;;;;;;;;;;;;;1;;;;;;;;
STAHL AV5100;;1;;;;;;;;;;;;;;;;;;;;;;;;;;;;;;;;;;;;;;;;;;;;;;;
STAHL AY5400;;;;;;;;;;;;;;;;;;;;;;;;;;;;;;1;;;;;;;;;;;;;;;;;;;
STAHL SEMI REMOLQUE BARANDA VOLC. AS5600 - LARGO 15500;;;;;;;;;;;;;;;;;;;;;;;;;;;;;;;;;;;;;;;;;1;;;;;;;;
STAHL SEMI REMOLQUE PLAYO AS5200 - LARGO 14500;;;;;;;;;;;;;;;;;;;;;;;;;;;;;;;;;;;;;;;;;;;;1;;;;;
STAHL SEMI REMOLQUE SIDER AS5400 - LARGO13600;;;;;;;;;;;;;;;;;;;;;;;;;;;;;;;;;;;;1;;;;;;;;;;;;;
STRUPENI ACOPLADOS SEMIRREMOLQUE 3 EJES (1+2);;;;;;;;;;;;;;;;1;;;;;;;;;;;;;;;;;;;;;;;;;;;;;;;;;
SUPROTRAILER ST N3 (4 EJES);;;;;;;;;;;;;;;;;;;;;;;1;;;;;;;;;;;;;;;;;;;;;;;;;;
SUPROTRAILER ST N3 (5 EJES);;;;;;;;;;;;;;;;;;;;;;;1;;;;;;;;;;;;;;;;;;;;;;;;;;
SUZUKI SPRESSO;;;;;;;;;;;;;;;;;;;;;;;;;;;;;;;;;;;;;;;;;;;;;;;1;;
T.M. MAZZEO SEMIRREMOLQUE 2 EJES EN TANDEM NORMAL;;;;;;;;;;;1;;;;;;;;;;;;;;;;;;;;;;;;;;;;;;;;;;;;;;
TAHNOS CHBL 2E CCI;;;;;1;;;;;;;;;;;;;;;;;;;;;;;;;;;;;;;;;;;;;;;;;;;;
TAHNOS CHBL 3E CG;;;;;;;;1;;;;;;;;;;;;;;;;;;;;;;;;;;;;;;;;;;;;;;;;;
TAHNOS CHBL 3E CJAV;;;;;;;;;;;;;;;;;;;1;;;;;;;;;;;;;;;;;;;;;;;;;;;;;;
TAHNOS CHVL 2E TA;;;;;;;;;;;;;;;;;;;;;;;;;;;;;;;;;;;;;;;;;;;1;;;;;;
TAURUS 4.0;;;;;;;;;1;;;;;;;;;;;;;;;;;;;;;;;;;;;;;;;;;;;;;;;;
TIFFIN MOTORHOMES ALLEGRO BUS 45 FP;;;;;;;;;;;;;;;;;;;;;;;;;;;;;;;;;;;;;;;;;;;;;;;1;;
TITAN ACOPLADO/SEMIRREMOLQUE;;;;;;;;;;;;;;;;;;;;;;;;;;;;;;;;;;;;;;;;;;;;;;1;;;
TMT TRANSMONTAND S.A. D24R3L;;;;;;;;;;;;;;;;;;1;;;;;;;;;;;;;;;;;;;;;;;;;;;;;;;
TOYOTA GR COROLLA;;;;;;;;;;;;;;;;;;;;;1;;;;;;;;;;;;;;;;;;;;;;;;;;;;
TOYOTA INNOVA;;1;;;;;;;;;;;;;;;;;;;;;;;;;;;;;;;;;;;;;;;;;;;;;;;
TOYOTA RAIZE;;;;;;;;;;;;;;;;;;;;;;;;;1;;;;;;;;;;;;;;;;;;;;;;;;
TOYOTA TUNDRA;;;;;;;;;;;;;;;;;;;;;;;;;;;;1;;;;;;;;;;;;;;;;;;;;;
TRAILERS GALLO TRAILERS FURGON;;;;;;;;;;;;;;;;;;;;;;;;;;;;;;;;;;;;;;;;;1;;;;;;;;
TRAIMAX TI 850;;;;;;;;;;;;;;;;;;;;;;;;;;;;;;;;;;;1;;;;;;;;;;;;;;
TURBO´S HOET GOOSENECK;;;;;;;;;;;;;;;;1;;;;;;;;;;;;;;;;;;;;;;;;;;;;;;;;;
UD TRUCKS CWE;;;;;;;;;;;;;;;;;;;;;;;;;;;;;;;;;;;;;;;;;;;;;1;;;;
VOLKSWAGEN CONSTELLATION 15.190;;;;;;;;;;;;;;;;;;;;;;;;1;;;;;;;;;;;;;;;;;;;;;;;;;
VOLKSWAGEN E-DELIVERY;;;;;;;;;;;;;;;;;;;1;;;;;;;;;;;;;;;;;;;;;;;;;;;;;;
VOLKSWAGEN GOL;;;;;;;;;;;;1;;;;;;;;;;;;;;;;;;;;;;;;;;;;;;;;;;;;;
VOLKSWAGEN SCIROCCO;;;1;;;;;;;;;;;;;;;;;;;;;;;;;;;;;;;;;;;;;;;;;;;;;;
VOLKSWAGEN SURAN;;;;;;;1;;;;;;;;;;;;;;;;;;;;;;;;;;;;;;;;;;;;;;;;;;
VOLKSWAGEN THE BEETLE;;;;1;;;;;;;;;;;;;;;;;;;;;;;;;;;;;;;;;;;;;;;;;;;;;
VOLKSWAGEN TOUAREG;;;;;;;;1;;;;;;;;;;;;;;;;;;;;;;;;;;;;;;;;;;;;;;;;;
VOLVO FM 460;;;;;;;;;;;;;;;;;;;;;;;;;;;;;;;;;;;;;;;;;;;;;;1;;;
VOLVO FMX 410;;;;;;;;;;;;;;;;;;;;;;;;;;;;;;;;;;;;;;;1;;;;;;;;;;
VOLVO FMX 420;;;;;;;;;;;;;;;;;;;;;;;;;;;;;;;;;;;;;;;;;;;;;1;;;;
VOLVO FMX 540;;;;;;;;;;;;;1;;;;;;;;;;;;;;;;;;;;;;;;;;;;;;;;;;;;
VOLVO V60;;;;;;;;;;;;;;;;;;;;;;;1;;;;;;;;;;;;;;;;;;;;;;;;;;
VOLVO/IRIZAR B310R;;;;1;;;;;;;;;;;;;;;;;;;;;;;;;;;;;;;;;;;;;;;;;;;;;
VOLVO/IRIZAR B450R;;;;1;;;;;;;;;;;;;;;;;;;;;;;;;;;;;;;;;;;;;;;;;;;;;
VORTEQ VTQ-TL3;;;;;;;;1;;;;;;;;;;;;;;;;;;;;;;;;;;;;;;;;;;;;;;;;;
VULCANO AV2;;;;;;;;;;;;;;;;;;;;;;;;;;;;;;;;;;;;1;;;;;;;;;;;;;
VULCANO BITREN D - VBSD;;;;;;;;;;;;;;;;;;;;;;;;;;;;;1;;;;;;;;;;;;;;;;;;;;
VULCANO BITREN T - VBST;;;;;;;;;;;;;;;;;;;;;;;;;;;;;1;;;;;;;;;;;;;;;;;;;;
VULCANO C25;;;;;;;1;;;;;;;;;;;;;;;;;;;;;;;;;;;;;;;;;;;;;;;;;;
WG ACOPLADO DE 2 EJES CON 2 CISTERNAS 1500 LTS LCM;;;;;;;;;;;;;;;;;;;;;;;;;;;;;;;;;;;;;;;;;;;;;;;1;;
WG ACOPLADO PLAYO DE CARGAS GENERALES SIN BARANDA 4TN;;;;;;;;;;;;;;;;;;;;;;;;;;;;;;;;;;;;;1;;;;;;;;;;;;
WHIPPET OTROS;;;;;;;;;;;;;;;;;;;;;;;;;;;;1;;;;;;;;;;;;;;;;;;;;;
WILLYS JEEP;;;;;;;;;;;;;;;;;;;;;;;;;;;;;1;;;;;;;;;;;;;;;;;;;;
XCMG QY100K6C;;;;;;;;;;;;;;;;;;;;;;;;;;;;;;;;;;;;;;;;;;;;;1;;;;
XCMG QY130KH;;;;;;;;;;;;;;;;;;;;;;;;;;;;;;;;;;;;;1;;;;;;;;;;;;
XCMG QY180K5C;;;;;;;;;;;;;;;;;;;;;;;;;;;;;;;;;;;;;;;;;;1;;;;;;;
XCMG QY25K;;;;;;;;;;;;;;;;;;;;;;;;;;;;;;;;;;1;;;;;;;;;;;;;;;
XCMG XCA130L8C;;;;;;;;;;;;;;;;;;;;;;;;;;;;;;;;;;;;;;;;;;;;;;;;1;
XCMG XCA160H;;;;;;;;;;;;;;;;;;;;;;;;;;;;;;;;;;;;;;;;;;;;;1;;;;
XCMG XCA200L8;;;;;;;;;;;;;;;;;;;;;;;;;;;;;;;;;;;;;;;;;;;;1;;;;;
XCMG XCA220H;;;;;;;;;;;;;;;;;;;;;;;;;;;;;;;;;;;;;;;;;1;;;;;;;;
XCMG XCA260L;;;;;;;;;;;;;;;;;;;;;;;;;;;;;;;;;;;;;;;;;;;1;;;;;;
XCMG XCT35;;;;;;;;;;;;;;;;;;;;;;;;;;;;;;;;;;;;;;1;;;;;;;;;;;
XCMG XCT60 M;;;;;;;;;;;;;;;;;1;;;;;;;;;;;;;;;;;;;;;;;;;;;;;;;;
XCMG XCT60L5;;;;1;;;;;;;;;;;;;;;;;;;;;;;;;;;;;;;;;;;;;;;;;;;;;
XCMG XCT90;;;;;;;;;;;;;;;1;;;;;;;;;;;;;;;;;;;;;;;;;;;;;;;;;;
XCMG XCT95L7;;;;;;;;;;;;;;;;;;;;;;;;;;;;;;;1;;;;;;;;;;;;;;;;;;
YUTONG ZKH5065XXYBEV4;;;;;;;;;;;;;;;;;;;;;;;;;;;;;;;;;;;;;;;;;;;;;1;;;;
ZOOMLION ZAT 2500V;;;;;;;;;;;;;;;;;;;;;;;;;;;;;;;;;;;;1;;;;;;;;;;;;;
ZOOMLION ZAT 8000;;;;;;;;;;;;;;;;;;;;;;;1;;;;;;;;;;;;;;;;;;;;;;;;;;
ZOOMLION ZMC60;;;;1;;;;;;;;;;;;;;;;;;;;;;;;;;;;;;;;;;;;;;;;;;;;;
ZOOMLION ZTC 1000 A;;;;;;;;;;;;;;;;;;;;;;;;;1;;;;;;;;;;;;;;;;;;;;;;;;
ZOOMLION ZTC1600H;;;;;;;;;;;;;;;;;;;;1;;;;;;;;;;;;;;;;;;;;;;;;;;;;;
